chefe3;korrak;1;dagruve;1;12;842;83;0;0;86;541;passou
chefe3;korrak;1;docas;12;16;472;38;12;0;277;171;passou
chefe3;korrak;1;shedaklah;16;17;84;0;20;12;186;-1;morreu@84s
chefe3;korrak;2;dagruve;1;12;1017;32;4;0;313;716;passou
chefe3;korrak;2;docas;12;16;695;0;6;0;410;-1;morreu@695s
chefe3;korrak;3;dagruve;1;14;1842;70;0;0;389;1542;passou
chefe3;korrak;3;docas;14;17;542;0;3;3;299;-1;morreu@542s
chefe3;korrak;4;dagruve;1;12;795;58;0;0;241;494;passou
chefe3;korrak;4;docas;12;17;597;42;1;0;325;296;passou
chefe3;korrak;4;shedaklah;17;21;1155;0;5;1;954;-1;morreu@1155s
chefe3;korrak;5;dagruve;1;12;873;49;0;0;158;573;passou
chefe3;korrak;5;docas;12;17;436;19;17;6;258;136;passou
chefe3;korrak;5;shedaklah;17;21;494;0;13;2;376;-1;morreu@494s
chefe3;korrak;6;dagruve;1;14;1243;70;0;0;303;942;passou
chefe3;korrak;6;docas;14;18;503;10;28;9;296;202;passou
chefe3;korrak;6;shedaklah;18;22;1997;0;3;2;936;-1;morreu@1997s
chefe3;korrak;7;dagruve;1;14;1732;64;0;0;315;1431;passou
chefe3;korrak;7;docas;14;17;628;49;1;0;238;328;passou
chefe3;korrak;7;shedaklah;17;20;1322;0;32;6;602;-1;morreu@1322s
chefe3;korrak;8;dagruve;1;11;587;14;4;3;133;286;passou
chefe3;korrak;8;docas;11;18;484;48;1;0;269;183;passou
chefe3;korrak;8;shedaklah;18;24;1334;0;16;1;1038;-1;morreu@1334s
chefe3;korrak;9;dagruve;1;13;1324;48;1;0;211;1023;passou
chefe3;korrak;9;docas;13;17;474;64;0;0;147;174;passou
chefe3;korrak;9;shedaklah;17;20;1322;0;32;15;651;-1;morreu@1322s
chefe3;korrak;10;dagruve;1;16;2169;61;0;0;628;1868;passou
chefe3;korrak;10;docas;16;19;517;65;0;0;171;216;passou
chefe3;korrak;10;shedaklah;19;24;1325;0;56;11;1003;-1;morreu@1325s
chefe3;korrak;11;dagruve;1;12;942;49;0;0;144;641;passou
chefe3;korrak;11;docas;12;14;479;39;13;0;159;178;passou
chefe3;korrak;11;shedaklah;14;25;4982;0;68;22;2828;4441;passou
chefe3;korrak;11;molor;25;30;646;60;0;0;363;75;passou
chefe3;korrak;11;durao;30;34;652;0;27;4;465;51;passou
chefe3;korrak;11;feng_tu;34;35;283;0;53;11;506;-1;morreu@283s
chefe3;korrak;12;dagruve;1;10;457;81;0;0;69;156;passou
chefe3;korrak;12;docas;10;16;449;58;0;0;178;148;passou
chefe3;korrak;12;shedaklah;16;25;734;58;0;0;395;193;passou
chefe3;korrak;12;molor;25;34;1880;0;5;1;2073;-1;morreu@1880s
chefe3;korrak;13;dagruve;1;13;916;44;1;0;193;615;passou
chefe3;korrak;13;docas;13;19;351;54;0;0;220;51;passou
chefe3;korrak;13;shedaklah;19;28;2796;7;57;5;2521;2255;passou
chefe3;korrak;13;molor;28;32;758;0;6;4;753;-1;morreu@758s
chefe3;korrak;14;dagruve;1;10;616;60;0;0;196;315;passou
chefe3;korrak;14;docas;10;15;424;42;3;0;343;123;passou
chefe3;korrak;14;shedaklah;15;21;1662;0;10;1;1287;-1;morreu@1662s
chefe3;korrak;15;dagruve;1;12;559;55;0;0;187;258;passou
chefe3;korrak;15;docas;12;16;497;48;0;0;312;197;passou
chefe3;korrak;15;shedaklah;16;25;2287;0;13;1;1991;-1;morreu@2287s
chefe3;korrak;16;dagruve;1;10;575;79;0;0;55;274;passou
chefe3;korrak;16;docas;10;15;445;53;0;0;278;144;passou
chefe3;korrak;16;shedaklah;15;26;6098;2;122;29;4108;5558;passou
chefe3;korrak;16;molor;26;29;975;0;3;2;448;-1;morreu@975s
chefe3;korrak;17;dagruve;1;13;931;66;0;0;193;630;passou
chefe3;korrak;17;docas;13;18;483;52;0;0;154;182;passou
chefe3;korrak;17;shedaklah;18;23;756;0;7;0;416;-1;morreu@756s
chefe3;korrak;18;dagruve;1;11;376;78;0;0;84;75;passou
chefe3;korrak;18;docas;11;17;347;30;10;0;228;46;passou
chefe3;korrak;18;shedaklah;17;21;609;0;139;37;558;-1;morreu@609s
