chefe3;maelor;1;dagruve;1;13;940;60;0;0;179;639;passou
chefe3;maelor;1;docas;13;19;2103;0;40;5;998;-1;morreu@2103s
chefe3;maelor;2;dagruve;1;13;481;46;1;0;185;181;passou
chefe3;maelor;2;docas;13;18;355;1;32;12;282;54;passou
chefe3;maelor;2;shedaklah;18;21;318;0;25;1;274;-1;morreu@318s
chefe3;maelor;3;dagruve;1;2;49;0;2;1;53;-1;morreu@49s
chefe3;maelor;4;dagruve;1;3;79;0;4;1;64;-1;morreu@79s
chefe3;maelor;5;dagruve;1;12;612;49;1;0;99;311;passou
chefe3;maelor;5;docas;12;16;831;46;2;0;157;530;passou
chefe3;maelor;5;shedaklah;16;18;581;0;6;1;229;-1;morreu@581s
chefe3;maelor;6;dagruve;1;11;574;70;0;0;88;273;passou
chefe3;maelor;6;docas;11;16;362;69;0;0;101;62;passou
chefe3;maelor;6;shedaklah;16;23;677;0;20;1;358;-1;morreu@677s
chefe3;maelor;7;dagruve;1;12;346;74;0;0;101;45;passou
chefe3;maelor;7;docas;12;18;370;55;0;0;150;69;passou
chefe3;maelor;7;shedaklah;18;24;669;3;31;16;342;129;passou
chefe3;maelor;7;molor;24;25;87;0;3;2;97;-1;morreu@87s
chefe3;maelor;8;dagruve;1;11;453;58;0;0;103;152;passou
chefe3;maelor;8;docas;11;16;460;15;48;11;286;160;passou
chefe3;maelor;8;shedaklah;16;21;520;0;28;11;346;-1;morreu@520s
chefe3;maelor;9;dagruve;1;12;581;55;0;0;105;280;passou
chefe3;maelor;9;docas;12;16;373;38;6;0;132;72;passou
chefe3;maelor;9;shedaklah;16;22;776;52;0;0;178;235;passou
chefe3;maelor;9;molor;22;24;190;0;6;1;145;-1;morreu@190s
chefe3;maelor;10;dagruve;1;12;736;54;0;0;119;435;passou
chefe3;maelor;10;docas;12;12;68;0;2;1;71;-1;morreu@68s
chefe3;maelor;11;dagruve;1;10;506;76;0;0;80;205;passou
chefe3;maelor;11;docas;10;11;66;0;1;1;55;-1;morreu@66s
chefe3;maelor;12;dagruve;1;15;1487;69;0;0;279;1186;passou
chefe3;maelor;12;docas;15;18;678;53;0;0;195;377;passou
chefe3;maelor;12;shedaklah;18;23;931;54;0;0;216;390;passou
chefe3;maelor;12;molor;23;28;795;0;4;0;417;224;passou
chefe3;maelor;12;durao;28;28;0;16;44100;44100;0;-1;?
chefe3;maelor;13;dagruve;1;12;676;74;0;0;38;375;passou
chefe3;maelor;13;docas;12;16;832;69;0;0;93;531;passou
chefe3;maelor;13;shedaklah;16;19;971;0;9;0;151;-1;morreu@971s
chefe3;maelor;14;dagruve;1;11;416;48;1;0;88;116;passou
chefe3;maelor;14;docas;11;16;397;30;26;0;257;96;passou
chefe3;maelor;14;shedaklah;16;21;651;0;18;3;375;-1;morreu@651s
chefe3;maelor;15;dagruve;1;12;517;67;0;0;133;216;passou
chefe3;maelor;15;docas;12;17;386;15;10;1;211;85;passou
chefe3;maelor;15;shedaklah;17;22;612;0;10;4;376;-1;morreu@612s
chefe3;maelor;16;dagruve;1;3;61;0;2;1;56;-1;morreu@61s
chefe3;maelor;17;dagruve;1;13;328;71;0;0;94;27;passou
chefe3;maelor;17;docas;13;19;360;49;0;0;197;59;passou
chefe3;maelor;17;shedaklah;19;20;59;0;5;0;81;-1;morreu@59s
chefe3;maelor;18;dagruve;1;4;62;0;3;1;59;-1;morreu@62s
