elites3;korrak;1;dagruve;1;7;374;79;0;0;53;73;passou
elites3;korrak;1;docas;7;13;809;64;0;0;300;508;passou
elites3;korrak;1;shedaklah;13;23;2189;10;22;4;700;1648;passou
elites3;korrak;1;molor;23;29;1809;0;14;1;1079;1238;passou
elites3;korrak;1;durao;29;29;253;0;12;1;213;-1;morreu@253s
elites3;korrak;2;dagruve;1;14;1509;67;0;0;329;1208;passou
elites3;korrak;2;docas;14;17;443;52;0;0;330;143;passou
elites3;korrak;2;shedaklah;17;17;80;0;22;4;179;-1;morreu@80s
elites3;korrak;3;dagruve;1;10;660;74;0;0;95;359;passou
elites3;korrak;3;docas;10;14;485;51;0;0;306;184;passou
elites3;korrak;3;shedaklah;14;15;279;0;1;0;150;-1;morreu@279s
elites3;korrak;4;dagruve;1;13;721;48;0;0;200;420;passou
elites3;korrak;4;docas;13;17;497;81;0;0;170;196;passou
elites3;korrak;4;shedaklah;17;23;1048;0;28;13;909;-1;morreu@1048s
elites3;korrak;5;dagruve;1;10;437;77;0;0;99;136;passou
elites3;korrak;5;docas;10;16;433;50;0;0;164;133;passou
elites3;korrak;5;shedaklah;16;26;3636;51;0;0;1472;3096;passou
elites3;korrak;5;molor;26;32;2088;58;0;0;780;1517;passou
elites3;korrak;5;durao;32;33;433;0;5;1;594;-1;morreu@433s
elites3;korrak;6;dagruve;1;12;348;70;0;0;125;47;passou
elites3;korrak;6;docas;12;18;351;75;0;0;82;50;passou
elites3;korrak;6;shedaklah;18;27;594;64;0;0;190;53;passou
elites3;korrak;6;molor;27;34;772;36;1;0;492;201;passou
elites3;korrak;6;durao;34;35;227;0;3;2;356;-1;morreu@227s
elites3;korrak;7;dagruve;1;11;745;69;0;0;81;444;passou
elites3;korrak;7;docas;11;16;689;67;0;0;135;388;passou
elites3;korrak;7;shedaklah;16;21;1992;0;23;3;591;-1;morreu@1992s
elites3;korrak;8;dagruve;1;12;494;14;4;3;174;193;passou
elites3;korrak;8;docas;12;15;398;62;0;0;190;98;passou
elites3;korrak;8;shedaklah;15;24;1701;20;37;2;614;1161;passou
elites3;korrak;8;molor;24;31;1232;22;4;1;511;661;passou
elites3;korrak;8;durao;31;33;540;0;4;0;546;-1;morreu@540s
elites3;korrak;9;dagruve;1;13;321;48;1;0;157;21;passou
elites3;korrak;9;docas;13;17;396;25;31;0;236;96;passou
elites3;korrak;9;shedaklah;17;17;85;0;5;4;96;-1;morreu@85s
elites3;korrak;10;dagruve;1;13;706;75;0;0;199;405;passou
elites3;korrak;10;docas;13;16;334;63;0;0;108;34;passou
elites3;korrak;10;shedaklah;16;20;1145;0;49;5;556;-1;morreu@1145s
elites3;korrak;11;dagruve;1;9;452;81;0;0;68;152;passou
elites3;korrak;11;docas;9;15;464;44;9;0;200;163;passou
elites3;korrak;11;shedaklah;15;16;48;0;5;4;92;-1;morreu@48s
elites3;korrak;12;dagruve;1;10;351;81;0;0;48;50;passou
elites3;korrak;12;docas;10;16;482;42;7;0;187;181;passou
elites3;korrak;12;shedaklah;16;18;422;0;3;1;276;-1;morreu@422s
elites3;korrak;13;dagruve;1;10;607;44;1;0;191;306;passou
elites3;korrak;13;docas;10;14;683;52;0;0;257;383;passou
elites3;korrak;13;shedaklah;14;18;962;0;43;8;791;-1;morreu@962s
elites3;korrak;14;dagruve;1;12;897;49;1;0;197;596;passou
elites3;korrak;14;docas;12;17;655;49;1;0;327;354;passou
elites3;korrak;14;shedaklah;17;23;668;0;50;12;574;-1;morreu@668s
elites3;korrak;15;dagruve;1;12;634;70;0;0;143;334;passou
elites3;korrak;15;docas;12;15;421;56;0;0;136;120;passou
elites3;korrak;15;shedaklah;15;18;632;0;2;1;333;-1;morreu@632s
elites3;korrak;16;dagruve;1;9;468;88;0;0;60;167;passou
elites3;korrak;16;docas;9;14;460;60;0;0;167;159;passou
elites3;korrak;16;shedaklah;14;15;77;0;2;1;141;-1;morreu@77s
elites3;korrak;17;dagruve;1;12;768;52;0;0;242;467;passou
elites3;korrak;17;docas;12;17;342;13;27;6;233;41;passou
elites3;korrak;17;shedaklah;17;18;163;0;2;0;85;-1;morreu@163s
elites3;korrak;18;dagruve;1;13;924;65;0;0;316;624;passou
elites3;korrak;18;docas;13;15;583;59;0;0;239;282;passou
elites3;korrak;18;shedaklah;15;21;1440;20;25;4;754;899;passou
elites3;korrak;18;molor;21;22;292;0;3;1;373;-1;morreu@292s
