vivo3;korrak;1;dagruve;1;10;570;73;0;0;162;269;passou
vivo3;korrak;1;docas;10;13;481;62;0;0;210;180;passou
vivo3;korrak;1;shedaklah;13;22;3702;25;6;0;2370;3161;passou
vivo3;korrak;1;molor;22;35;3119;33;2;0;3135;2549;?
vivo3;korrak;2;dagruve;1;11;368;79;0;0;66;68;passou
vivo3;korrak;2;docas;11;16;352;68;0;0;141;51;passou
vivo3;korrak;2;shedaklah;16;23;630;42;8;0;460;89;passou
vivo3;korrak;2;molor;23;30;595;52;0;0;546;24;passou
vivo3;korrak;2;durao;30;35;619;47;1;0;165;18;passou
vivo3;korrak;2;feng_tu;35;37;630;54;0;0;585;29;passou
vivo3;korrak;2;shendilavri;37;40;630;0;23;0;601;-1;morreu@630s
vivo3;korrak;3;dagruve;1;10;585;82;0;0;97;284;passou
vivo3;korrak;3;docas;10;15;464;54;0;0;125;163;passou
vivo3;korrak;3;shedaklah;15;18;402;0;7;2;358;-1;morreu@402s
vivo3;korrak;4;dagruve;1;13;1199;41;0;0;294;899;passou
vivo3;korrak;4;docas;13;18;330;27;7;0;218;29;passou
vivo3;korrak;4;shedaklah;18;19;175;0;10;1;171;-1;morreu@175s
vivo3;korrak;5;dagruve;1;12;834;62;0;0;237;533;passou
vivo3;korrak;5;docas;12;14;79;0;11;7;149;-1;morreu@79s
vivo3;korrak;6;dagruve;1;12;629;76;0;0;76;328;passou
vivo3;korrak;6;docas;12;16;357;66;0;0;121;56;passou
vivo3;korrak;6;shedaklah;16;25;1823;19;51;2;1054;1283;passou
vivo3;korrak;6;molor;25;26;107;0;5;0;283;-1;morreu@107s
vivo3;korrak;7;dagruve;1;10;601;85;0;0;113;300;passou
vivo3;korrak;7;docas;10;16;334;30;8;0;254;34;passou
vivo3;korrak;7;shedaklah;16;23;1594;17;11;1;810;1053;passou
vivo3;korrak;7;molor;23;24;123;0;4;1;301;-1;morreu@123s
vivo3;korrak;8;dagruve;1;11;542;57;0;0;106;241;passou
vivo3;korrak;8;docas;11;17;332;39;3;0;152;31;passou
vivo3;korrak;8;shedaklah;17;23;723;9;1;0;468;182;passou
vivo3;korrak;8;molor;23;28;1014;24;1;0;713;443;passou
vivo3;korrak;8;durao;28;30;310;0;26;11;406;-1;morreu@310s
vivo3;korrak;9;dagruve;1;12;327;25;58;0;163;26;passou
vivo3;korrak;9;docas;12;17;327;46;1;0;248;26;passou
vivo3;korrak;9;shedaklah;17;22;711;26;15;0;488;170;passou
vivo3;korrak;9;molor;22;27;982;0;33;2;1280;-1;morreu@982s
vivo3;korrak;10;dagruve;1;12;849;58;0;0;338;549;passou
vivo3;korrak;10;docas;12;17;368;49;0;0;355;67;passou
vivo3;korrak;10;shedaklah;17;26;1060;11;14;4;1116;520;passou
vivo3;korrak;10;molor;26;32;687;0;4;2;788;-1;morreu@687s
vivo3;korrak;11;dagruve;1;9;471;88;0;0;48;171;passou
vivo3;korrak;11;docas;9;16;359;75;0;0;146;58;passou
vivo3;korrak;11;shedaklah;16;23;725;70;0;0;279;184;passou
vivo3;korrak;11;molor;23;26;703;0;0;0;517;-1;morreu@703s
vivo3;korrak;12;dagruve;1;11;347;53;0;0;125;46;passou
vivo3;korrak;12;docas;11;16;377;63;0;0;135;76;passou
vivo3;korrak;12;shedaklah;16;24;556;0;3;1;515;-1;morreu@556s
vivo3;korrak;13;dagruve;1;12;764;35;1;0;231;463;passou
vivo3;korrak;13;docas;12;15;378;36;24;0;154;77;passou
vivo3;korrak;13;shedaklah;15;22;2749;3;140;16;1434;2208;passou
vivo3;korrak;13;molor;22;33;2798;22;71;1;3370;2227;passou
vivo3;korrak;13;durao;33;37;643;63;0;0;255;42;passou
vivo3;korrak;13;feng_tu;37;39;664;39;1;0;446;63;passou
vivo3;korrak;13;shendilavri;39;39;150;0;0;0;120;-1;morreu@150s
vivo3;korrak;14;dagruve;1;12;902;82;0;0;143;601;passou
vivo3;korrak;14;docas;12;14;380;49;0;0;236;79;passou
vivo3;korrak;14;shedaklah;14;17;1218;0;46;6;734;-1;morreu@1218s
vivo3;korrak;15;dagruve;1;7;348;81;0;0;22;47;passou
vivo3;korrak;15;docas;7;15;396;0;60;21;481;95;passou
vivo3;korrak;15;shedaklah;15;22;1028;0;31;2;631;-1;morreu@1028s
vivo3;korrak;16;dagruve;1;12;978;81;0;0;198;678;passou
vivo3;korrak;16;docas;12;15;389;46;1;0;155;88;passou
vivo3;korrak;16;shedaklah;15;21;587;78;0;0;168;46;passou
vivo3;korrak;16;molor;21;27;879;0;4;3;713;-1;morreu@879s
vivo3;korrak;17;dagruve;1;12;1054;66;0;0;263;753;passou
vivo3;korrak;17;docas;12;16;494;14;44;22;213;193;passou
vivo3;korrak;17;shedaklah;16;16;43;0;17;16;73;-1;morreu@43s
vivo3;korrak;18;dagruve;1;13;1087;79;0;0;172;786;passou
vivo3;korrak;18;docas;13;16;387;78;0;0;169;86;passou
vivo3;korrak;18;shedaklah;16;24;4036;6;24;5;2141;3495;passou
vivo3;korrak;18;molor;24;30;2364;31;4;0;1754;1793;passou
vivo3;korrak;18;durao;30;31;394;0;10;1;452;-1;morreu@394s
