vivo3;maelor;1;dagruve;1;13;317;83;0;0;41;16;passou
vivo3;maelor;1;docas;13;18;365;20;21;1;232;64;passou
vivo3;maelor;1;shedaklah;18;18;48;0;1;0;47;-1;morreu@48s
vivo3;maelor;2;dagruve;1;10;332;11;17;2;89;31;passou
vivo3;maelor;2;docas;10;16;319;48;1;0;187;18;passou
vivo3;maelor;2;shedaklah;16;23;580;66;0;0;159;39;passou
vivo3;maelor;2;molor;23;29;660;58;0;0;423;89;passou
vivo3;maelor;2;durao;29;31;326;0;14;1;150;-1;morreu@326s
vivo3;maelor;3;dagruve;1;12;419;68;0;0;105;119;passou
vivo3;maelor;3;docas;12;16;438;0;20;0;310;-1;morreu@438s
vivo3;maelor;4;dagruve;1;11;323;51;0;0;124;23;passou
vivo3;maelor;4;docas;11;17;330;57;0;0;166;30;passou
vivo3;maelor;4;shedaklah;17;24;570;32;11;0;215;29;passou
vivo3;maelor;4;molor;24;29;596;36;8;0;401;26;passou
vivo3;maelor;4;durao;29;32;419;0;5;0;236;-1;morreu@419s
vivo3;maelor;5;dagruve;1;14;835;57;0;0;226;534;passou
vivo3;maelor;5;docas;14;17;413;0;20;6;237;-1;morreu@413s
vivo3;maelor;6;dagruve;1;2;45;0;3;1;55;-1;morreu@45s
vivo3;maelor;7;dagruve;1;11;536;72;0;0;176;236;passou
vivo3;maelor;7;docas;11;14;561;58;0;0;131;260;passou
vivo3;maelor;7;shedaklah;14;20;755;22;3;1;252;214;passou
vivo3;maelor;7;molor;20;29;581;14;20;2;457;10;passou
vivo3;maelor;7;durao;29;33;610;58;0;0;65;9;passou
vivo3;maelor;7;feng_tu;33;34;322;0;5;0;239;-1;morreu@322s
vivo3;maelor;8;dagruve;1;12;555;36;4;0;213;254;passou
vivo3;maelor;8;docas;12;13;78;0;3;2;81;-1;morreu@78s
vivo3;maelor;9;dagruve;1;13;1053;51;0;0;277;753;passou
vivo3;maelor;9;docas;13;14;145;0;3;2;67;-1;morreu@145s
vivo3;maelor;10;dagruve;1;10;481;14;17;4;162;181;passou
vivo3;maelor;10;docas;10;11;82;0;2;2;80;-1;morreu@82s
vivo3;maelor;11;dagruve;1;12;479;43;5;0;100;178;passou
vivo3;maelor;11;docas;12;13;97;0;7;3;90;-1;morreu@97s
vivo3;maelor;12;dagruve;1;12;623;54;0;0;214;322;passou
vivo3;maelor;12;docas;12;12;74;0;3;0;72;-1;morreu@74s
vivo3;maelor;13;dagruve;1;12;535;53;0;0;100;235;passou
vivo3;maelor;13;docas;12;17;463;33;5;0;141;162;passou
vivo3;maelor;13;shedaklah;17;23;1178;0;18;2;480;-1;morreu@1178s
vivo3;maelor;14;dagruve;1;12;633;61;0;0;162;332;passou
vivo3;maelor;14;docas;12;12;70;0;4;2;60;-1;morreu@70s
vivo3;maelor;15;dagruve;1;11;416;63;0;0;99;115;passou
vivo3;maelor;15;docas;11;12;91;0;2;1;60;-1;morreu@91s
vivo3;maelor;16;dagruve;1;10;339;56;0;0;114;38;passou
vivo3;maelor;16;docas;10;16;352;37;9;0;159;51;passou
vivo3;maelor;16;shedaklah;16;17;80;0;2;1;112;-1;morreu@80s
vivo3;maelor;17;dagruve;1;13;336;68;0;0;164;36;passou
vivo3;maelor;17;docas;13;15;203;0;70;30;217;-1;morreu@203s
vivo3;maelor;18;dagruve;1;10;482;72;0;0;100;182;passou
vivo3;maelor;18;docas;10;14;450;1;26;4;264;150;passou
vivo3;maelor;18;shedaklah;14;21;657;19;8;2;348;116;passou
vivo3;maelor;18;molor;21;22;81;0;2;2;158;-1;morreu@81s
