base;maelor;1;dagruve;1;11;595;60;0;0;157;294;passou
base;maelor;1;docas;11;15;516;12;13;0;226;215;passou
base;maelor;1;shedaklah;15;22;655;39;8;0;378;114;passou
base;maelor;1;molor;22;28;688;24;27;0;514;117;passou
base;maelor;1;durao;28;30;288;0;7;5;220;-1;morreu@288s
base;maelor;2;dagruve;1;12;478;46;1;0;194;177;passou
base;maelor;2;docas;12;16;351;8;20;1;243;51;passou
base;maelor;2;shedaklah;16;17;87;0;27;12;130;-1;morreu@87s
base;maelor;3;dagruve;1;2;49;0;2;1;53;-1;morreu@49s
base;maelor;4;dagruve;1;3;79;0;4;1;64;-1;morreu@79s
base;maelor;5;dagruve;1;11;484;49;1;0;88;183;passou
base;maelor;5;docas;11;15;612;0;49;18;433;311;passou
base;maelor;5;shedaklah;15;18;817;0;13;7;248;-1;morreu@817s
base;maelor;6;dagruve;1;10;406;56;0;0;104;105;passou
base;maelor;6;docas;10;16;339;54;0;0;179;38;passou
base;maelor;6;shedaklah;16;23;684;3;18;7;401;143;passou
base;maelor;6;molor;23;24;95;0;2;1;85;-1;morreu@95s
