carapaca3;korrak;1;dagruve;1;10;454;63;0;0;85;153;passou
carapaca3;korrak;1;docas;10;16;443;63;0;0;153;142;passou
carapaca3;korrak;1;shedaklah;16;24;832;27;10;0;639;291;passou
carapaca3;korrak;1;molor;24;37;2122;56;0;0;1388;1551;passou
carapaca3;korrak;1;durao;37;39;675;0;2;0;503;-1;morreu@675s
carapaca3;korrak;2;dagruve;1;9;528;80;0;0;95;227;passou
carapaca3;korrak;2;docas;9;13;432;27;2;0;280;131;passou
carapaca3;korrak;2;shedaklah;13;16;1833;0;24;5;693;-1;morreu@1833s
carapaca3;korrak;3;dagruve;1;12;835;47;1;0;266;535;passou
carapaca3;korrak;3;docas;12;15;522;38;8;0;324;221;passou
carapaca3;korrak;3;shedaklah;15;18;1274;0;73;8;601;-1;morreu@1274s
carapaca3;korrak;4;dagruve;1;11;581;24;20;1;138;280;passou
carapaca3;korrak;4;docas;11;12;117;0;20;5;174;-1;morreu@117s
carapaca3;korrak;5;dagruve;1;10;471;66;0;0;116;171;passou
carapaca3;korrak;5;docas;10;15;390;23;25;0;494;89;passou
carapaca3;korrak;5;shedaklah;15;18;691;0;17;3;512;-1;morreu@691s
carapaca3;korrak;6;dagruve;1;12;1087;66;0;0;358;786;passou
carapaca3;korrak;6;docas;12;12;70;0;4;1;137;-1;morreu@70s
