pressa3;maelor;1;dagruve;1;11;327;68;0;0;117;26;passou
pressa3;maelor;1;docas;11;12;65;0;8;6;119;-1;morreu@65s
pressa3;maelor;2;dagruve;1;13;740;52;0;0;226;439;passou
pressa3;maelor;2;docas;13;17;427;35;7;0;219;127;passou
pressa3;maelor;2;shedaklah;17;20;529;0;28;12;360;-1;morreu@529s
pressa3;maelor;3;dagruve;1;11;419;65;0;0;125;119;passou
pressa3;maelor;3;docas;11;16;502;31;23;0;308;201;passou
pressa3;maelor;3;shedaklah;16;19;573;0;33;3;474;-1;morreu@573s
pressa3;maelor;4;dagruve;1;11;757;38;5;0;221;456;passou
pressa3;maelor;4;docas;11;12;172;0;2;1;68;-1;morreu@172s
pressa3;maelor;5;dagruve;1;13;1096;71;0;0;241;796;passou
pressa3;maelor;5;docas;13;19;1040;44;2;0;397;739;passou
pressa3;maelor;5;shedaklah;19;25;918;0;83;26;794;-1;morreu@918s
pressa3;maelor;6;dagruve;1;3;55;0;3;2;81;-1;morreu@55s
