pressa3;korrak;1;dagruve;1;11;424;52;0;0;146;123;passou
pressa3;korrak;1;docas;11;13;169;0;68;64;158;-1;morreu@169s
pressa3;korrak;2;dagruve;1;12;573;65;0;0;214;272;passou
pressa3;korrak;2;docas;12;13;80;0;15;13;82;-1;morreu@80s
pressa3;korrak;3;dagruve;1;12;342;71;0;0;73;41;passou
pressa3;korrak;3;docas;12;16;385;58;0;0;146;84;passou
pressa3;korrak;3;shedaklah;16;16;61;0;31;6;91;-1;morreu@61s
pressa3;korrak;4;dagruve;1;13;340;23;57;5;177;40;passou
pressa3;korrak;4;docas;13;17;353;43;7;0;289;52;passou
pressa3;korrak;4;shedaklah;17;24;806;43;2;0;670;265;passou
pressa3;korrak;4;molor;24;29;685;58;0;0;408;115;passou
pressa3;korrak;4;durao;29;30;344;0;19;0;648;-1;morreu@344s
pressa3;korrak;5;dagruve;1;13;1313;67;0;0;248;1012;passou
pressa3;korrak;5;docas;13;20;1737;55;0;0;687;1436;passou
pressa3;korrak;5;shedaklah;20;23;1764;0;5;2;918;-1;morreu@1764s
pressa3;korrak;6;dagruve;1;12;319;52;0;0;205;18;passou
pressa3;korrak;6;docas;12;17;339;61;0;0;207;39;passou
pressa3;korrak;6;shedaklah;17;26;1185;14;57;8;734;644;passou
pressa3;korrak;6;molor;26;33;598;0;35;22;373;-1;morreu@598s
