hero,sequence,frames,median_width,median_height,min_height,max_height,height_spread,median_bottom,edge_frames,contract
bromnor,idle,4,172,241,240,242,2,364,0,ok
bromnor,move_n,6,222,241,239,243,4,364,0,ok
bromnor,move_ne,6,213,241,235,243,8,364,0,ok
bromnor,move_e,6,243,245,244,246,2,363,0,ok
bromnor,move_se,6,217,241,238,276,38,364,0,ok
bromnor,move_s,6,211,241,231,242,11,364,0,ok
brook,idle,4,232,259,251,268,17,368,0,ok
brook,move_n,6,197,259,234,277,43,368,0,ok
brook,move_ne,6,245,259,229,269,40,368,0,ok
brook,move_e,6,232,255,240,255,15,368,0,ok
brook,move_se,6,222,259,249,274,25,368,0,ok
brook,move_s,6,167,259,249,259,10,368,0,ok
durvall,idle,4,189,231,226,235,9,376,0,ok
durvall,move_n,6,148,231,213,231,18,376,0,ok
durvall,move_ne,6,174,231,203,248,45,376,0,ok
durvall,move_e,6,240,226,204,235,31,376,0,ok
durvall,move_se,6,221,231,214,233,19,376,0,ok
durvall,move_s,6,180,231,226,241,15,376,0,ok
kayron,idle,4,211,316,316,317,1,376,0,ok
kayron,move_n,6,234,316,307,323,16,376,0,ok
kayron,move_ne,6,214,316,312,318,6,376,0,ok
kayron,move_e,6,227,316,313,324,11,376,0,ok
kayron,move_se,6,243,324,320,328,8,374,0,ok
kayron,move_s,6,217,316,312,317,5,376,0,ok
korrak,idle,4,208,267,264,270,6,350,0,ok
korrak,move_n,6,226,267,261,269,8,350,0,ok
korrak,move_ne,6,238,267,263,280,17,350,0,ok
korrak,move_e,6,250,272,271,274,3,350,0,ok
korrak,move_se,6,250,275,269,279,10,350,0,ok
korrak,move_s,6,238,267,258,274,16,350,0,ok
leoric,idle,4,161,224,223,225,2,368,0,ok
leoric,move_n,6,192,224,218,227,9,368,0,ok
leoric,move_ne,6,227,224,221,228,7,368,0,ok
leoric,move_e,6,228,224,222,228,6,368,0,ok
leoric,move_se,6,230,224,221,226,5,368,0,ok
leoric,move_s,6,194,224,223,226,3,368,0,ok
maelor,idle,4,222,299,298,300,2,364,0,ok
maelor,move_n,6,129,299,288,300,12,364,0,ok
maelor,move_ne,6,142,299,295,301,6,364,0,ok
maelor,move_e,6,145,299,295,305,10,364,0,ok
maelor,move_se,6,162,299,295,300,5,364,0,ok
maelor,move_s,6,241,307,295,313,18,364,2,ok
nyrelia,idle,4,180,352,352,352,0,368,0,ok
nyrelia,move_n,6,224,341,300,352,52,368,0,ok
nyrelia,move_ne,6,178,352,352,352,0,368,0,ok
nyrelia,move_e,6,224,298,284,341,57,368,0,ok
nyrelia,move_se,6,190,351,350,352,2,368,0,ok
nyrelia,move_s,6,185,352,352,352,0,368,0,ok
sylas,idle,4,207,304,302,305,3,376,0,ok
sylas,move_n,6,219,304,299,306,7,376,0,ok
sylas,move_ne,6,250,309,301,313,12,377,0,ok
sylas,move_e,6,241,304,302,308,6,376,0,ok
sylas,move_se,6,221,304,293,304,11,376,0,ok
sylas,move_s,6,221,304,301,307,6,376,0,ok
zynara,idle,4,166,368,368,368,0,376,0,ok
zynara,move_n,6,156,368,368,368,0,376,0,ok
zynara,move_ne,6,189,367,367,368,1,376,0,ok
zynara,move_e,6,226,368,365,368,3,376,0,ok
zynara,move_se,6,207,368,367,368,1,376,0,ok
zynara,move_s,6,152,368,367,368,1,376,0,ok
