CSV;m0;cota_de_malha:5;bromnor;1;dagruve;1;13;1528;27;127;passou
CSV;m0;cota_de_malha:5;bromnor;1;docas;13;17;399;62;143;passou
CSV;m0;cota_de_malha:5;bromnor;1;shedaklah;17;17;70;0;90;morreu
CSV;m0;cota_de_malha:5;bromnor;2;dagruve;1;11;823;77;88;passou
CSV;m0;cota_de_malha:5;bromnor;2;docas;11;14;418;80;82;passou
CSV;m0;cota_de_malha:5;bromnor;2;shedaklah;14;20;1110;0;311;morreu
CSV;m0;cota_de_malha:5;bromnor;3;dagruve;1;11;785;73;82;passou
CSV;m0;cota_de_malha:5;bromnor;3;docas;11;14;461;9;139;passou
CSV;m0;cota_de_malha:5;bromnor;3;shedaklah;14;15;797;0;210;morreu
CSV;m0;cota_de_malha:5;bromnor;4;dagruve;1;12;1082;42;186;passou
CSV;m0;cota_de_malha:5;bromnor;4;docas;12;15;520;59;177;passou
CSV;m0;cota_de_malha:5;bromnor;4;shedaklah;15;17;492;0;127;morreu
CSV;m0;cota_de_malha:5;bromnor;5;dagruve;1;8;328;0;48;morreu
CSV;m0;cota_de_malha:5;bromnor;6;dagruve;1;11;954;70;111;passou
CSV;m0;cota_de_malha:5;bromnor;6;docas;11;12;71;0;69;morreu
CSV;m1;cota_de_malha:5;bromnor;1;dagruve;1;13;2112;32;244;passou
CSV;m1;cota_de_malha:5;bromnor;1;docas;13;14;530;70;102;passou
CSV;m1;cota_de_malha:5;bromnor;1;shedaklah;14;16;1035;0;298;morreu
CSV;m1;cota_de_malha:5;bromnor;2;dagruve;1;11;1203;63;140;passou
CSV;m1;cota_de_malha:5;bromnor;2;docas;11;14;555;75;80;passou
CSV;m1;cota_de_malha:5;bromnor;2;shedaklah;14;16;434;0;174;morreu
CSV;m1;cota_de_malha:5;bromnor;3;dagruve;1;12;939;44;104;passou
CSV;m1;cota_de_malha:5;bromnor;3;docas;12;13;148;0;75;morreu
CSV;m1;cota_de_malha:5;bromnor;4;dagruve;1;6;269;0;56;morreu
CSV;m1;cota_de_malha:5;bromnor;5;dagruve;1;12;1394;51;137;passou
CSV;m1;cota_de_malha:5;bromnor;5;docas;12;13;482;83;97;passou
CSV;m1;cota_de_malha:5;bromnor;5;shedaklah;13;14;37;0;74;morreu
CSV;m1;cota_de_malha:5;bromnor;6;dagruve;1;11;1306;73;120;passou
CSV;m1;cota_de_malha:5;bromnor;6;docas;11;13;696;67;98;passou
CSV;m1;cota_de_malha:5;bromnor;6;shedaklah;13;16;997;0;338;morreu
CSV;m0;cota_de_malha:5;brook;1;dagruve;1;3;55;0;40;morreu
CSV;m0;cota_de_malha:5;brook;2;dagruve;1;12;1531;5;269;passou
CSV;m0;cota_de_malha:5;brook;2;docas;12;15;450;4;358;passou
CSV;m0;cota_de_malha:5;brook;2;shedaklah;15;17;573;0;337;morreu
CSV;m0;cota_de_malha:5;brook;3;dagruve;1;9;1139;0;178;morreu
CSV;m0;cota_de_malha:5;brook;4;dagruve;1;4;212;0;40;morreu
CSV;m0;cota_de_malha:5;brook;5;dagruve;1;2;54;0;40;morreu
CSV;m0;cota_de_malha:5;brook;6;dagruve;1;11;2264;0;339;morreu
CSV;m1;cota_de_malha:5;brook;1;dagruve;1;13;1829;67;251;passou
CSV;m1;cota_de_malha:5;brook;1;docas;13;15;437;0;207;morreu
CSV;m1;cota_de_malha:5;brook;2;dagruve;1;9;894;0;130;morreu
CSV;m1;cota_de_malha:5;brook;3;dagruve;1;12;1131;54;84;passou
CSV;m1;cota_de_malha:5;brook;3;docas;12;17;386;67;156;?
CSV;m1;cota_de_malha:5;brook;4;dagruve;1;9;517;32;61;passou
CSV;m1;cota_de_malha:5;brook;4;docas;9;13;244;0;70;morreu
CSV;m1;cota_de_malha:5;brook;5;dagruve;1;11;666;89;58;passou
CSV;m1;cota_de_malha:5;brook;5;docas;11;15;522;30;179;passou
CSV;m1;cota_de_malha:5;brook;5;shedaklah;15;18;975;0;369;morreu
CSV;m1;cota_de_malha:5;brook;6;dagruve;1;11;1971;22;360;passou
CSV;m1;cota_de_malha:5;brook;6;docas;11;14;438;0;165;morreu
CSV;m0;cota_de_malha:5;durvall;1;dagruve;1;4;82;0;38;morreu
CSV;m0;cota_de_malha:5;durvall;2;dagruve;1;6;337;0;42;morreu
CSV;m0;cota_de_malha:5;durvall;3;dagruve;1;4;282;0;38;morreu
CSV;m0;cota_de_malha:5;durvall;4;dagruve;1;5;221;0;53;morreu
CSV;m0;cota_de_malha:5;durvall;5;dagruve;1;5;251;0;38;morreu
CSV;m0;cota_de_malha:5;durvall;6;dagruve;1;6;285;0;38;morreu
CSV;m1;cota_de_malha:5;durvall;1;dagruve;1;4;60;0;46;morreu
CSV;m1;cota_de_malha:5;durvall;2;dagruve;1;12;1358;23;477;passou
CSV;m1;cota_de_malha:5;durvall;2;docas;12;13;108;0;73;morreu
CSV;m1;cota_de_malha:5;durvall;3;dagruve;1;5;198;0;46;morreu
CSV;m1;cota_de_malha:5;durvall;4;dagruve;1;4;218;0;46;morreu
CSV;m1;cota_de_malha:5;durvall;5;dagruve;1;4;191;0;46;morreu
CSV;m1;cota_de_malha:5;durvall;6;dagruve;1;3;51;0;46;morreu
CSV;m0;cota_de_malha:5;kayron;1;dagruve;1;6;120;0;40;morreu
CSV;m0;cota_de_malha:5;kayron;2;dagruve;1;3;109;0;44;morreu
CSV;m0;cota_de_malha:5;kayron;3;dagruve;1;2;54;0;38;morreu
CSV;m0;cota_de_malha:5;kayron;4;dagruve;1;10;393;23;48;passou
CSV;m0;cota_de_malha:5;kayron;4;docas;10;11;63;0;37;morreu
CSV;m0;cota_de_malha:5;kayron;5;dagruve;1;12;765;37;95;passou
CSV;m0;cota_de_malha:5;kayron;5;docas;12;15;482;52;106;passou
CSV;m0;cota_de_malha:5;kayron;5;shedaklah;15;18;703;34;149;passou
CSV;m0;cota_de_malha:5;kayron;5;molor;18;18;111;0;89;morreu
CSV;m0;cota_de_malha:5;kayron;6;dagruve;1;4;168;0;41;morreu
CSV;m1;cota_de_malha:5;kayron;1;dagruve;1;8;182;0;46;morreu
CSV;m1;cota_de_malha:5;kayron;2;dagruve;1;10;571;63;118;passou
CSV;m1;cota_de_malha:5;kayron;2;docas;10;15;416;26;418;passou
CSV;m1;cota_de_malha:5;kayron;2;shedaklah;15;16;71;0;122;morreu
CSV;m1;cota_de_malha:5;kayron;3;dagruve;1;1;96;0;46;morreu
CSV;m1;cota_de_malha:5;kayron;4;dagruve;1;7;217;0;46;morreu
CSV;m1;cota_de_malha:5;kayron;5;dagruve;1;6;90;0;58;morreu
CSV;m1;cota_de_malha:5;kayron;6;dagruve;1;12;315;40;50;passou
CSV;m1;cota_de_malha:5;kayron;6;docas;12;18;325;61;82;passou
CSV;m1;cota_de_malha:5;kayron;6;shedaklah;18;23;449;0;317;morreu
CSV;m0;cota_de_malha:5;korrak;1;dagruve;1;11;337;69;114;passou
CSV;m0;cota_de_malha:5;korrak;1;docas;11;16;419;47;144;passou
CSV;m0;cota_de_malha:5;korrak;1;shedaklah;16;20;976;0;661;morreu
CSV;m0;cota_de_malha:5;korrak;2;dagruve;1;10;784;58;187;passou
CSV;m0;cota_de_malha:5;korrak;2;docas;10;13;461;0;378;morreu
CSV;m0;cota_de_malha:5;korrak;3;dagruve;1;12;1058;74;187;passou
CSV;m0;cota_de_malha:5;korrak;3;docas;12;15;470;14;284;passou
CSV;m0;cota_de_malha:5;korrak;3;shedaklah;15;15;47;0;94;morreu
CSV;m0;cota_de_malha:5;korrak;4;dagruve;1;11;622;65;164;passou
CSV;m0;cota_de_malha:5;korrak;4;docas;11;16;391;47;272;passou
CSV;m0;cota_de_malha:5;korrak;4;shedaklah;16;22;1766;0;1171;morreu
CSV;m0;cota_de_malha:5;korrak;5;dagruve;1;13;608;55;169;passou
CSV;m0;cota_de_malha:5;korrak;5;docas;13;16;414;37;354;passou
CSV;m0;cota_de_malha:5;korrak;5;shedaklah;16;20;1386;0;835;morreu
CSV;m0;cota_de_malha:5;korrak;6;dagruve;1;10;392;81;45;passou
CSV;m0;cota_de_malha:5;korrak;6;docas;10;14;442;49;192;passou
CSV;m0;cota_de_malha:5;korrak;6;shedaklah;14;20;695;0;455;morreu
CSV;m1;cota_de_malha:5;korrak;1;dagruve;1;13;385;70;152;passou
CSV;m1;cota_de_malha:5;korrak;1;docas;13;17;439;49;356;passou
CSV;m1;cota_de_malha:5;korrak;1;shedaklah;17;17;115;0;147;morreu
CSV;m1;cota_de_malha:5;korrak;2;dagruve;1;12;542;73;96;passou
CSV;m1;cota_de_malha:5;korrak;2;docas;12;15;357;59;75;passou
CSV;m1;cota_de_malha:5;korrak;2;shedaklah;15;25;2364;3;2434;passou
CSV;m1;cota_de_malha:5;korrak;2;molor;25;27;360;0;563;morreu
CSV;m1;cota_de_malha:5;korrak;3;dagruve;1;11;609;81;76;passou
CSV;m1;cota_de_malha:5;korrak;3;docas;11;14;388;33;184;passou
CSV;m1;cota_de_malha:5;korrak;3;shedaklah;14;21;1473;0;1038;morreu
CSV;m1;cota_de_malha:5;korrak;4;dagruve;1;11;352;80;100;passou
CSV;m1;cota_de_malha:5;korrak;4;docas;11;17;360;77;105;passou
CSV;m1;cota_de_malha:5;korrak;4;shedaklah;17;23;592;0;549;morreu
CSV;m1;cota_de_malha:5;korrak;5;dagruve;1;11;797;83;131;passou
CSV;m1;cota_de_malha:5;korrak;5;docas;11;16;355;71;229;passou
CSV;m1;cota_de_malha:5;korrak;5;shedaklah;16;24;2261;28;2893;passou
CSV;m1;cota_de_malha:5;korrak;5;molor;24;26;1090;0;918;morreu
CSV;m1;cota_de_malha:5;korrak;6;dagruve;1;10;449;87;67;passou
CSV;m1;cota_de_malha:5;korrak;6;docas;10;15;391;48;250;passou
CSV;m1;cota_de_malha:5;korrak;6;shedaklah;15;24;1325;57;617;passou
CSV;m1;cota_de_malha:5;korrak;6;molor;24;25;448;0;513;morreu
CSV;m0;cota_de_malha:5;leoric;1;dagruve;1;4;120;0;32;morreu
CSV;m0;cota_de_malha:5;leoric;2;dagruve;1;6;234;0;68;morreu
CSV;m0;cota_de_malha:5;leoric;3;dagruve;1;11;466;49;94;passou
CSV;m0;cota_de_malha:5;leoric;3;docas;11;12;59;0;43;morreu
CSV;m0;cota_de_malha:5;leoric;4;dagruve;1;3;86;0;32;morreu
CSV;m0;cota_de_malha:5;leoric;5;dagruve;1;10;485;57;93;passou
CSV;m0;cota_de_malha:5;leoric;5;docas;10;11;56;0;66;morreu
CSV;m0;cota_de_malha:5;leoric;6;dagruve;1;15;375;8;130;passou
CSV;m0;cota_de_malha:5;leoric;6;docas;15;17;347;0;170;morreu
CSV;m1;cota_de_malha:5;leoric;1;dagruve;1;12;698;5;187;passou
CSV;m1;cota_de_malha:5;leoric;1;docas;12;13;167;0;89;morreu
CSV;m1;cota_de_malha:5;leoric;2;dagruve;1;8;110;0;63;morreu
CSV;m1;cota_de_malha:5;leoric;3;dagruve;1;4;51;0;40;morreu
CSV;m1;cota_de_malha:5;leoric;4;dagruve;1;6;169;0;42;morreu
CSV;m1;cota_de_malha:5;leoric;5;dagruve;1;7;102;0;45;morreu
CSV;m1;cota_de_malha:5;leoric;6;dagruve;1;14;345;47;80;passou
CSV;m1;cota_de_malha:5;leoric;6;docas;14;15;86;0;67;morreu
CSV;m0;cota_de_malha:5;maelor;1;dagruve;1;3;53;0;63;morreu
CSV;m0;cota_de_malha:5;maelor;2;dagruve;1;10;322;79;36;passou
CSV;m0;cota_de_malha:5;maelor;2;docas;10;11;76;0;45;morreu
CSV;m0;cota_de_malha:5;maelor;3;dagruve;1;11;678;62;182;passou
CSV;m0;cota_de_malha:5;maelor;3;docas;11;11;58;0;67;morreu
CSV;m0;cota_de_malha:5;maelor;4;dagruve;1;10;429;18;170;passou
CSV;m0;cota_de_malha:5;maelor;4;docas;10;13;239;0;160;morreu
CSV;m0;cota_de_malha:5;maelor;5;dagruve;1;10;374;36;102;passou
CSV;m0;cota_de_malha:5;maelor;5;docas;10;13;184;0;155;morreu
CSV;m0;cota_de_malha:5;maelor;6;dagruve;1;10;454;56;54;passou
CSV;m0;cota_de_malha:5;maelor;6;docas;10;16;567;55;229;passou
CSV;m0;cota_de_malha:5;maelor;6;shedaklah;16;16;23;0;56;morreu
CSV;m1;cota_de_malha:5;maelor;1;dagruve;1;2;49;0;48;morreu
CSV;m1;cota_de_malha:5;maelor;2;dagruve;1;11;380;70;92;passou
CSV;m1;cota_de_malha:5;maelor;2;docas;11;15;407;0;183;morreu
CSV;m1;cota_de_malha:5;maelor;3;dagruve;1;5;135;0;78;morreu
CSV;m1;cota_de_malha:5;maelor;4;dagruve;1;12;341;55;133;passou
CSV;m1;cota_de_malha:5;maelor;4;docas;12;12;98;0;65;morreu
CSV;m1;cota_de_malha:5;maelor;5;dagruve;1;10;590;61;74;passou
CSV;m1;cota_de_malha:5;maelor;5;docas;10;13;507;0;242;morreu
CSV;m1;cota_de_malha:5;maelor;6;dagruve;1;11;401;8;110;passou
CSV;m1;cota_de_malha:5;maelor;6;docas;11;16;341;36;157;passou
CSV;m1;cota_de_malha:5;maelor;6;shedaklah;16;17;52;0;72;morreu
CSV;m0;cota_de_malha:5;nyrelia;1;dagruve;1;11;455;50;111;passou
CSV;m0;cota_de_malha:5;nyrelia;1;docas;11;11;64;0;58;morreu
CSV;m0;cota_de_malha:5;nyrelia;2;dagruve;1;14;1511;12;365;passou
CSV;m0;cota_de_malha:5;nyrelia;2;docas;14;16;712;13;283;passou
CSV;m0;cota_de_malha:5;nyrelia;2;shedaklah;16;16;230;0;96;morreu
CSV;m0;cota_de_malha:5;nyrelia;3;dagruve;1;11;345;56;51;passou
CSV;m0;cota_de_malha:5;nyrelia;3;docas;11;14;259;0;81;morreu
CSV;m0;cota_de_malha:5;nyrelia;4;dagruve;1;3;169;0;34;morreu
CSV;m0;cota_de_malha:5;nyrelia;5;dagruve;1;6;464;0;98;morreu
CSV;m0;cota_de_malha:5;nyrelia;6;dagruve;1;2;116;0;32;morreu
CSV;m1;cota_de_malha:5;nyrelia;1;dagruve;1;11;944;0;208;morreu
CSV;m1;cota_de_malha:5;nyrelia;2;dagruve;1;11;435;32;88;passou
CSV;m1;cota_de_malha:5;nyrelia;2;docas;11;15;583;45;293;passou
CSV;m1;cota_de_malha:5;nyrelia;2;shedaklah;15;17;462;0;269;morreu
CSV;m1;cota_de_malha:5;nyrelia;3;dagruve;1;1;80;0;40;morreu
CSV;m1;cota_de_malha:5;nyrelia;4;dagruve;1;4;190;0;40;morreu
CSV;m1;cota_de_malha:5;nyrelia;5;dagruve;1;7;632;0;116;morreu
CSV;m1;cota_de_malha:5;nyrelia;6;dagruve;1;10;703;39;124;passou
CSV;m1;cota_de_malha:5;nyrelia;6;docas;10;16;471;17;217;passou
CSV;m1;cota_de_malha:5;nyrelia;6;shedaklah;16;16;50;0;55;morreu
CSV;m0;cota_de_malha:5;sylas;1;dagruve;1;11;337;66;47;passou
CSV;m0;cota_de_malha:5;sylas;1;docas;11;16;545;10;177;passou
CSV;m0;cota_de_malha:5;sylas;1;shedaklah;16;17;192;0;79;morreu
CSV;m0;cota_de_malha:5;sylas;2;dagruve;1;8;271;0;42;morreu
CSV;m0;cota_de_malha:5;sylas;3;dagruve;1;12;349;38;83;passou
CSV;m0;cota_de_malha:5;sylas;3;docas;12;15;521;60;124;passou
CSV;m0;cota_de_malha:5;sylas;3;shedaklah;15;18;636;0;200;morreu
CSV;m0;cota_de_malha:5;sylas;4;dagruve;1;11;421;0;36;morreu
CSV;m0;cota_de_malha:5;sylas;5;dagruve;1;12;402;45;87;passou
CSV;m0;cota_de_malha:5;sylas;5;docas;12;16;349;15;234;passou
CSV;m0;cota_de_malha:5;sylas;5;shedaklah;16;23;966;0;492;morreu
CSV;m0;cota_de_malha:5;sylas;6;dagruve;1;12;511;33;129;passou
CSV;m0;cota_de_malha:5;sylas;6;docas;12;17;329;75;53;passou
CSV;m0;cota_de_malha:5;sylas;6;shedaklah;17;18;265;0;62;morreu
CSV;m1;cota_de_malha:5;sylas;1;dagruve;1;11;352;41;61;passou
CSV;m1;cota_de_malha:5;sylas;1;docas;11;15;320;0;117;morreu
CSV;m1;cota_de_malha:5;sylas;2;dagruve;1;12;308;0;44;morreu
CSV;m1;cota_de_malha:5;sylas;3;dagruve;1;12;330;16;58;passou
CSV;m1;cota_de_malha:5;sylas;3;docas;12;13;100;0;57;morreu
CSV;m1;cota_de_malha:5;sylas;4;dagruve;1;12;522;18;141;passou
CSV;m1;cota_de_malha:5;sylas;4;docas;12;12;84;0;60;morreu
CSV;m1;cota_de_malha:5;sylas;5;dagruve;1;12;478;50;48;passou
CSV;m1;cota_de_malha:5;sylas;5;docas;12;13;79;0;55;morreu
CSV;m1;cota_de_malha:5;sylas;6;dagruve;1;11;314;57;80;passou
CSV;m1;cota_de_malha:5;sylas;6;docas;11;16;473;59;234;passou
CSV;m1;cota_de_malha:5;sylas;6;shedaklah;16;20;556;0;363;morreu
CSV;m0;cota_de_malha:5;zynara;1;dagruve;1;2;57;0;34;morreu
CSV;m0;cota_de_malha:5;zynara;2;dagruve;1;4;242;0;38;morreu
CSV;m0;cota_de_malha:5;zynara;3;dagruve;1;13;1892;12;231;passou
CSV;m0;cota_de_malha:5;zynara;3;docas;13;14;467;0;157;morreu
CSV;m0;cota_de_malha:5;zynara;4;dagruve;1;4;237;0;36;morreu
CSV;m0;cota_de_malha:5;zynara;5;dagruve;1;15;2202;50;461;passou
CSV;m0;cota_de_malha:5;zynara;5;docas;15;18;550;63;238;passou
CSV;m0;cota_de_malha:5;zynara;5;shedaklah;18;18;92;0;102;morreu
CSV;m0;cota_de_malha:5;zynara;6;dagruve;1;12;952;67;107;passou
CSV;m0;cota_de_malha:5;zynara;6;docas;12;14;832;48;187;passou
CSV;m0;cota_de_malha:5;zynara;6;shedaklah;14;15;298;0;72;morreu
CSV;m1;cota_de_malha:5;zynara;1;dagruve;1;12;1401;16;286;passou
CSV;m1;cota_de_malha:5;zynara;1;docas;12;14;452;0;167;morreu
CSV;m1;cota_de_malha:5;zynara;2;dagruve;1;7;245;0;60;morreu
CSV;m1;cota_de_malha:5;zynara;3;dagruve;1;3;98;0;42;morreu
CSV;m1;cota_de_malha:5;zynara;4;dagruve;1;9;417;38;70;passou
CSV;m1;cota_de_malha:5;zynara;4;docas;9;15;511;25;159;passou
CSV;m1;cota_de_malha:5;zynara;4;shedaklah;15;17;413;0;119;morreu
CSV;m1;cota_de_malha:5;zynara;5;dagruve;1;5;207;0;42;morreu
CSV;m1;cota_de_malha:5;zynara;6;dagruve;1;8;288;0;94;morreu
CSV;m0;forca:5;bromnor;1;dagruve;1;12;1199;75;144;passou
CSV;m0;forca:5;bromnor;1;docas;12;13;372;0;57;morreu
CSV;m0;forca:5;bromnor;2;dagruve;1;12;367;81;42;passou
CSV;m0;forca:5;bromnor;2;docas;12;17;370;55;113;passou
CSV;m0;forca:5;bromnor;2;shedaklah;17;18;88;0;74;morreu
CSV;m0;forca:5;bromnor;3;dagruve;1;3;56;0;48;morreu
CSV;m0;forca:5;bromnor;4;dagruve;1;10;436;51;45;passou
CSV;m0;forca:5;bromnor;4;docas;10;15;562;57;115;passou
CSV;m0;forca:5;bromnor;4;shedaklah;15;19;978;0;154;morreu
CSV;m0;forca:5;bromnor;5;dagruve;1;12;1623;66;238;passou
CSV;m0;forca:5;bromnor;5;docas;12;15;522;50;204;passou
CSV;m0;forca:5;bromnor;5;shedaklah;15;17;937;0;360;morreu
CSV;m0;forca:5;bromnor;6;dagruve;1;13;844;70;72;passou
CSV;m0;forca:5;bromnor;6;docas;13;14;384;57;116;passou
CSV;m0;forca:5;bromnor;6;shedaklah;14;15;692;0;222;morreu
CSV;m1;forca:5;bromnor;1;dagruve;1;11;782;45;54;passou
CSV;m1;forca:5;bromnor;1;docas;11;15;337;49;70;passou
CSV;m1;forca:5;bromnor;1;shedaklah;15;15;150;0;59;morreu
CSV;m1;forca:5;bromnor;2;dagruve;1;11;647;86;67;passou
CSV;m1;forca:5;bromnor;2;docas;11;15;380;26;134;passou
CSV;m1;forca:5;bromnor;2;shedaklah;15;18;1383;0;420;morreu
CSV;m1;forca:5;bromnor;3;dagruve;1;12;1280;82;84;passou
CSV;m1;forca:5;bromnor;3;docas;12;15;402;69;85;passou
CSV;m1;forca:5;bromnor;3;shedaklah;15;22;769;0;359;morreu
CSV;m1;forca:5;bromnor;4;dagruve;1;11;872;0;70;morreu
CSV;m1;forca:5;bromnor;5;dagruve;1;11;1555;74;132;passou
CSV;m1;forca:5;bromnor;5;docas;11;14;635;6;286;passou
CSV;m1;forca:5;bromnor;5;shedaklah;14;17;1412;0;488;morreu
CSV;m1;forca:5;bromnor;6;dagruve;1;11;471;73;30;passou
CSV;m1;forca:5;bromnor;6;docas;11;14;772;63;88;passou
CSV;m1;forca:5;bromnor;6;shedaklah;14;16;668;0;165;morreu
CSV;m0;forca:5;brook;1;dagruve;1;2;47;0;40;morreu
CSV;m0;forca:5;brook;2;dagruve;1;9;528;0;64;morreu
CSV;m0;forca:5;brook;3;dagruve;1;2;219;0;40;morreu
CSV;m0;forca:5;brook;4;dagruve;1;2;174;0;42;morreu
CSV;m0;forca:5;brook;5;dagruve;1;2;53;0;40;morreu
CSV;m0;forca:5;brook;6;dagruve;1;8;437;0;46;morreu
CSV;m1;forca:5;brook;1;dagruve;1;9;389;0;54;morreu
CSV;m1;forca:5;brook;2;dagruve;1;12;1441;50;351;passou
CSV;m1;forca:5;brook;2;docas;12;14;140;0;133;morreu
CSV;m1;forca:5;brook;3;dagruve;1;8;1200;0;163;morreu
CSV;m1;forca:5;brook;4;dagruve;1;5;470;0;82;morreu
CSV;m1;forca:5;brook;5;dagruve;1;2;229;0;48;morreu
CSV;m1;forca:5;brook;6;dagruve;1;12;2273;23;499;passou
CSV;m1;forca:5;brook;6;docas;12;17;704;65;162;passou
CSV;m1;forca:5;brook;6;shedaklah;17;17;142;0;93;morreu
CSV;m0;forca:5;durvall;1;dagruve;1;11;1137;26;347;passou
CSV;m0;forca:5;durvall;1;docas;11;12;57;0;56;morreu
CSV;m0;forca:5;durvall;2;dagruve;1;6;257;0;38;morreu
CSV;m0;forca:5;durvall;3;dagruve;1;5;162;0;38;morreu
CSV;m0;forca:5;durvall;4;dagruve;1;4;58;0;38;morreu
CSV;m0;forca:5;durvall;5;dagruve;1;10;1222;40;290;passou
CSV;m0;forca:5;durvall;5;docas;10;11;231;0;143;morreu
CSV;m0;forca:5;durvall;6;dagruve;1;4;124;0;38;morreu
CSV;m1;forca:5;durvall;1;dagruve;1;5;65;0;46;morreu
CSV;m1;forca:5;durvall;2;dagruve;1;8;294;0;46;morreu
CSV;m1;forca:5;durvall;3;dagruve;1;4;54;0;51;morreu
CSV;m1;forca:5;durvall;4;dagruve;1;12;1164;39;537;passou
CSV;m1;forca:5;durvall;4;docas;12;14;683;5;219;passou
CSV;m1;forca:5;durvall;4;shedaklah;14;15;328;0;157;morreu
CSV;m1;forca:5;durvall;5;dagruve;1;8;327;0;66;morreu
CSV;m1;forca:5;durvall;6;dagruve;1;11;613;36;132;passou
CSV;m1;forca:5;durvall;6;docas;11;14;131;0;101;morreu
CSV;m0;forca:5;kayron;1;dagruve;1;8;196;0;44;morreu
CSV;m0;forca:5;kayron;2;dagruve;1;2;51;0;42;morreu
CSV;m0;forca:5;kayron;3;dagruve;1;4;85;0;38;morreu
CSV;m0;forca:5;kayron;4;dagruve;1;11;605;8;131;passou
CSV;m0;forca:5;kayron;4;docas;11;13;247;0;134;morreu
CSV;m0;forca:5;kayron;5;dagruve;1;9;329;48;31;passou
CSV;m0;forca:5;kayron;5;docas;9;10;57;0;61;morreu
CSV;m0;forca:5;kayron;6;dagruve;1;4;168;0;41;morreu
CSV;m1;forca:5;kayron;1;dagruve;1;6;166;0;52;morreu
CSV;m1;forca:5;kayron;2;dagruve;1;9;468;71;90;passou
CSV;m1;forca:5;kayron;2;docas;9;11;92;0;63;morreu
CSV;m1;forca:5;kayron;3;dagruve;1;1;44;0;46;morreu
CSV;m1;forca:5;kayron;4;dagruve;1;11;408;7;54;passou
CSV;m1;forca:5;kayron;4;docas;11;12;136;0;55;morreu
CSV;m1;forca:5;kayron;5;dagruve;1;6;148;0;58;morreu
CSV;m1;forca:5;kayron;6;dagruve;1;12;323;40;59;passou
CSV;m1;forca:5;kayron;6;docas;12;18;317;34;105;passou
CSV;m1;forca:5;kayron;6;shedaklah;18;25;690;13;411;passou
CSV;m1;forca:5;kayron;6;molor;25;25;74;0;94;morreu
CSV;m0;forca:5;korrak;1;dagruve;1;13;1309;32;485;passou
CSV;m0;forca:5;korrak;1;docas;13;16;464;66;178;passou
CSV;m0;forca:5;korrak;1;shedaklah;16;18;459;0;358;morreu
CSV;m0;forca:5;korrak;2;dagruve;1;11;323;74;131;passou
CSV;m0;forca:5;korrak;2;docas;11;16;393;48;340;passou
CSV;m0;forca:5;korrak;2;shedaklah;16;22;775;0;834;morreu
CSV;m0;forca:5;korrak;3;dagruve;1;9;428;62;143;passou
CSV;m0;forca:5;korrak;3;docas;9;15;397;42;309;passou
CSV;m0;forca:5;korrak;3;shedaklah;15;23;1423;5;1404;passou
CSV;m0;forca:5;korrak;3;molor;23;25;1182;0;837;morreu
CSV;m0;forca:5;korrak;4;dagruve;1;13;368;63;135;passou
CSV;m0;forca:5;korrak;4;docas;13;18;340;70;174;passou
CSV;m0;forca:5;korrak;4;shedaklah;18;24;735;28;529;passou
CSV;m0;forca:5;korrak;4;molor;24;29;1163;0;983;morreu
CSV;m0;forca:5;korrak;5;dagruve;1;10;395;65;108;passou
CSV;m0;forca:5;korrak;5;docas;10;13;300;0;202;morreu
CSV;m0;forca:5;korrak;6;dagruve;1;12;741;50;168;passou
CSV;m0;forca:5;korrak;6;docas;12;15;451;53;131;passou
CSV;m0;forca:5;korrak;6;shedaklah;15;21;2117;0;1397;morreu
CSV;m1;forca:5;korrak;1;dagruve;1;10;567;67;102;passou
CSV;m1;forca:5;korrak;1;docas;10;15;333;55;142;passou
CSV;m1;forca:5;korrak;1;shedaklah;15;31;3818;0;3517;passou
CSV;m1;forca:5;korrak;1;molor;31;36;925;46;793;passou
CSV;m1;forca:5;korrak;2;dagruve;1;11;373;73;64;passou
CSV;m1;forca:5;korrak;2;docas;11;15;392;50;201;passou
CSV;m1;forca:5;korrak;2;shedaklah;15;23;1261;50;529;passou
CSV;m1;forca:5;korrak;2;molor;23;30;2114;0;2704;morreu
CSV;m1;forca:5;korrak;3;dagruve;1;12;863;72;180;passou
CSV;m1;forca:5;korrak;3;docas;12;15;502;57;191;passou
CSV;m1;forca:5;korrak;3;shedaklah;15;16;124;0;220;morreu
CSV;m1;forca:5;korrak;4;dagruve;1;10;360;65;97;passou
CSV;m1;forca:5;korrak;4;docas;10;14;452;68;236;passou
CSV;m1;forca:5;korrak;4;shedaklah;14;20;1523;0;1045;morreu
CSV;m1;forca:5;korrak;5;dagruve;1;12;395;83;84;passou
CSV;m1;forca:5;korrak;5;docas;12;17;351;53;212;passou
CSV;m1;forca:5;korrak;5;shedaklah;17;23;1290;0;1128;morreu
CSV;m1;forca:5;korrak;6;dagruve;1;13;339;69;126;passou
CSV;m1;forca:5;korrak;6;docas;13;18;338;59;198;passou
CSV;m1;forca:5;korrak;6;shedaklah;18;23;466;0;650;morreu
CSV;m0;forca:5;leoric;1;dagruve;1;4;154;0;34;morreu
CSV;m0;forca:5;leoric;2;dagruve;1;11;768;40;141;passou
CSV;m0;forca:5;leoric;2;docas;11;17;360;17;175;passou
CSV;m0;forca:5;leoric;2;shedaklah;17;18;172;0;105;morreu
CSV;m0;forca:5;leoric;3;dagruve;1;4;132;0;32;morreu
CSV;m0;forca:5;leoric;4;dagruve;1;3;86;0;34;morreu
CSV;m0;forca:5;leoric;5;dagruve;1;10;498;68;53;passou
CSV;m0;forca:5;leoric;5;docas;10;11;100;0;55;morreu
CSV;m0;forca:5;leoric;6;dagruve;1;14;334;61;72;passou
CSV;m0;forca:5;leoric;6;docas;14;18;436;47;151;passou
CSV;m0;forca:5;leoric;6;shedaklah;18;21;579;0;266;morreu
CSV;m1;forca:5;leoric;1;dagruve;1;4;118;0;40;morreu
CSV;m1;forca:5;leoric;2;dagruve;1;6;89;0;48;morreu
CSV;m1;forca:5;leoric;3;dagruve;1;6;241;0;46;morreu
CSV;m1;forca:5;leoric;4;dagruve;1;6;204;0;42;morreu
CSV;m1;forca:5;leoric;5;dagruve;1;12;913;12;211;passou
CSV;m1;forca:5;leoric;5;docas;12;12;145;0;110;morreu
CSV;m1;forca:5;leoric;6;dagruve;1;15;320;78;58;passou
CSV;m1;forca:5;leoric;6;docas;15;18;453;14;193;passou
CSV;m1;forca:5;leoric;6;shedaklah;18;18;51;0;63;morreu
CSV;m0;forca:5;maelor;1;dagruve;1;2;50;0;54;morreu
CSV;m0;forca:5;maelor;2;dagruve;1;12;442;75;104;passou
CSV;m0;forca:5;maelor;2;docas;12;18;336;31;163;passou
CSV;m0;forca:5;maelor;2;shedaklah;18;18;126;0;138;morreu
CSV;m0;forca:5;maelor;3;dagruve;1;11;543;47;212;passou
CSV;m0;forca:5;maelor;3;docas;11;11;72;0;52;morreu
CSV;m0;forca:5;maelor;4;dagruve;1;12;764;55;152;passou
CSV;m0;forca:5;maelor;4;docas;12;16;760;27;218;passou
CSV;m0;forca:5;maelor;4;shedaklah;16;21;1521;11;722;passou
CSV;m0;forca:5;maelor;4;molor;21;27;838;32;595;passou
CSV;m0;forca:5;maelor;5;dagruve;1;12;854;28;245;passou
CSV;m0;forca:5;maelor;5;docas;12;13;63;0;71;morreu
CSV;m0;forca:5;maelor;6;dagruve;1;11;562;58;145;passou
CSV;m0;forca:5;maelor;6;docas;11;12;83;0;91;morreu
CSV;m1;forca:5;maelor;1;dagruve;1;2;48;0;48;morreu
CSV;m1;forca:5;maelor;2;dagruve;1;12;369;80;57;passou
CSV;m1;forca:5;maelor;2;docas;12;16;392;65;131;passou
CSV;m1;forca:5;maelor;2;shedaklah;16;24;632;10;467;passou
CSV;m1;forca:5;maelor;2;molor;24;24;95;0;194;morreu
CSV;m1;forca:5;maelor;3;dagruve;1;4;93;0;52;morreu
CSV;m1;forca:5;maelor;4;dagruve;1;13;328;63;140;passou
CSV;m1;forca:5;maelor;4;docas;13;18;407;55;226;passou
CSV;m1;forca:5;maelor;4;shedaklah;18;23;560;0;395;morreu
CSV;m1;forca:5;maelor;5;dagruve;1;11;541;61;82;passou
CSV;m1;forca:5;maelor;5;docas;11;14;516;9;335;passou
CSV;m1;forca:5;maelor;5;shedaklah;14;15;25;0;53;morreu
CSV;m1;forca:5;maelor;6;dagruve;1;3;76;0;60;morreu
CSV;m0;forca:5;nyrelia;1;dagruve;1;1;133;0;32;morreu
CSV;m0;forca:5;nyrelia;2;dagruve;1;9;475;21;76;passou
CSV;m0;forca:5;nyrelia;2;docas;9;10;154;0;83;morreu
CSV;m0;forca:5;nyrelia;3;dagruve;1;11;405;56;66;passou
CSV;m0;forca:5;nyrelia;3;docas;11;16;561;0;261;morreu
CSV;m0;forca:5;nyrelia;4;dagruve;1;3;140;0;32;morreu
CSV;m0;forca:5;nyrelia;5;dagruve;1;2;124;0;32;morreu
CSV;m0;forca:5;nyrelia;6;dagruve;1;2;116;0;32;morreu
CSV;m1;forca:5;nyrelia;1;dagruve;1;10;374;2;64;passou
CSV;m1;forca:5;nyrelia;1;docas;10;11;62;0;34;morreu
CSV;m1;forca:5;nyrelia;2;dagruve;1;4;155;0;40;morreu
CSV;m1;forca:5;nyrelia;3;dagruve;1;11;957;30;244;passou
CSV;m1;forca:5;nyrelia;3;docas;11;12;77;0;46;morreu
CSV;m1;forca:5;nyrelia;4;dagruve;1;6;279;0;49;morreu
CSV;m1;forca:5;nyrelia;5;dagruve;1;2;107;0;40;morreu
CSV;m1;forca:5;nyrelia;6;dagruve;1;4;258;0;42;morreu
CSV;m0;forca:5;sylas;1;dagruve;1;6;145;0;36;morreu
CSV;m0;forca:5;sylas;2;dagruve;1;2;60;0;36;morreu
CSV;m0;forca:5;sylas;3;dagruve;1;13;386;5;114;passou
CSV;m0;forca:5;sylas;3;docas;13;14;107;0;73;morreu
CSV;m0;forca:5;sylas;4;dagruve;1;5;108;0;36;morreu
CSV;m0;forca:5;sylas;5;dagruve;1;11;324;19;67;passou
CSV;m0;forca:5;sylas;5;docas;11;16;370;56;108;passou
CSV;m0;forca:5;sylas;5;shedaklah;16;21;466;0;282;morreu
CSV;m0;forca:5;sylas;6;dagruve;1;4;93;0;36;morreu
CSV;m1;forca:5;sylas;1;dagruve;1;11;410;19;105;passou
CSV;m1;forca:5;sylas;1;docas;11;12;124;0;103;morreu
CSV;m1;forca:5;sylas;2;dagruve;1;13;327;63;25;passou
CSV;m1;forca:5;sylas;2;docas;13;15;170;0;45;morreu
CSV;m1;forca:5;sylas;3;dagruve;1;11;349;71;62;passou
CSV;m1;forca:5;sylas;3;docas;11;14;224;0;67;morreu
CSV;m1;forca:5;sylas;4;dagruve;1;12;552;6;122;passou
CSV;m1;forca:5;sylas;4;docas;12;16;413;12;217;passou
CSV;m1;forca:5;sylas;4;shedaklah;16;20;720;0;452;morreu
CSV;m1;forca:5;sylas;5;dagruve;1;9;236;0;54;morreu
CSV;m1;forca:5;sylas;6;dagruve;1;7;96;0;55;morreu
CSV;m0;forca:5;zynara;1;dagruve;1;8;195;0;40;morreu
CSV;m0;forca:5;zynara;2;dagruve;1;8;534;0;68;morreu
CSV;m0;forca:5;zynara;3;dagruve;1;8;504;7;63;passou
CSV;m0;forca:5;zynara;3;docas;8;9;133;0;57;morreu
CSV;m0;forca:5;zynara;4;dagruve;1;13;1534;32;318;passou
CSV;m0;forca:5;zynara;4;docas;13;14;139;0;74;morreu
CSV;m0;forca:5;zynara;5;dagruve;1;10;899;54;171;passou
CSV;m0;forca:5;zynara;5;docas;10;17;358;30;116;passou
CSV;m0;forca:5;zynara;5;shedaklah;17;23;593;0;233;morreu
CSV;m0;forca:5;zynara;6;dagruve;1;11;727;31;107;passou
CSV;m0;forca:5;zynara;6;docas;11;16;507;61;225;passou
CSV;m0;forca:5;zynara;6;shedaklah;16;21;761;0;262;morreu
CSV;m1;forca:5;zynara;1;dagruve;1;4;58;0;42;morreu
CSV;m1;forca:5;zynara;2;dagruve;1;4;168;0;52;morreu
CSV;m1;forca:5;zynara;3;dagruve;1;3;238;0;42;morreu
CSV;m1;forca:5;zynara;4;dagruve;1;11;474;1;93;passou
CSV;m1;forca:5;zynara;4;docas;11;11;73;0;54;morreu
CSV;m1;forca:5;zynara;5;dagruve;1;6;188;0;71;morreu
CSV;m1;forca:5;zynara;6;dagruve;1;12;779;0;208;passou
CSV;m1;forca:5;zynara;6;docas;12;13;224;0;148;morreu
CSV;m0;regeneracao:3;bromnor;1;dagruve;1;12;1255;78;204;passou
CSV;m0;regeneracao:3;bromnor;1;docas;12;15;511;49;178;passou
CSV;m0;regeneracao:3;bromnor;1;shedaklah;15;17;603;0;173;morreu
CSV;m0;regeneracao:3;bromnor;2;dagruve;1;11;897;79;107;passou
CSV;m0;regeneracao:3;bromnor;2;docas;11;12;69;0;115;morreu
CSV;m0;regeneracao:3;bromnor;3;dagruve;1;11;418;87;37;passou
CSV;m0;regeneracao:3;bromnor;3;docas;11;15;398;48;122;passou
CSV;m0;regeneracao:3;bromnor;3;shedaklah;15;16;122;0;85;morreu
CSV;m0;regeneracao:3;bromnor;4;dagruve;1;8;399;56;61;passou
CSV;m0;regeneracao:3;bromnor;4;docas;8;16;365;73;86;passou
CSV;m0;regeneracao:3;bromnor;4;shedaklah;16;20;856;0;416;morreu
CSV;m0;regeneracao:3;bromnor;5;dagruve;1;11;1188;62;174;passou
CSV;m0;regeneracao:3;bromnor;5;docas;11;14;590;25;117;passou
CSV;m0;regeneracao:3;bromnor;5;shedaklah;14;15;720;0;174;morreu
CSV;m0;regeneracao:3;bromnor;6;dagruve;1;9;433;76;57;passou
CSV;m0;regeneracao:3;bromnor;6;docas;9;15;450;44;199;passou
CSV;m0;regeneracao:3;bromnor;6;shedaklah;15;20;511;0;353;morreu
CSV;m1;regeneracao:3;bromnor;1;dagruve;1;11;695;86;68;passou
CSV;m1;regeneracao:3;bromnor;1;docas;11;14;635;85;48;passou
CSV;m1;regeneracao:3;bromnor;1;shedaklah;14;19;1911;0;487;morreu
CSV;m1;regeneracao:3;bromnor;2;dagruve;1;14;1394;81;144;passou
CSV;m1;regeneracao:3;bromnor;2;docas;14;16;396;82;102;passou
CSV;m1;regeneracao:3;bromnor;2;shedaklah;16;21;962;0;448;morreu
CSV;m1;regeneracao:3;bromnor;3;dagruve;1;13;1682;49;411;passou
CSV;m1;regeneracao:3;bromnor;3;docas;13;15;656;3;243;passou
CSV;m1;regeneracao:3;bromnor;3;shedaklah;15;17;1740;0;592;morreu
CSV;m1;regeneracao:3;bromnor;4;dagruve;1;9;471;84;38;passou
CSV;m1;regeneracao:3;bromnor;4;docas;9;14;408;62;128;passou
CSV;m1;regeneracao:3;bromnor;4;shedaklah;14;15;160;0;154;morreu
CSV;m1;regeneracao:3;bromnor;5;dagruve;1;12;1751;69;324;passou
CSV;m1;regeneracao:3;bromnor;5;docas;12;14;705;77;108;passou
CSV;m1;regeneracao:3;bromnor;5;shedaklah;14;15;588;0;364;morreu
CSV;m1;regeneracao:3;bromnor;6;dagruve;1;11;1355;82;143;passou
CSV;m1;regeneracao:3;bromnor;6;docas;11;15;427;39;123;passou
CSV;m1;regeneracao:3;bromnor;6;shedaklah;15;22;2450;0;1064;morreu
CSV;m0;regeneracao:3;brook;1;dagruve;1;13;1016;36;204;passou
CSV;m0;regeneracao:3;brook;1;docas;13;15;622;0;317;passou
CSV;m0;regeneracao:3;brook;1;shedaklah;15;17;550;0;227;morreu
CSV;m0;regeneracao:3;brook;2;dagruve;1;11;1772;62;294;passou
CSV;m0;regeneracao:3;brook;2;docas;11;12;537;69;94;passou
CSV;m0;regeneracao:3;brook;2;shedaklah;12;12;572;0;140;morreu
CSV;m0;regeneracao:3;brook;3;dagruve;1;12;3833;0;1113;morreu
CSV;m0;regeneracao:3;brook;4;dagruve;1;12;1391;40;292;passou
CSV;m0;regeneracao:3;brook;4;docas;12;16;485;57;123;passou
CSV;m0;regeneracao:3;brook;4;shedaklah;16;19;689;0;363;morreu
CSV;m0;regeneracao:3;brook;5;dagruve;1;10;465;31;87;passou
CSV;m0;regeneracao:3;brook;5;docas;10;13;486;52;116;passou
CSV;m0;regeneracao:3;brook;5;shedaklah;13;16;723;0;372;morreu
CSV;m0;regeneracao:3;brook;6;dagruve;1;10;1820;0;312;morreu
CSV;m1;regeneracao:3;brook;1;dagruve;1;13;1363;65;225;passou
CSV;m1;regeneracao:3;brook;1;docas;13;16;674;30;274;?
CSV;m1;regeneracao:3;brook;2;dagruve;1;12;1726;44;286;passou
CSV;m1;regeneracao:3;brook;2;docas;12;14;165;0;108;morreu
CSV;m1;regeneracao:3;brook;3;dagruve;1;11;1738;6;711;passou
CSV;m1;regeneracao:3;brook;3;docas;11;15;886;59;153;passou
CSV;m1;regeneracao:3;brook;3;shedaklah;15;15;334;0;128;morreu
CSV;m1;regeneracao:3;brook;4;dagruve;1;12;1111;75;120;passou
CSV;m1;regeneracao:3;brook;4;docas;12;15;601;15;195;passou
CSV;m1;regeneracao:3;brook;4;shedaklah;15;19;2324;0;734;morreu
CSV;m1;regeneracao:3;brook;5;dagruve;1;11;1456;1;375;passou
CSV;m1;regeneracao:3;brook;5;docas;11;12;79;0;76;morreu
CSV;m1;regeneracao:3;brook;6;dagruve;1;12;1936;55;361;passou
CSV;m1;regeneracao:3;brook;6;docas;12;14;499;0;253;morreu
CSV;m0;regeneracao:3;durvall;1;dagruve;1;10;1221;50;379;passou
CSV;m0;regeneracao:3;durvall;1;docas;10;12;629;24;405;passou
CSV;m0;regeneracao:3;durvall;1;shedaklah;12;12;411;0;182;morreu
CSV;m0;regeneracao:3;durvall;2;dagruve;1;12;2007;10;812;passou
CSV;m0;regeneracao:3;durvall;2;docas;12;14;430;0;290;morreu
CSV;m0;regeneracao:3;durvall;3;dagruve;1;12;2993;40;887;passou
CSV;m0;regeneracao:3;durvall;3;docas;12;12;58;0;72;morreu
CSV;m0;regeneracao:3;durvall;4;dagruve;1;9;1077;0;415;morreu
CSV;m0;regeneracao:3;durvall;5;dagruve;1;9;1257;0;561;morreu
CSV;m0;regeneracao:3;durvall;6;dagruve;1;8;995;0;515;morreu
CSV;m1;regeneracao:3;durvall;1;dagruve;1;13;2258;24;1029;passou
CSV;m1;regeneracao:3;durvall;1;docas;13;13;55;0;101;morreu
CSV;m1;regeneracao:3;durvall;2;dagruve;1;12;1806;16;778;passou
CSV;m1;regeneracao:3;durvall;2;docas;12;14;372;22;212;passou
CSV;m1;regeneracao:3;durvall;2;shedaklah;14;15;121;0;87;morreu
CSV;m1;regeneracao:3;durvall;3;dagruve;1;12;469;6;157;passou
CSV;m1;regeneracao:3;durvall;3;docas;12;13;146;0;78;morreu
CSV;m1;regeneracao:3;durvall;4;dagruve;1;12;2749;8;1262;passou
CSV;m1;regeneracao:3;durvall;4;docas;12;12;63;0;63;morreu
CSV;m1;regeneracao:3;durvall;5;dagruve;1;12;1202;44;519;passou
CSV;m1;regeneracao:3;durvall;5;docas;12;13;55;0;74;morreu
CSV;m1;regeneracao:3;durvall;6;dagruve;1;12;1713;50;494;passou
CSV;m1;regeneracao:3;durvall;6;docas;12;15;559;0;431;morreu
CSV;m0;regeneracao:3;kayron;1;dagruve;1;9;330;45;108;passou
CSV;m0;regeneracao:3;kayron;1;docas;9;16;379;6;238;passou
CSV;m0;regeneracao:3;kayron;1;shedaklah;16;23;854;0;603;morreu
CSV;m0;regeneracao:3;kayron;2;dagruve;1;10;344;16;107;passou
CSV;m0;regeneracao:3;kayron;2;docas;10;16;379;33;183;passou
CSV;m0;regeneracao:3;kayron;2;shedaklah;16;16;74;0;78;morreu
CSV;m0;regeneracao:3;kayron;3;dagruve;1;9;474;51;111;passou
CSV;m0;regeneracao:3;kayron;3;docas;9;17;348;36;195;passou
CSV;m0;regeneracao:3;kayron;3;shedaklah;17;18;137;0;137;morreu
CSV;m0;regeneracao:3;kayron;4;dagruve;1;10;323;70;50;passou
CSV;m0;regeneracao:3;kayron;4;docas;10;16;387;42;246;passou
CSV;m0;regeneracao:3;kayron;4;shedaklah;16;21;546;0;323;morreu
CSV;m0;regeneracao:3;kayron;5;dagruve;1;10;363;23;123;passou
CSV;m0;regeneracao:3;kayron;5;docas;10;12;87;0;124;morreu
CSV;m0;regeneracao:3;kayron;6;dagruve;1;11;470;76;109;passou
CSV;m0;regeneracao:3;kayron;6;docas;11;15;397;53;182;passou
CSV;m0;regeneracao:3;kayron;6;shedaklah;15;15;48;0;97;morreu
CSV;m1;regeneracao:3;kayron;1;dagruve;1;12;646;63;158;passou
CSV;m1;regeneracao:3;kayron;1;docas;12;17;550;56;231;passou
CSV;m1;regeneracao:3;kayron;1;shedaklah;17;17;60;0;72;morreu
CSV;m1;regeneracao:3;kayron;2;dagruve;1;9;421;80;90;passou
CSV;m1;regeneracao:3;kayron;2;docas;9;15;401;32;374;passou
CSV;m1;regeneracao:3;kayron;2;shedaklah;15;15;47;0;80;morreu
CSV;m1;regeneracao:3;kayron;3;dagruve;1;3;51;0;71;morreu
CSV;m1;regeneracao:3;kayron;4;dagruve;1;12;328;25;125;passou
CSV;m1;regeneracao:3;kayron;4;docas;12;18;324;50;238;passou
CSV;m1;regeneracao:3;kayron;4;shedaklah;18;20;173;0;225;morreu
CSV;m1;regeneracao:3;kayron;5;dagruve;1;13;322;36;161;passou
CSV;m1;regeneracao:3;kayron;5;docas;13;18;377;40;383;passou
CSV;m1;regeneracao:3;kayron;5;shedaklah;18;23;510;0;544;morreu
CSV;m1;regeneracao:3;kayron;6;dagruve;1;12;341;63;79;passou
CSV;m1;regeneracao:3;kayron;6;docas;12;17;351;18;272;passou
CSV;m1;regeneracao:3;kayron;6;shedaklah;17;24;610;50;257;passou
CSV;m1;regeneracao:3;kayron;6;molor;24;30;595;31;628;passou
CSV;m0;regeneracao:3;korrak;1;dagruve;1;12;855;60;335;passou
CSV;m0;regeneracao:3;korrak;1;docas;12;14;496;63;124;passou
CSV;m0;regeneracao:3;korrak;1;shedaklah;14;18;1756;0;932;morreu
CSV;m0;regeneracao:3;korrak;2;dagruve;1;11;729;86;141;passou
CSV;m0;regeneracao:3;korrak;2;docas;11;16;341;53;337;passou
CSV;m0;regeneracao:3;korrak;2;shedaklah;16;19;941;0;759;morreu
CSV;m0;regeneracao:3;korrak;3;dagruve;1;9;490;76;107;passou
CSV;m0;regeneracao:3;korrak;3;docas;9;15;387;57;348;passou
CSV;m0;regeneracao:3;korrak;3;shedaklah;15;20;492;0;653;morreu
CSV;m0;regeneracao:3;korrak;4;dagruve;1;9;396;66;99;passou
CSV;m0;regeneracao:3;korrak;4;docas;9;13;177;0;280;morreu
CSV;m0;regeneracao:3;korrak;5;dagruve;1;13;661;66;152;passou
CSV;m0;regeneracao:3;korrak;5;docas;13;17;395;62;117;passou
CSV;m0;regeneracao:3;korrak;5;shedaklah;17;24;1765;0;1423;morreu
CSV;m0;regeneracao:3;korrak;6;dagruve;1;10;451;60;173;passou
CSV;m0;regeneracao:3;korrak;6;docas;10;15;458;26;380;passou
CSV;m0;regeneracao:3;korrak;6;shedaklah;15;17;1184;0;891;morreu
CSV;m1;regeneracao:3;korrak;1;dagruve;1;12;713;52;208;passou
CSV;m1;regeneracao:3;korrak;1;docas;12;15;357;60;129;passou
CSV;m1;regeneracao:3;korrak;1;shedaklah;15;21;951;0;914;morreu
CSV;m1;regeneracao:3;korrak;2;dagruve;1;12;326;71;113;passou
CSV;m1;regeneracao:3;korrak;2;docas;12;17;330;70;107;passou
CSV;m1;regeneracao:3;korrak;2;shedaklah;17;23;893;39;942;passou
CSV;m1;regeneracao:3;korrak;2;molor;23;32;1834;0;1895;passou
CSV;m1;regeneracao:3;korrak;3;dagruve;1;11;357;65;106;passou
CSV;m1;regeneracao:3;korrak;3;docas;11;15;396;67;176;passou
CSV;m1;regeneracao:3;korrak;3;shedaklah;15;24;1612;0;1693;morreu
CSV;m1;regeneracao:3;korrak;4;dagruve;1;11;398;84;82;passou
CSV;m1;regeneracao:3;korrak;4;docas;11;16;352;65;208;passou
CSV;m1;regeneracao:3;korrak;4;shedaklah;16;23;1473;40;759;passou
CSV;m1;regeneracao:3;korrak;4;molor;23;24;111;0;184;morreu
CSV;m1;regeneracao:3;korrak;5;dagruve;1;12;805;70;253;passou
CSV;m1;regeneracao:3;korrak;5;docas;12;15;399;29;267;passou
CSV;m1;regeneracao:3;korrak;5;shedaklah;15;21;2048;13;1733;passou
CSV;m1;regeneracao:3;korrak;5;molor;21;22;176;0;261;morreu
CSV;m1;regeneracao:3;korrak;6;dagruve;1;11;718;83;124;passou
CSV;m1;regeneracao:3;korrak;6;docas;11;14;529;51;222;passou
CSV;m1;regeneracao:3;korrak;6;shedaklah;14;17;1284;0;691;morreu
CSV;m0;regeneracao:3;leoric;1;dagruve;1;13;1037;44;217;passou
CSV;m0;regeneracao:3;leoric;1;docas;13;13;68;0;49;morreu
CSV;m0;regeneracao:3;leoric;2;dagruve;1;12;827;46;242;passou
CSV;m0;regeneracao:3;leoric;2;docas;12;16;595;8;221;passou
CSV;m0;regeneracao:3;leoric;2;shedaklah;16;20;1068;0;481;morreu
CSV;m0;regeneracao:3;leoric;3;dagruve;1;12;970;39;183;passou
CSV;m0;regeneracao:3;leoric;3;docas;12;17;438;50;143;passou
CSV;m0;regeneracao:3;leoric;3;shedaklah;17;19;353;0;186;morreu
CSV;m0;regeneracao:3;leoric;4;dagruve;1;11;578;10;157;passou
CSV;m0;regeneracao:3;leoric;4;docas;11;14;516;45;161;passou
CSV;m0;regeneracao:3;leoric;4;shedaklah;14;14;75;0;72;morreu
CSV;m0;regeneracao:3;leoric;5;dagruve;1;11;552;49;109;passou
CSV;m0;regeneracao:3;leoric;5;docas;11;12;130;0;150;morreu
CSV;m0;regeneracao:3;leoric;6;dagruve;1;14;342;60;103;passou
CSV;m0;regeneracao:3;leoric;6;docas;14;15;95;0;105;morreu
CSV;m1;regeneracao:3;leoric;1;dagruve;1;3;43;0;51;morreu
CSV;m1;regeneracao:3;leoric;2;dagruve;1;10;557;73;120;passou
CSV;m1;regeneracao:3;leoric;2;docas;10;11;69;0;107;morreu
CSV;m1;regeneracao:3;leoric;3;dagruve;1;12;350;60;153;passou
CSV;m1;regeneracao:3;leoric;3;docas;12;17;352;62;121;passou
CSV;m1;regeneracao:3;leoric;3;shedaklah;17;24;760;22;546;passou
CSV;m1;regeneracao:3;leoric;3;molor;24;27;459;0;539;morreu
CSV;m1;regeneracao:3;leoric;4;dagruve;1;11;505;63;96;passou
CSV;m1;regeneracao:3;leoric;4;docas;11;12;60;0;64;morreu
CSV;m1;regeneracao:3;leoric;5;dagruve;1;12;883;51;219;passou
CSV;m1;regeneracao:3;leoric;5;docas;12;15;605;0;418;morreu
CSV;m1;regeneracao:3;leoric;6;dagruve;1;12;332;58;79;passou
CSV;m1;regeneracao:3;leoric;6;docas;12;17;362;43;210;passou
CSV;m1;regeneracao:3;leoric;6;shedaklah;17;18;188;0;265;morreu
CSV;m0;regeneracao:3;maelor;1;dagruve;1;2;50;0;60;morreu
CSV;m0;regeneracao:3;maelor;2;dagruve;1;12;522;42;169;passou
CSV;m0;regeneracao:3;maelor;2;docas;12;15;513;38;165;passou
CSV;m0;regeneracao:3;maelor;2;shedaklah;15;15;31;0;45;morreu
CSV;m0;regeneracao:3;maelor;3;dagruve;1;12;617;61;226;passou
CSV;m0;regeneracao:3;maelor;3;docas;12;16;562;35;274;passou
CSV;m0;regeneracao:3;maelor;3;shedaklah;16;16;54;0;56;morreu
CSV;m0;regeneracao:3;maelor;4;dagruve;1;2;66;0;77;morreu
CSV;m0;regeneracao:3;maelor;5;dagruve;1;11;448;46;101;passou
CSV;m0;regeneracao:3;maelor;5;docas;11;16;395;38;247;passou
CSV;m0;regeneracao:3;maelor;5;shedaklah;16;22;637;54;362;passou
CSV;m0;regeneracao:3;maelor;5;molor;22;24;322;0;282;morreu
CSV;m0;regeneracao:3;maelor;6;dagruve;1;13;1203;0;451;morreu
CSV;m1;regeneracao:3;maelor;1;dagruve;1;2;50;0;57;morreu
CSV;m1;regeneracao:3;maelor;2;dagruve;1;11;340;83;58;passou
CSV;m1;regeneracao:3;maelor;2;docas;11;12;84;0;92;morreu
CSV;m1;regeneracao:3;maelor;3;dagruve;1;11;551;75;114;passou
CSV;m1;regeneracao:3;maelor;3;docas;11;14;395;62;169;passou
CSV;m1;regeneracao:3;maelor;3;shedaklah;14;18;288;0;244;morreu
CSV;m1;regeneracao:3;maelor;4;dagruve;1;11;473;71;111;passou
CSV;m1;regeneracao:3;maelor;4;docas;11;15;460;47;262;passou
CSV;m1;regeneracao:3;maelor;4;shedaklah;15;17;482;0;235;morreu
CSV;m1;regeneracao:3;maelor;5;dagruve;1;9;425;62;64;passou
CSV;m1;regeneracao:3;maelor;5;docas;9;13;318;0;143;morreu
CSV;m1;regeneracao:3;maelor;6;dagruve;1;11;401;11;136;passou
CSV;m1;regeneracao:3;maelor;6;docas;11;11;76;0;100;morreu
CSV;m0;regeneracao:3;nyrelia;1;dagruve;1;10;1500;0;500;morreu
CSV;m0;regeneracao:3;nyrelia;2;dagruve;1;14;2093;0;708;morreu
CSV;m0;regeneracao:3;nyrelia;3;dagruve;1;11;456;62;95;passou
CSV;m0;regeneracao:3;nyrelia;3;docas;11;11;103;0;93;morreu
CSV;m0;regeneracao:3;nyrelia;4;dagruve;1;10;1410;0;495;morreu
CSV;m0;regeneracao:3;nyrelia;5;dagruve;1;7;812;0;309;morreu
CSV;m0;regeneracao:3;nyrelia;6;dagruve;1;12;2381;0;1149;morreu
CSV;m1;regeneracao:3;nyrelia;1;dagruve;1;11;1249;0;448;morreu
CSV;m1;regeneracao:3;nyrelia;2;dagruve;1;14;1666;10;512;passou
CSV;m1;regeneracao:3;nyrelia;2;docas;14;16;342;0;128;morreu
CSV;m1;regeneracao:3;nyrelia;3;dagruve;1;11;1091;45;350;passou
CSV;m1;regeneracao:3;nyrelia;3;docas;11;13;845;0;422;morreu
CSV;m1;regeneracao:3;nyrelia;4;dagruve;1;9;751;0;265;morreu
CSV;m1;regeneracao:3;nyrelia;5;dagruve;1;11;1035;36;404;passou
CSV;m1;regeneracao:3;nyrelia;5;docas;11;15;665;8;386;passou
CSV;m1;regeneracao:3;nyrelia;5;shedaklah;15;17;272;0;231;morreu
CSV;m1;regeneracao:3;nyrelia;6;dagruve;1;7;698;0;238;morreu
CSV;m0;regeneracao:3;sylas;1;dagruve;1;12;338;64;100;passou
CSV;m0;regeneracao:3;sylas;1;docas;12;15;328;0;124;morreu
CSV;m0;regeneracao:3;sylas;2;dagruve;1;13;673;3;195;passou
CSV;m0;regeneracao:3;sylas;2;docas;13;18;330;63;74;passou
CSV;m0;regeneracao:3;sylas;2;shedaklah;18;23;986;18;283;passou
CSV;m0;regeneracao:3;sylas;2;molor;23;23;56;0;85;morreu
CSV;m0;regeneracao:3;sylas;3;dagruve;1;13;544;6;165;passou
CSV;m0;regeneracao:3;sylas;3;docas;13;17;336;7;188;passou
CSV;m0;regeneracao:3;sylas;3;shedaklah;17;19;245;0;274;morreu
CSV;m0;regeneracao:3;sylas;4;dagruve;1;12;469;39;54;passou
CSV;m0;regeneracao:3;sylas;4;docas;12;15;388;61;186;passou
CSV;m0;regeneracao:3;sylas;4;shedaklah;15;22;1595;51;580;passou
CSV;m0;regeneracao:3;sylas;4;molor;22;23;165;0;183;morreu
CSV;m0;regeneracao:3;sylas;5;dagruve;1;11;429;40;84;passou
CSV;m0;regeneracao:3;sylas;5;docas;11;14;557;32;166;passou
CSV;m0;regeneracao:3;sylas;5;shedaklah;14;17;600;0;227;morreu
CSV;m0;regeneracao:3;sylas;6;dagruve;1;12;576;49;71;passou
CSV;m0;regeneracao:3;sylas;6;docas;12;15;536;51;228;passou
CSV;m0;regeneracao:3;sylas;6;shedaklah;15;17;564;0;243;morreu
CSV;m1;regeneracao:3;sylas;1;dagruve;1;12;397;39;167;passou
CSV;m1;regeneracao:3;sylas;1;docas;12;15;494;73;193;passou
CSV;m1;regeneracao:3;sylas;1;shedaklah;15;16;276;0;126;morreu
CSV;m1;regeneracao:3;sylas;2;dagruve;1;14;329;73;86;passou
CSV;m1;regeneracao:3;sylas;2;docas;14;19;333;77;68;passou
CSV;m1;regeneracao:3;sylas;2;shedaklah;19;25;572;23;365;passou
CSV;m1;regeneracao:3;sylas;2;molor;25;30;606;7;525;passou
CSV;m1;regeneracao:3;sylas;3;dagruve;1;12;317;65;158;passou
CSV;m1;regeneracao:3;sylas;3;docas;12;15;168;0;179;morreu
CSV;m1;regeneracao:3;sylas;4;dagruve;1;13;343;63;108;passou
CSV;m1;regeneracao:3;sylas;4;docas;13;16;422;71;116;passou
CSV;m1;regeneracao:3;sylas;4;shedaklah;16;17;227;0;140;morreu
CSV;m1;regeneracao:3;sylas;5;dagruve;1;12;469;70;87;passou
CSV;m1;regeneracao:3;sylas;5;docas;12;15;535;5;205;passou
CSV;m1;regeneracao:3;sylas;5;shedaklah;15;15;62;0;84;morreu
CSV;m1;regeneracao:3;sylas;6;dagruve;1;13;325;62;119;passou
CSV;m1;regeneracao:3;sylas;6;docas;13;17;327;10;164;passou
CSV;m1;regeneracao:3;sylas;6;shedaklah;17;21;573;0;284;morreu
CSV;m0;regeneracao:3;zynara;1;dagruve;1;2;57;0;39;morreu
CSV;m0;regeneracao:3;zynara;2;dagruve;1;11;855;73;104;passou
CSV;m0;regeneracao:3;zynara;2;docas;11;15;618;45;92;passou
CSV;m0;regeneracao:3;zynara;2;shedaklah;15;18;698;0;250;morreu
CSV;m0;regeneracao:3;zynara;3;dagruve;1;12;1249;41;249;passou
CSV;m0;regeneracao:3;zynara;3;docas;12;14;502;0;133;morreu
CSV;m0;regeneracao:3;zynara;4;dagruve;1;11;889;51;160;passou
CSV;m0;regeneracao:3;zynara;4;docas;11;15;795;31;169;passou
CSV;m0;regeneracao:3;zynara;4;shedaklah;15;15;310;0;157;morreu
CSV;m0;regeneracao:3;zynara;5;dagruve;1;11;607;64;119;passou
CSV;m0;regeneracao:3;zynara;5;docas;11;13;791;25;326;passou
CSV;m0;regeneracao:3;zynara;5;shedaklah;13;13;388;0;227;morreu
CSV;m0;regeneracao:3;zynara;6;dagruve;1;4;66;0;59;morreu
CSV;m1;regeneracao:3;zynara;1;dagruve;1;12;921;76;212;passou
CSV;m1;regeneracao:3;zynara;1;docas;12;15;513;19;280;passou
CSV;m1;regeneracao:3;zynara;1;shedaklah;15;16;200;0;202;morreu
CSV;m1;regeneracao:3;zynara;2;dagruve;1;11;337;60;94;passou
CSV;m1;regeneracao:3;zynara;2;docas;11;15;626;5;219;passou
CSV;m1;regeneracao:3;zynara;2;shedaklah;15;15;73;0;65;morreu
CSV;m1;regeneracao:3;zynara;3;dagruve;1;10;632;44;156;passou
CSV;m1;regeneracao:3;zynara;3;docas;10;12;201;0;141;morreu
CSV;m1;regeneracao:3;zynara;4;dagruve;1;10;476;77;75;passou
CSV;m1;regeneracao:3;zynara;4;docas;10;17;373;80;72;passou
CSV;m1;regeneracao:3;zynara;4;shedaklah;17;17;60;0;75;morreu
CSV;m1;regeneracao:3;zynara;5;dagruve;1;2;57;0;46;morreu
CSV;m1;regeneracao:3;zynara;6;dagruve;1;12;779;69;211;passou
CSV;m1;regeneracao:3;zynara;6;docas;12;17;427;53;251;passou
CSV;m1;regeneracao:3;zynara;6;shedaklah;17;18;271;0;145;morreu
CSV;m0;regeneracao:5;bromnor;1;dagruve;1;14;1508;76;193;passou
CSV;m0;regeneracao:5;bromnor;1;docas;14;16;625;58;125;passou
CSV;m0;regeneracao:5;bromnor;1;shedaklah;16;18;744;0;288;morreu
CSV;m0;regeneracao:5;bromnor;2;dagruve;1;13;1692;58;396;passou
CSV;m0;regeneracao:5;bromnor;2;docas;13;15;389;57;163;passou
CSV;m0;regeneracao:5;bromnor;2;shedaklah;15;18;1293;0;377;morreu
CSV;m0;regeneracao:5;bromnor;3;dagruve;1;12;954;77;106;passou
CSV;m0;regeneracao:5;bromnor;3;docas;12;15;612;71;114;passou
CSV;m0;regeneracao:5;bromnor;3;shedaklah;15;19;2734;0;654;morreu
CSV;m0;regeneracao:5;bromnor;4;dagruve;1;8;399;65;61;passou
CSV;m0;regeneracao:5;bromnor;4;docas;8;16;384;74;64;passou
CSV;m0;regeneracao:5;bromnor;4;shedaklah;16;17;138;0;152;morreu
CSV;m0;regeneracao:5;bromnor;5;dagruve;1;10;504;64;83;passou
CSV;m0;regeneracao:5;bromnor;5;docas;10;16;430;74;65;passou
CSV;m0;regeneracao:5;bromnor;5;shedaklah;16;16;43;0;79;morreu
CSV;m0;regeneracao:5;bromnor;6;dagruve;1;9;401;88;14;passou
CSV;m0;regeneracao:5;bromnor;6;docas;9;15;349;64;147;passou
CSV;m0;regeneracao:5;bromnor;6;shedaklah;15;24;569;66;132;passou
CSV;m0;regeneracao:5;bromnor;6;molor;24;30;622;2;463;passou
CSV;m1;regeneracao:5;bromnor;1;dagruve;1;13;1980;83;227;passou
CSV;m1;regeneracao:5;bromnor;1;docas;13;15;559;50;123;passou
CSV;m1;regeneracao:5;bromnor;1;shedaklah;15;18;1596;0;350;morreu
CSV;m1;regeneracao:5;bromnor;2;dagruve;1;12;857;90;67;passou
CSV;m1;regeneracao:5;bromnor;2;docas;12;16;457;62;155;passou
CSV;m1;regeneracao:5;bromnor;2;shedaklah;16;23;1842;57;597;passou
CSV;m1;regeneracao:5;bromnor;2;molor;23;28;2377;0;731;morreu
CSV;m1;regeneracao:5;bromnor;3;dagruve;1;12;918;72;133;passou
CSV;m1;regeneracao:5;bromnor;3;docas;12;14;730;48;123;passou
CSV;m1;regeneracao:5;bromnor;3;shedaklah;14;17;1273;0;442;morreu
CSV;m1;regeneracao:5;bromnor;4;dagruve;1;11;598;74;68;passou
CSV;m1;regeneracao:5;bromnor;4;docas;11;16;399;63;107;passou
CSV;m1;regeneracao:5;bromnor;4;shedaklah;16;16;232;0;116;morreu
CSV;m1;regeneracao:5;bromnor;5;dagruve;1;12;2065;77;313;passou
CSV;m1;regeneracao:5;bromnor;5;docas;12;15;483;56;168;passou
CSV;m1;regeneracao:5;bromnor;5;shedaklah;15;16;579;0;302;morreu
CSV;m1;regeneracao:5;bromnor;6;dagruve;1;11;1306;83;111;passou
CSV;m1;regeneracao:5;bromnor;6;docas;11;14;545;75;155;passou
CSV;m1;regeneracao:5;bromnor;6;shedaklah;14;19;1603;0;467;morreu
CSV;m0;regeneracao:5;brook;1;dagruve;1;13;1204;42;164;passou
CSV;m0;regeneracao:5;brook;1;docas;13;17;539;42;135;passou
CSV;m0;regeneracao:5;brook;1;shedaklah;17;20;450;0;320;morreu
CSV;m0;regeneracao:5;brook;2;dagruve;1;12;1272;58;307;passou
CSV;m0;regeneracao:5;brook;2;docas;12;15;468;20;227;passou
CSV;m0;regeneracao:5;brook;2;shedaklah;15;18;973;0;427;morreu
CSV;m0;regeneracao:5;brook;3;dagruve;1;13;2310;51;573;passou
CSV;m0;regeneracao:5;brook;3;docas;13;16;635;58;178;passou
CSV;m0;regeneracao:5;brook;3;shedaklah;16;17;524;0;191;morreu
CSV;m0;regeneracao:5;brook;4;dagruve;1;13;1732;0;447;morreu
CSV;m0;regeneracao:5;brook;5;dagruve;1;2;55;0;59;morreu
CSV;m0;regeneracao:5;brook;6;dagruve;1;11;1822;0;314;morreu
CSV;m1;regeneracao:5;brook;1;dagruve;1;10;529;88;57;passou
CSV;m1;regeneracao:5;brook;1;docas;10;11;76;0;87;morreu
CSV;m1;regeneracao:5;brook;2;dagruve;1;13;1431;77;174;passou
CSV;m1;regeneracao:5;brook;2;docas;13;14;78;0;74;morreu
CSV;m1;regeneracao:5;brook;3;dagruve;1;13;1728;46;573;passou
CSV;m1;regeneracao:5;brook;3;docas;13;15;399;44;213;passou
CSV;m1;regeneracao:5;brook;3;shedaklah;15;21;1427;0;638;morreu
CSV;m1;regeneracao:5;brook;4;dagruve;1;13;1450;76;164;passou
CSV;m1;regeneracao:5;brook;4;docas;13;16;620;10;409;passou
CSV;m1;regeneracao:5;brook;4;shedaklah;16;18;602;0;311;morreu
CSV;m1;regeneracao:5;brook;5;dagruve;1;11;1456;4;374;passou
CSV;m1;regeneracao:5;brook;5;docas;11;12;79;0;76;morreu
CSV;m1;regeneracao:5;brook;6;dagruve;1;12;1907;61;323;passou
CSV;m1;regeneracao:5;brook;6;docas;12;14;677;64;141;passou
CSV;m1;regeneracao:5;brook;6;shedaklah;14;15;1647;0;468;morreu
CSV;m0;regeneracao:5;durvall;1;dagruve;1;13;1258;18;395;passou
CSV;m0;regeneracao:5;durvall;1;docas;13;16;590;44;243;passou
CSV;m0;regeneracao:5;durvall;1;shedaklah;16;16;191;0;109;morreu
CSV;m0;regeneracao:5;durvall;2;dagruve;1;12;1612;0;647;morreu
CSV;m0;regeneracao:5;durvall;3;dagruve;1;13;2003;0;941;morreu
CSV;m0;regeneracao:5;durvall;4;dagruve;1;10;1620;13;720;passou
CSV;m0;regeneracao:5;durvall;4;docas;10;11;284;0;165;morreu
CSV;m0;regeneracao:5;durvall;5;dagruve;1;11;1886;0;542;morreu
CSV;m0;regeneracao:5;durvall;6;dagruve;1;10;1220;28;443;passou
CSV;m0;regeneracao:5;durvall;6;docas;10;13;539;31;187;passou
CSV;m0;regeneracao:5;durvall;6;shedaklah;13;13;38;0;54;morreu
CSV;m1;regeneracao:5;durvall;1;dagruve;1;11;1133;47;414;passou
CSV;m1;regeneracao:5;durvall;1;docas;11;12;453;53;254;passou
CSV;m1;regeneracao:5;durvall;1;shedaklah;12;13;599;0;312;morreu
CSV;m1;regeneracao:5;durvall;2;dagruve;1;11;1050;46;301;passou
CSV;m1;regeneracao:5;durvall;2;docas;11;16;487;52;183;passou
CSV;m1;regeneracao:5;durvall;2;shedaklah;16;18;1010;0;408;morreu
CSV;m1;regeneracao:5;durvall;3;dagruve;1;13;1380;26;533;passou
CSV;m1;regeneracao:5;durvall;3;docas;13;15;442;61;215;passou
CSV;m1;regeneracao:5;durvall;3;shedaklah;15;18;1800;0;726;morreu
CSV;m1;regeneracao:5;durvall;4;dagruve;1;13;1972;23;765;passou
CSV;m1;regeneracao:5;durvall;4;docas;13;14;78;0;89;morreu
CSV;m1;regeneracao:5;durvall;5;dagruve;1;7;487;0;191;morreu
CSV;m1;regeneracao:5;durvall;6;dagruve;1;12;1255;3;472;passou
CSV;m1;regeneracao:5;durvall;6;docas;12;14;612;32;345;passou
CSV;m1;regeneracao:5;durvall;6;shedaklah;14;14;42;0;92;morreu
CSV;m0;regeneracao:5;kayron;1;dagruve;1;12;1754;47;302;passou
CSV;m0;regeneracao:5;kayron;1;docas;12;16;559;0;346;morreu
CSV;m0;regeneracao:5;kayron;2;dagruve;1;10;422;28;153;passou
CSV;m0;regeneracao:5;kayron;2;docas;10;15;345;33;265;passou
CSV;m0;regeneracao:5;kayron;2;shedaklah;15;16;51;0;88;morreu
CSV;m0;regeneracao:5;kayron;3;dagruve;1;11;1062;54;335;passou
CSV;m0;regeneracao:5;kayron;3;docas;11;16;551;36;177;passou
CSV;m0;regeneracao:5;kayron;3;shedaklah;16;20;1263;0;462;morreu
CSV;m0;regeneracao:5;kayron;4;dagruve;1;10;323;73;50;passou
CSV;m0;regeneracao:5;kayron;4;docas;10;17;351;18;162;passou
CSV;m0;regeneracao:5;kayron;4;shedaklah;17;23;696;0;528;morreu
CSV;m0;regeneracao:5;kayron;5;dagruve;1;11;335;75;55;passou
CSV;m0;regeneracao:5;kayron;5;docas;11;16;378;15;226;passou
CSV;m0;regeneracao:5;kayron;5;shedaklah;16;23;605;36;274;passou
CSV;m0;regeneracao:5;kayron;5;molor;23;26;281;0;336;morreu
CSV;m0;regeneracao:5;kayron;6;dagruve;1;10;406;78;77;passou
CSV;m0;regeneracao:5;kayron;6;docas;10;15;482;54;234;passou
CSV;m0;regeneracao:5;kayron;6;shedaklah;15;21;839;0;397;morreu
CSV;m1;regeneracao:5;kayron;1;dagruve;1;12;568;49;180;passou
CSV;m1;regeneracao:5;kayron;1;docas;12;12;64;0;67;morreu
CSV;m1;regeneracao:5;kayron;2;dagruve;1;12;394;55;154;passou
CSV;m1;regeneracao:5;kayron;2;docas;12;13;89;0;91;morreu
CSV;m1;regeneracao:5;kayron;3;dagruve;1;3;54;0;84;morreu
CSV;m1;regeneracao:5;kayron;4;dagruve;1;13;390;43;118;passou
CSV;m1;regeneracao:5;kayron;4;docas;13;16;389;0;198;morreu
CSV;m1;regeneracao:5;kayron;5;dagruve;1;12;390;63;136;passou
CSV;m1;regeneracao:5;kayron;5;docas;12;16;499;32;286;passou
CSV;m1;regeneracao:5;kayron;5;shedaklah;16;17;137;0;146;morreu
CSV;m1;regeneracao:5;kayron;6;dagruve;1;12;326;73;114;passou
CSV;m1;regeneracao:5;kayron;6;docas;12;17;374;64;208;passou
CSV;m1;regeneracao:5;kayron;6;shedaklah;17;22;609;0;510;morreu
CSV;m0;regeneracao:5;korrak;1;dagruve;1;13;349;66;129;passou
CSV;m0;regeneracao:5;korrak;1;docas;13;19;317;69;126;passou
CSV;m0;regeneracao:5;korrak;1;shedaklah;19;26;716;0;608;passou
CSV;m0;regeneracao:5;korrak;1;molor;26;30;660;26;542;passou
CSV;m0;regeneracao:5;korrak;2;dagruve;1;10;642;48;140;passou
CSV;m0;regeneracao:5;korrak;2;docas;10;16;509;45;325;passou
CSV;m0;regeneracao:5;korrak;2;shedaklah;16;19;1063;0;611;morreu
CSV;m0;regeneracao:5;korrak;3;dagruve;1;11;672;75;129;passou
CSV;m0;regeneracao:5;korrak;3;docas;11;14;444;59;168;passou
CSV;m0;regeneracao:5;korrak;3;shedaklah;14;20;1973;0;956;morreu
CSV;m0;regeneracao:5;korrak;4;dagruve;1;13;758;66;211;passou
CSV;m0;regeneracao:5;korrak;4;docas;13;17;338;68;170;passou
CSV;m0;regeneracao:5;korrak;4;shedaklah;17;22;1265;0;1173;morreu
CSV;m0;regeneracao:5;korrak;5;dagruve;1;13;883;68;440;passou
CSV;m0;regeneracao:5;korrak;5;docas;13;16;570;12;478;passou
CSV;m0;regeneracao:5;korrak;5;shedaklah;16;18;611;0;401;morreu
CSV;m0;regeneracao:5;korrak;6;dagruve;1;11;595;66;179;passou
CSV;m0;regeneracao:5;korrak;6;docas;11;15;386;47;222;passou
CSV;m0;regeneracao:5;korrak;6;shedaklah;15;19;1724;0;1050;morreu
CSV;m1;regeneracao:5;korrak;1;dagruve;1;9;531;77;138;passou
CSV;m1;regeneracao:5;korrak;1;docas;9;14;379;67;181;passou
CSV;m1;regeneracao:5;korrak;1;shedaklah;14;23;1111;18;779;passou
CSV;m1;regeneracao:5;korrak;1;molor;23;25;288;0;504;morreu
CSV;m1;regeneracao:5;korrak;2;dagruve;1;10;471;84;86;passou
CSV;m1;regeneracao:5;korrak;2;docas;10;14;340;67;182;passou
CSV;m1;regeneracao:5;korrak;2;shedaklah;14;23;2027;46;1562;passou
CSV;m1;regeneracao:5;korrak;2;molor;23;24;831;0;597;morreu
CSV;m1;regeneracao:5;korrak;3;dagruve;1;11;394;75;91;passou
CSV;m1;regeneracao:5;korrak;3;docas;11;15;378;59;380;passou
CSV;m1;regeneracao:5;korrak;3;shedaklah;15;25;1245;0;1574;morreu
CSV;m1;regeneracao:5;korrak;4;dagruve;1;11;564;75;151;passou
CSV;m1;regeneracao:5;korrak;4;docas;11;14;461;27;313;passou
CSV;m1;regeneracao:5;korrak;4;shedaklah;14;20;2020;40;1182;passou
CSV;m1;regeneracao:5;korrak;4;molor;20;22;545;0;900;morreu
CSV;m1;regeneracao:5;korrak;5;dagruve;1;9;383;77;59;passou
CSV;m1;regeneracao:5;korrak;5;docas;9;13;333;67;227;passou
CSV;m1;regeneracao:5;korrak;5;shedaklah;13;15;267;0;272;morreu
CSV;m1;regeneracao:5;korrak;6;dagruve;1;11;559;83;104;passou
CSV;m1;regeneracao:5;korrak;6;docas;11;16;377;80;232;passou
CSV;m1;regeneracao:5;korrak;6;shedaklah;16;24;3050;31;2521;passou
CSV;m1;regeneracao:5;korrak;6;molor;24;30;3593;11;2218;passou
CSV;m0;regeneracao:5;leoric;1;dagruve;1;10;358;45;112;passou
CSV;m0;regeneracao:5;leoric;1;docas;10;10;65;0;51;morreu
CSV;m0;regeneracao:5;leoric;2;dagruve;1;12;484;36;129;passou
CSV;m0;regeneracao:5;leoric;2;docas;12;14;308;0;154;morreu
CSV;m0;regeneracao:5;leoric;3;dagruve;1;11;577;34;198;passou
CSV;m0;regeneracao:5;leoric;3;docas;11;12;64;0;70;morreu
CSV;m0;regeneracao:5;leoric;4;dagruve;1;12;716;59;156;passou
CSV;m0;regeneracao:5;leoric;4;docas;12;15;387;0;271;morreu
CSV;m0;regeneracao:5;leoric;5;dagruve;1;11;856;50;186;passou
CSV;m0;regeneracao:5;leoric;5;docas;11;14;524;0;178;morreu
CSV;m0;regeneracao:5;leoric;6;dagruve;1;15;340;44;155;passou
CSV;m0;regeneracao:5;leoric;6;docas;15;15;62;0;77;morreu
CSV;m1;regeneracao:5;leoric;1;dagruve;1;12;846;62;261;passou
CSV;m1;regeneracao:5;leoric;1;docas;12;13;347;0;231;morreu
CSV;m1;regeneracao:5;leoric;2;dagruve;1;14;336;55;171;passou
CSV;m1;regeneracao:5;leoric;2;docas;14;18;371;22;274;passou
CSV;m1;regeneracao:5;leoric;2;shedaklah;18;24;569;0;359;morreu
CSV;m1;regeneracao:5;leoric;3;dagruve;1;12;684;29;183;passou
CSV;m1;regeneracao:5;leoric;3;docas;12;13;99;0;165;morreu
CSV;m1;regeneracao:5;leoric;4;dagruve;1;12;648;46;134;passou
CSV;m1;regeneracao:5;leoric;4;docas;12;16;452;53;285;passou
CSV;m1;regeneracao:5;leoric;4;shedaklah;16;17;66;0;102;morreu
CSV;m1;regeneracao:5;leoric;5;dagruve;1;12;970;52;145;passou
CSV;m1;regeneracao:5;leoric;5;docas;12;15;562;76;138;passou
CSV;m1;regeneracao:5;leoric;5;shedaklah;15;18;485;0;279;morreu
CSV;m1;regeneracao:5;leoric;6;dagruve;1;14;323;65;82;passou
CSV;m1;regeneracao:5;leoric;6;docas;14;16;129;0;172;morreu
CSV;m0;regeneracao:5;maelor;1;dagruve;1;2;51;0;63;morreu
CSV;m0;regeneracao:5;maelor;2;dagruve;1;11;329;69;69;passou
CSV;m0;regeneracao:5;maelor;2;docas;11;16;487;52;180;passou
CSV;m0;regeneracao:5;maelor;2;shedaklah;16;21;579;0;178;morreu
CSV;m0;regeneracao:5;maelor;3;dagruve;1;11;592;57;108;passou
CSV;m0;regeneracao:5;maelor;3;docas;11;14;455;34;215;passou
CSV;m0;regeneracao:5;maelor;3;shedaklah;14;17;640;0;245;morreu
CSV;m0;regeneracao:5;maelor;4;dagruve;1;10;370;67;125;passou
CSV;m0;regeneracao:5;maelor;4;docas;10;11;131;0;95;morreu
CSV;m0;regeneracao:5;maelor;5;dagruve;1;11;554;57;123;passou
CSV;m0;regeneracao:5;maelor;5;docas;11;16;609;30;442;passou
CSV;m0;regeneracao:5;maelor;5;shedaklah;16;18;704;0;317;morreu
CSV;m0;regeneracao:5;maelor;6;dagruve;1;13;876;25;414;passou
CSV;m0;regeneracao:5;maelor;6;docas;13;15;442;0;340;morreu
CSV;m1;regeneracao:5;maelor;1;dagruve;1;2;50;0;62;morreu
CSV;m1;regeneracao:5;maelor;2;dagruve;1;11;340;84;58;passou
CSV;m1;regeneracao:5;maelor;2;docas;11;18;342;53;241;passou
CSV;m1;regeneracao:5;maelor;2;shedaklah;18;23;587;32;397;passou
CSV;m1;regeneracao:5;maelor;2;molor;23;25;148;0;260;morreu
CSV;m1;regeneracao:5;maelor;3;dagruve;1;4;93;0;63;morreu
CSV;m1;regeneracao:5;maelor;4;dagruve;1;11;395;54;225;passou
CSV;m1;regeneracao:5;maelor;4;docas;11;15;594;0;425;morreu
CSV;m1;regeneracao:5;maelor;5;dagruve;1;10;482;63;90;passou
CSV;m1;regeneracao:5;maelor;5;docas;10;12;165;0;171;morreu
CSV;m1;regeneracao:5;maelor;6;dagruve;1;4;82;0;87;morreu
CSV;m0;regeneracao:5;nyrelia;1;dagruve;1;12;2295;0;921;morreu
CSV;m0;regeneracao:5;nyrelia;2;dagruve;1;9;475;66;75;passou
CSV;m0;regeneracao:5;nyrelia;2;docas;9;10;190;0;91;morreu
CSV;m0;regeneracao:5;nyrelia;3;dagruve;1;11;361;65;101;passou
CSV;m0;regeneracao:5;nyrelia;3;docas;11;16;385;0;199;morreu
CSV;m0;regeneracao:5;nyrelia;4;dagruve;1;5;351;0;121;morreu
CSV;m0;regeneracao:5;nyrelia;5;dagruve;1;14;2137;24;760;passou
CSV;m0;regeneracao:5;nyrelia;5;docas;14;16;396;0;250;morreu
CSV;m0;regeneracao:5;nyrelia;6;dagruve;1;5;339;0;154;morreu
CSV;m1;regeneracao:5;nyrelia;1;dagruve;1;12;524;57;121;passou
CSV;m1;regeneracao:5;nyrelia;1;docas;12;15;473;0;324;morreu
CSV;m1;regeneracao:5;nyrelia;2;dagruve;1;14;1666;14;506;passou
CSV;m1;regeneracao:5;nyrelia;2;docas;14;16;342;0;130;morreu
CSV;m1;regeneracao:5;nyrelia;3;dagruve;1;9;1178;0;462;morreu
CSV;m1;regeneracao:5;nyrelia;4;dagruve;1;10;551;70;95;passou
CSV;m1;regeneracao:5;nyrelia;4;docas;10;14;604;0;262;morreu
CSV;m1;regeneracao:5;nyrelia;5;dagruve;1;11;791;55;162;passou
CSV;m1;regeneracao:5;nyrelia;5;docas;11;12;69;0;69;morreu
CSV;m1;regeneracao:5;nyrelia;6;dagruve;1;8;845;0;340;morreu
CSV;m0;regeneracao:5;sylas;1;dagruve;1;13;470;66;85;passou
CSV;m0;regeneracao:5;sylas;1;docas;13;16;509;66;137;passou
CSV;m0;regeneracao:5;sylas;1;shedaklah;16;18;642;0;241;morreu
CSV;m0;regeneracao:5;sylas;2;dagruve;1;11;559;11;178;passou
CSV;m0;regeneracao:5;sylas;2;docas;11;15;457;18;238;passou
CSV;m0;regeneracao:5;sylas;2;shedaklah;15;19;880;0;351;morreu
CSV;m0;regeneracao:5;sylas;3;dagruve;1;12;342;39;99;passou
CSV;m0;regeneracao:5;sylas;3;docas;12;16;470;58;153;passou
CSV;m0;regeneracao:5;sylas;3;shedaklah;16;18;582;0;224;morreu
CSV;m0;regeneracao:5;sylas;4;dagruve;1;10;368;80;29;passou
CSV;m0;regeneracao:5;sylas;4;docas;10;12;153;0;72;morreu
CSV;m0;regeneracao:5;sylas;5;dagruve;1;11;519;70;109;passou
CSV;m0;regeneracao:5;sylas;5;docas;11;15;629;54;220;passou
CSV;m0;regeneracao:5;sylas;5;shedaklah;15;20;1890;0;768;morreu
CSV;m0;regeneracao:5;sylas;6;dagruve;1;10;422;59;129;passou
CSV;m0;regeneracao:5;sylas;6;docas;10;15;536;13;196;passou
CSV;m0;regeneracao:5;sylas;6;shedaklah;15;21;1020;0;627;morreu
CSV;m1;regeneracao:5;sylas;1;dagruve;1;12;400;40;122;passou
CSV;m1;regeneracao:5;sylas;1;docas;12;16;318;0;246;morreu
CSV;m1;regeneracao:5;sylas;2;dagruve;1;12;340;80;69;passou
CSV;m1;regeneracao:5;sylas;2;docas;12;14;157;0;103;morreu
CSV;m1;regeneracao:5;sylas;3;dagruve;1;12;333;78;39;passou
CSV;m1;regeneracao:5;sylas;3;docas;12;15;371;51;212;passou
CSV;m1;regeneracao:5;sylas;3;shedaklah;15;15;51;0;86;morreu
CSV;m1;regeneracao:5;sylas;4;dagruve;1;13;325;68;97;passou
CSV;m1;regeneracao:5;sylas;4;docas;13;17;401;38;185;passou
CSV;m1;regeneracao:5;sylas;4;shedaklah;17;23;754;0;309;morreu
CSV;m1;regeneracao:5;sylas;5;dagruve;1;12;318;81;55;passou
CSV;m1;regeneracao:5;sylas;5;docas;12;17;333;73;65;passou
CSV;m1;regeneracao:5;sylas;5;shedaklah;17;18;87;0;134;morreu
CSV;m1;regeneracao:5;sylas;6;dagruve;1;13;317;70;100;passou
CSV;m1;regeneracao:5;sylas;6;docas;13;18;342;43;151;passou
CSV;m1;regeneracao:5;sylas;6;shedaklah;18;24;573;40;342;passou
CSV;m1;regeneracao:5;sylas;6;molor;24;31;597;26;728;passou
CSV;m0;regeneracao:5;zynara;1;dagruve;1;11;796;0;174;passou
CSV;m0;regeneracao:5;zynara;1;docas;11;14;575;0;225;morreu
CSV;m0;regeneracao:5;zynara;2;dagruve;1;11;922;75;103;passou
CSV;m0;regeneracao:5;zynara;2;docas;11;14;570;27;135;passou
CSV;m0;regeneracao:5;zynara;2;shedaklah;14;20;739;0;335;morreu
CSV;m0;regeneracao:5;zynara;3;dagruve;1;9;527;82;65;passou
CSV;m0;regeneracao:5;zynara;3;docas;9;15;530;55;141;passou
CSV;m0;regeneracao:5;zynara;3;shedaklah;15;17;638;0;305;morreu
CSV;m0;regeneracao:5;zynara;4;dagruve;1;14;1522;33;298;passou
CSV;m0;regeneracao:5;zynara;4;docas;14;16;598;69;118;passou
CSV;m0;regeneracao:5;zynara;4;shedaklah;16;17;873;0;363;morreu
CSV;m0;regeneracao:5;zynara;5;dagruve;1;9;343;61;77;passou
CSV;m0;regeneracao:5;zynara;5;docas;9;16;437;60;153;passou
CSV;m0;regeneracao:5;zynara;5;shedaklah;16;17;84;0;59;morreu
CSV;m0;regeneracao:5;zynara;6;dagruve;1;10;636;63;90;passou
CSV;m0;regeneracao:5;zynara;6;docas;10;15;534;33;221;passou
CSV;m0;regeneracao:5;zynara;6;shedaklah;15;20;1081;0;406;morreu
CSV;m1;regeneracao:5;zynara;1;dagruve;1;12;1072;79;156;passou
CSV;m1;regeneracao:5;zynara;1;docas;12;16;395;51;153;passou
CSV;m1;regeneracao:5;zynara;1;shedaklah;16;20;699;0;333;morreu
CSV;m1;regeneracao:5;zynara;2;dagruve;1;10;327;61;95;passou
CSV;m1;regeneracao:5;zynara;2;docas;10;17;350;59;185;passou
CSV;m1;regeneracao:5;zynara;2;shedaklah;17;21;593;0;220;morreu
CSV;m1;regeneracao:5;zynara;3;dagruve;1;8;363;72;75;passou
CSV;m1;regeneracao:5;zynara;3;docas;8;14;507;34;243;passou
CSV;m1;regeneracao:5;zynara;3;shedaklah;14;17;560;0;230;morreu
CSV;m1;regeneracao:5;zynara;4;dagruve;1;10;529;81;103;passou
CSV;m1;regeneracao:5;zynara;4;docas;10;14;500;56;171;passou
CSV;m1;regeneracao:5;zynara;4;shedaklah;14;17;478;0;243;morreu
CSV;m1;regeneracao:5;zynara;5;dagruve;1;2;57;0;50;morreu
CSV;m1;regeneracao:5;zynara;6;dagruve;1;10;590;71;158;passou
CSV;m1;regeneracao:5;zynara;6;docas;10;14;587;6;265;passou
CSV;m1;regeneracao:5;zynara;6;shedaklah;14;17;348;0;241;morreu
