CSV;m0;regeneracao:3;bromnor;1;dagruve;1;12;1255;71;208;passou
CSV;m0;regeneracao:3;bromnor;1;docas;12;15;511;24;181;passou
CSV;m0;regeneracao:3;bromnor;1;shedaklah;15;17;603;0;167;morreu
CSV;m0;regeneracao:3;bromnor;2;dagruve;1;11;897;79;101;passou
CSV;m0;regeneracao:3;bromnor;2;docas;11;12;61;0;74;morreu
CSV;m0;regeneracao:3;bromnor;3;dagruve;1;11;418;83;38;passou
CSV;m0;regeneracao:3;bromnor;3;docas;11;15;398;27;123;passou
CSV;m0;regeneracao:3;bromnor;3;shedaklah;15;16;122;0;76;morreu
CSV;m0;regeneracao:3;bromnor;4;dagruve;1;8;399;46;61;passou
CSV;m0;regeneracao:3;bromnor;4;docas;8;16;365;63;87;passou
CSV;m0;regeneracao:3;bromnor;4;shedaklah;16;18;285;0;156;morreu
CSV;m0;regeneracao:3;bromnor;5;dagruve;1;11;1188;58;176;passou
CSV;m0;regeneracao:3;bromnor;5;docas;11;12;142;0;76;morreu
CSV;m0;regeneracao:3;bromnor;6;dagruve;1;9;433;74;57;passou
CSV;m0;regeneracao:3;bromnor;6;docas;9;15;450;31;200;passou
CSV;m0;regeneracao:3;bromnor;6;shedaklah;15;17;182;0;181;morreu
CSV;m1;regeneracao:3;bromnor;1;dagruve;1;11;695;80;69;passou
CSV;m1;regeneracao:3;bromnor;1;docas;11;14;635;84;48;passou
CSV;m1;regeneracao:3;bromnor;1;shedaklah;14;19;1910;0;486;morreu
CSV;m1;regeneracao:3;bromnor;2;dagruve;1;14;1394;77;147;passou
CSV;m1;regeneracao:3;bromnor;2;docas;14;16;396;64;103;passou
CSV;m1;regeneracao:3;bromnor;2;shedaklah;16;21;926;0;364;morreu
CSV;m1;regeneracao:3;bromnor;3;dagruve;1;13;1682;26;418;passou
CSV;m1;regeneracao:3;bromnor;3;docas;13;13;77;0;66;morreu
CSV;m1;regeneracao:3;bromnor;4;dagruve;1;9;471;81;39;passou
CSV;m1;regeneracao:3;bromnor;4;docas;9;14;408;35;130;passou
CSV;m1;regeneracao:3;bromnor;4;shedaklah;14;15;158;0;136;morreu
CSV;m1;regeneracao:3;bromnor;5;dagruve;1;12;1751;64;334;passou
CSV;m1;regeneracao:3;bromnor;5;docas;12;14;705;71;109;passou
CSV;m1;regeneracao:3;bromnor;5;shedaklah;14;15;588;0;360;morreu
CSV;m1;regeneracao:3;bromnor;6;dagruve;1;11;1355;73;148;passou
CSV;m1;regeneracao:3;bromnor;6;docas;11;15;427;25;127;passou
CSV;m1;regeneracao:3;bromnor;6;shedaklah;15;20;1126;0;415;morreu
CSV;m0;regeneracao:3;brook;1;dagruve;1;13;1016;3;207;passou
CSV;m0;regeneracao:3;brook;1;docas;13;14;326;0;158;morreu
CSV;m0;regeneracao:3;brook;2;dagruve;1;11;1772;54;299;passou
CSV;m0;regeneracao:3;brook;2;docas;11;12;537;67;93;passou
CSV;m0;regeneracao:3;brook;2;shedaklah;12;12;571;0;121;morreu
CSV;m0;regeneracao:3;brook;3;dagruve;1;8;1711;0;437;morreu
CSV;m0;regeneracao:3;brook;4;dagruve;1;12;1391;27;298;passou
CSV;m0;regeneracao:3;brook;4;docas;12;16;485;49;124;passou
CSV;m0;regeneracao:3;brook;4;shedaklah;16;19;576;0;280;morreu
CSV;m0;regeneracao:3;brook;5;dagruve;1;10;465;4;89;passou
CSV;m0;regeneracao:3;brook;5;docas;10;13;486;52;117;passou
CSV;m0;regeneracao:3;brook;5;shedaklah;13;15;448;0;221;morreu
CSV;m0;regeneracao:3;brook;6;dagruve;1;10;1819;0;313;morreu
CSV;m1;regeneracao:3;brook;1;dagruve;1;13;1363;63;227;passou
CSV;m1;regeneracao:3;brook;1;docas;13;16;674;19;277;?
CSV;m1;regeneracao:3;brook;2;dagruve;1;12;1726;41;289;passou
CSV;m1;regeneracao:3;brook;2;docas;12;14;162;0;97;morreu
CSV;m1;regeneracao:3;brook;3;dagruve;1;10;1218;0;428;morreu
CSV;m1;regeneracao:3;brook;4;dagruve;1;12;1111;73;121;passou
CSV;m1;regeneracao:3;brook;4;docas;12;13;131;0;81;morreu
CSV;m1;regeneracao:3;brook;5;dagruve;1;5;428;0;165;morreu
CSV;m1;regeneracao:3;brook;6;dagruve;1;12;1936;34;368;passou
CSV;m1;regeneracao:3;brook;6;docas;12;14;499;0;245;morreu
CSV;m0;regeneracao:3;durvall;1;dagruve;1;9;1196;0;353;morreu
CSV;m0;regeneracao:3;durvall;2;dagruve;1;7;343;0;92;morreu
CSV;m0;regeneracao:3;durvall;3;dagruve;1;10;2167;0;447;morreu
CSV;m0;regeneracao:3;durvall;4;dagruve;1;9;1407;0;474;morreu
CSV;m0;regeneracao:3;durvall;5;dagruve;1;8;997;0;371;morreu
CSV;m0;regeneracao:3;durvall;6;dagruve;1;6;371;0;147;morreu
CSV;m1;regeneracao:3;durvall;1;dagruve;1;4;144;0;83;morreu
CSV;m1;regeneracao:3;durvall;2;dagruve;1;9;974;0;299;morreu
CSV;m1;regeneracao:3;durvall;3;dagruve;1;3;57;0;51;morreu
CSV;m1;regeneracao:3;durvall;4;dagruve;1;9;1138;0;288;morreu
CSV;m1;regeneracao:3;durvall;5;dagruve;1;12;2842;0;1013;morreu
CSV;m1;regeneracao:3;durvall;6;dagruve;1;12;1713;45;500;passou
CSV;m1;regeneracao:3;durvall;6;docas;12;13;67;0;67;morreu
CSV;m0;regeneracao:3;kayron;1;dagruve;1;9;330;3;109;passou
CSV;m0;regeneracao:3;kayron;1;docas;9;11;114;0;93;morreu
CSV;m0;regeneracao:3;kayron;2;dagruve;1;10;344;3;109;passou
CSV;m0;regeneracao:3;kayron;2;docas;10;16;379;5;184;passou
CSV;m0;regeneracao:3;kayron;2;shedaklah;16;16;72;0;67;morreu
CSV;m0;regeneracao:3;kayron;3;dagruve;1;9;474;37;112;passou
CSV;m0;regeneracao:3;kayron;3;docas;9;16;254;0;111;morreu
CSV;m0;regeneracao:3;kayron;4;dagruve;1;10;323;66;51;passou
CSV;m0;regeneracao:3;kayron;4;docas;10;14;173;0;101;morreu
CSV;m0;regeneracao:3;kayron;5;dagruve;1;6;200;0;72;morreu
CSV;m0;regeneracao:3;kayron;6;dagruve;1;11;470;56;109;passou
CSV;m0;regeneracao:3;kayron;6;docas;11;15;397;23;183;passou
CSV;m0;regeneracao:3;kayron;6;shedaklah;15;15;46;0;76;morreu
CSV;m1;regeneracao:3;kayron;1;dagruve;1;12;646;23;159;passou
CSV;m1;regeneracao:3;kayron;1;docas;12;14;221;0;110;morreu
CSV;m1;regeneracao:3;kayron;2;dagruve;1;9;421;71;90;passou
CSV;m1;regeneracao:3;kayron;2;docas;9;10;91;0;84;morreu
CSV;m1;regeneracao:3;kayron;3;dagruve;1;3;50;0;60;morreu
CSV;m1;regeneracao:3;kayron;4;dagruve;1;4;67;0;55;morreu
CSV;m1;regeneracao:3;kayron;5;dagruve;1;13;322;14;163;passou
CSV;m1;regeneracao:3;kayron;5;docas;13;18;377;14;385;passou
CSV;m1;regeneracao:3;kayron;5;shedaklah;18;20;183;0;234;morreu
CSV;m1;regeneracao:3;kayron;6;dagruve;1;12;341;51;80;passou
CSV;m1;regeneracao:3;kayron;6;docas;12;14;130;0;97;morreu
CSV;m0;regeneracao:3;korrak;1;dagruve;1;12;855;56;342;passou
CSV;m0;regeneracao:3;korrak;1;docas;12;14;496;63;120;passou
CSV;m0;regeneracao:3;korrak;1;shedaklah;14;18;1756;0;943;morreu
CSV;m0;regeneracao:3;korrak;2;dagruve;1;11;729;86;142;passou
CSV;m0;regeneracao:3;korrak;2;docas;11;16;341;53;339;passou
CSV;m0;regeneracao:3;korrak;2;shedaklah;16;19;941;0;757;morreu
CSV;m0;regeneracao:3;korrak;3;dagruve;1;9;490;75;108;passou
CSV;m0;regeneracao:3;korrak;3;docas;9;15;387;53;349;passou
CSV;m0;regeneracao:3;korrak;3;shedaklah;15;20;491;0;627;morreu
CSV;m0;regeneracao:3;korrak;4;dagruve;1;9;396;65;100;passou
CSV;m0;regeneracao:3;korrak;4;docas;9;13;177;0;278;morreu
CSV;m0;regeneracao:3;korrak;5;dagruve;1;13;661;65;153;passou
CSV;m0;regeneracao:3;korrak;5;docas;13;17;395;62;117;passou
CSV;m0;regeneracao:3;korrak;5;shedaklah;17;24;1765;0;1436;morreu
CSV;m0;regeneracao:3;korrak;6;dagruve;1;10;451;56;175;passou
CSV;m0;regeneracao:3;korrak;6;docas;10;15;458;22;383;passou
CSV;m0;regeneracao:3;korrak;6;shedaklah;15;17;1184;0;896;morreu
CSV;m1;regeneracao:3;korrak;1;dagruve;1;12;713;45;211;passou
CSV;m1;regeneracao:3;korrak;1;docas;12;15;357;60;130;passou
CSV;m1;regeneracao:3;korrak;1;shedaklah;15;21;951;0;908;morreu
CSV;m1;regeneracao:3;korrak;2;dagruve;1;12;326;70;114;passou
CSV;m1;regeneracao:3;korrak;2;docas;12;17;330;70;108;passou
CSV;m1;regeneracao:3;korrak;2;shedaklah;17;23;893;39;946;passou
CSV;m1;regeneracao:3;korrak;2;molor;23;29;656;0;871;morreu
CSV;m1;regeneracao:3;korrak;3;dagruve;1;11;357;64;107;passou
CSV;m1;regeneracao:3;korrak;3;docas;11;15;396;67;177;passou
CSV;m1;regeneracao:3;korrak;3;shedaklah;15;24;1612;0;1701;morreu
CSV;m1;regeneracao:3;korrak;4;dagruve;1;11;398;84;83;passou
CSV;m1;regeneracao:3;korrak;4;docas;11;16;352;62;209;passou
CSV;m1;regeneracao:3;korrak;4;shedaklah;16;23;1473;40;761;passou
CSV;m1;regeneracao:3;korrak;4;molor;23;24;111;0;183;morreu
CSV;m1;regeneracao:3;korrak;5;dagruve;1;12;805;70;255;passou
CSV;m1;regeneracao:3;korrak;5;docas;12;15;399;24;269;passou
CSV;m1;regeneracao:3;korrak;5;shedaklah;15;21;2048;12;1742;passou
CSV;m1;regeneracao:3;korrak;5;molor;21;22;176;0;262;morreu
CSV;m1;regeneracao:3;korrak;6;dagruve;1;11;718;83;125;passou
CSV;m1;regeneracao:3;korrak;6;docas;11;14;529;50;225;passou
CSV;m1;regeneracao:3;korrak;6;shedaklah;14;17;1284;0;700;morreu
CSV;m0;regeneracao:3;leoric;1;dagruve;1;13;1037;24;218;passou
CSV;m0;regeneracao:3;leoric;1;docas;13;13;68;0;47;morreu
CSV;m0;regeneracao:3;leoric;2;dagruve;1;12;827;28;244;passou
CSV;m0;regeneracao:3;leoric;2;docas;12;14;157;0;80;morreu
CSV;m0;regeneracao:3;leoric;3;dagruve;1;12;970;36;186;passou
CSV;m0;regeneracao:3;leoric;3;docas;12;17;438;15;143;passou
CSV;m0;regeneracao:3;leoric;3;shedaklah;17;19;351;0;176;morreu
CSV;m0;regeneracao:3;leoric;4;dagruve;1;10;533;0;147;morreu
CSV;m0;regeneracao:3;leoric;5;dagruve;1;11;552;41;109;passou
CSV;m0;regeneracao:3;leoric;5;docas;11;11;75;0;49;morreu
CSV;m0;regeneracao:3;leoric;6;dagruve;1;14;342;55;104;passou
CSV;m0;regeneracao:3;leoric;6;docas;14;15;91;0;88;morreu
CSV;m1;regeneracao:3;leoric;1;dagruve;1;2;42;0;44;morreu
CSV;m1;regeneracao:3;leoric;2;dagruve;1;10;557;67;116;passou
CSV;m1;regeneracao:3;leoric;2;docas;10;11;68;0;73;morreu
CSV;m1;regeneracao:3;leoric;3;dagruve;1;12;350;17;154;passou
CSV;m1;regeneracao:3;leoric;3;docas;12;17;352;50;122;passou
CSV;m1;regeneracao:3;leoric;3;shedaklah;17;22;548;0;312;morreu
CSV;m1;regeneracao:3;leoric;4;dagruve;1;11;505;56;97;passou
CSV;m1;regeneracao:3;leoric;4;docas;11;12;58;0;49;morreu
CSV;m1;regeneracao:3;leoric;5;dagruve;1;12;883;50;217;passou
CSV;m1;regeneracao:3;leoric;5;docas;12;14;358;0;218;morreu
CSV;m1;regeneracao:3;leoric;6;dagruve;1;12;332;52;79;passou
CSV;m1;regeneracao:3;leoric;6;docas;12;17;362;27;211;passou
CSV;m1;regeneracao:3;leoric;6;shedaklah;17;18;188;0;229;morreu
CSV;m0;regeneracao:3;maelor;1;dagruve;1;2;50;0;55;morreu
CSV;m0;regeneracao:3;maelor;2;dagruve;1;12;522;41;170;passou
CSV;m0;regeneracao:3;maelor;2;docas;12;15;513;30;167;passou
CSV;m0;regeneracao:3;maelor;2;shedaklah;15;15;31;0;44;morreu
CSV;m0;regeneracao:3;maelor;3;dagruve;1;12;617;55;227;passou
CSV;m0;regeneracao:3;maelor;3;docas;12;16;562;29;275;passou
CSV;m0;regeneracao:3;maelor;3;shedaklah;16;16;54;0;54;morreu
CSV;m0;regeneracao:3;maelor;4;dagruve;1;2;66;0;70;morreu
CSV;m0;regeneracao:3;maelor;5;dagruve;1;11;448;33;101;passou
CSV;m0;regeneracao:3;maelor;5;docas;11;16;395;32;248;passou
CSV;m0;regeneracao:3;maelor;5;shedaklah;16;22;637;45;364;passou
CSV;m0;regeneracao:3;maelor;5;molor;22;24;320;0;271;morreu
CSV;m0;regeneracao:3;maelor;6;dagruve;1;13;1203;0;452;morreu
CSV;m1;regeneracao:3;maelor;1;dagruve;1;2;49;0;50;morreu
CSV;m1;regeneracao:3;maelor;2;dagruve;1;11;340;83;58;passou
CSV;m1;regeneracao:3;maelor;2;docas;11;12;83;0;84;morreu
CSV;m1;regeneracao:3;maelor;3;dagruve;1;11;551;71;116;passou
CSV;m1;regeneracao:3;maelor;3;docas;11;14;395;50;170;passou
CSV;m1;regeneracao:3;maelor;3;shedaklah;14;18;287;0;234;morreu
CSV;m1;regeneracao:3;maelor;4;dagruve;1;11;473;68;112;passou
CSV;m1;regeneracao:3;maelor;4;docas;11;15;460;35;257;passou
CSV;m1;regeneracao:3;maelor;4;shedaklah;15;17;482;0;234;morreu
CSV;m1;regeneracao:3;maelor;5;dagruve;1;9;425;62;64;passou
CSV;m1;regeneracao:3;maelor;5;docas;9;13;318;0;140;morreu
CSV;m1;regeneracao:3;maelor;6;dagruve;1;3;51;0;57;morreu
CSV;m0;regeneracao:3;nyrelia;1;dagruve;1;8;903;0;242;morreu
CSV;m0;regeneracao:3;nyrelia;2;dagruve;1;12;1414;0;376;morreu
CSV;m0;regeneracao:3;nyrelia;3;dagruve;1;11;456;52;95;passou
CSV;m0;regeneracao:3;nyrelia;3;docas;11;11;103;0;87;morreu
CSV;m0;regeneracao:3;nyrelia;4;dagruve;1;6;544;0;157;morreu
CSV;m0;regeneracao:3;nyrelia;5;dagruve;1;5;404;0;148;morreu
CSV;m0;regeneracao:3;nyrelia;6;dagruve;1;9;1069;0;419;morreu
CSV;m1;regeneracao:3;nyrelia;1;dagruve;1;4;304;0;115;morreu
CSV;m1;regeneracao:3;nyrelia;2;dagruve;1;8;413;0;145;morreu
CSV;m1;regeneracao:3;nyrelia;3;dagruve;1;11;1091;24;358;passou
CSV;m1;regeneracao:3;nyrelia;3;docas;11;12;512;0;240;morreu
CSV;m1;regeneracao:3;nyrelia;4;dagruve;1;9;751;0;261;morreu
CSV;m1;regeneracao:3;nyrelia;5;dagruve;1;8;440;0;163;morreu
CSV;m1;regeneracao:3;nyrelia;6;dagruve;1;7;691;0;196;morreu
CSV;m0;regeneracao:3;sylas;1;dagruve;1;12;338;45;101;passou
CSV;m0;regeneracao:3;sylas;1;docas;12;15;328;0;123;morreu
CSV;m0;regeneracao:3;sylas;2;dagruve;1;2;61;0;39;morreu
CSV;m0;regeneracao:3;sylas;3;dagruve;1;9;224;0;96;morreu
CSV;m0;regeneracao:3;sylas;4;dagruve;1;12;469;35;54;passou
CSV;m0;regeneracao:3;sylas;4;docas;12;15;388;59;186;passou
CSV;m0;regeneracao:3;sylas;4;shedaklah;15;22;1595;11;583;passou
CSV;m0;regeneracao:3;sylas;4;molor;22;22;48;0;64;morreu
CSV;m0;regeneracao:3;sylas;5;dagruve;1;11;429;39;85;passou
CSV;m0;regeneracao:3;sylas;5;docas;11;14;557;26;164;passou
CSV;m0;regeneracao:3;sylas;5;shedaklah;14;17;597;0;204;morreu
CSV;m0;regeneracao:3;sylas;6;dagruve;1;12;576;38;72;passou
CSV;m0;regeneracao:3;sylas;6;docas;12;15;536;42;229;passou
CSV;m0;regeneracao:3;sylas;6;shedaklah;15;17;563;0;230;morreu
CSV;m1;regeneracao:3;sylas;1;dagruve;1;6;106;0;73;morreu
CSV;m1;regeneracao:3;sylas;2;dagruve;1;14;329;45;87;passou
CSV;m1;regeneracao:3;sylas;2;docas;14;19;333;76;68;passou
CSV;m1;regeneracao:3;sylas;2;shedaklah;19;25;572;21;365;passou
CSV;m1;regeneracao:3;sylas;2;molor;25;26;113;0;159;morreu
CSV;m1;regeneracao:3;sylas;3;dagruve;1;7;145;0;93;morreu
CSV;m1;regeneracao:3;sylas;4;dagruve;1;13;343;27;108;passou
CSV;m1;regeneracao:3;sylas;4;docas;13;16;422;68;117;passou
CSV;m1;regeneracao:3;sylas;4;shedaklah;16;17;226;0;125;morreu
CSV;m1;regeneracao:3;sylas;5;dagruve;1;12;469;58;87;passou
CSV;m1;regeneracao:3;sylas;5;docas;12;14;252;0;99;morreu
CSV;m1;regeneracao:3;sylas;6;dagruve;1;13;325;56;120;passou
CSV;m1;regeneracao:3;sylas;6;docas;13;13;97;0;50;morreu
CSV;m0;regeneracao:3;zynara;1;dagruve;1;2;57;0;36;morreu
CSV;m0;regeneracao:3;zynara;2;dagruve;1;11;855;72;105;passou
CSV;m0;regeneracao:3;zynara;2;docas;11;15;618;36;93;passou
CSV;m0;regeneracao:3;zynara;2;shedaklah;15;18;595;0;147;morreu
CSV;m0;regeneracao:3;zynara;3;dagruve;1;12;1249;19;244;passou
CSV;m0;regeneracao:3;zynara;3;docas;12;12;81;0;49;morreu
CSV;m0;regeneracao:3;zynara;4;dagruve;1;11;889;40;162;passou
CSV;m0;regeneracao:3;zynara;4;docas;11;11;151;0;78;morreu
CSV;m0;regeneracao:3;zynara;5;dagruve;1;11;607;31;121;passou
CSV;m0;regeneracao:3;zynara;5;docas;11;13;791;6;329;passou
CSV;m0;regeneracao:3;zynara;5;shedaklah;13;13;387;0;223;morreu
CSV;m0;regeneracao:3;zynara;6;dagruve;1;3;65;0;45;morreu
CSV;m1;regeneracao:3;zynara;1;dagruve;1;12;921;60;213;passou
CSV;m1;regeneracao:3;zynara;1;docas;12;15;513;0;282;passou
CSV;m1;regeneracao:3;zynara;1;shedaklah;15;16;199;0;198;morreu
CSV;m1;regeneracao:3;zynara;2;dagruve;1;11;337;59;94;passou
CSV;m1;regeneracao:3;zynara;2;docas;11;15;626;4;219;passou
CSV;m1;regeneracao:3;zynara;2;shedaklah;15;15;73;0;56;morreu
CSV;m1;regeneracao:3;zynara;3;dagruve;1;10;632;34;157;passou
CSV;m1;regeneracao:3;zynara;3;docas;10;12;195;0;107;morreu
CSV;m1;regeneracao:3;zynara;4;dagruve;1;10;476;51;75;passou
CSV;m1;regeneracao:3;zynara;4;docas;10;17;373;76;68;passou
CSV;m1;regeneracao:3;zynara;4;shedaklah;17;17;59;0;66;morreu
CSV;m1;regeneracao:3;zynara;5;dagruve;1;2;57;0;43;morreu
CSV;m1;regeneracao:3;zynara;6;dagruve;1;12;779;36;214;passou
CSV;m1;regeneracao:3;zynara;6;docas;12;17;427;14;247;passou
CSV;m1;regeneracao:3;zynara;6;shedaklah;17;18;270;0;129;morreu
CSV;m0;regeneracao:5;bromnor;1;dagruve;1;14;1508;73;189;passou
CSV;m0;regeneracao:5;bromnor;1;docas;14;16;625;50;127;passou
CSV;m0;regeneracao:5;bromnor;1;shedaklah;16;18;743;0;264;morreu
CSV;m0;regeneracao:5;bromnor;2;dagruve;1;13;1692;44;406;passou
CSV;m0;regeneracao:5;bromnor;2;docas;13;15;389;13;165;passou
CSV;m0;regeneracao:5;bromnor;2;shedaklah;15;18;1242;0;313;morreu
CSV;m0;regeneracao:5;bromnor;3;dagruve;1;12;954;75;109;passou
CSV;m0;regeneracao:5;bromnor;3;docas;12;15;612;62;116;passou
CSV;m0;regeneracao:5;bromnor;3;shedaklah;15;18;1864;0;449;morreu
CSV;m0;regeneracao:5;bromnor;4;dagruve;1;8;399;50;61;passou
CSV;m0;regeneracao:5;bromnor;4;docas;8;16;384;67;65;passou
CSV;m0;regeneracao:5;bromnor;4;shedaklah;16;17;137;0;135;morreu
CSV;m0;regeneracao:5;bromnor;5;dagruve;1;10;504;58;85;passou
CSV;m0;regeneracao:5;bromnor;5;docas;10;16;430;74;66;passou
CSV;m0;regeneracao:5;bromnor;5;shedaklah;16;16;41;0;63;morreu
CSV;m0;regeneracao:5;bromnor;6;dagruve;1;9;401;88;14;passou
CSV;m0;regeneracao:5;bromnor;6;docas;9;15;349;36;139;passou
CSV;m0;regeneracao:5;bromnor;6;shedaklah;15;24;569;57;132;passou
CSV;m0;regeneracao:5;bromnor;6;molor;24;28;293;0;248;morreu
CSV;m1;regeneracao:5;bromnor;1;dagruve;1;13;1980;76;239;passou
CSV;m1;regeneracao:5;bromnor;1;docas;13;15;559;50;124;passou
CSV;m1;regeneracao:5;bromnor;1;shedaklah;15;18;1596;0;351;morreu
CSV;m1;regeneracao:5;bromnor;2;dagruve;1;12;857;85;68;passou
CSV;m1;regeneracao:5;bromnor;2;docas;12;16;457;21;157;passou
CSV;m1;regeneracao:5;bromnor;2;shedaklah;16;23;1770;0;570;morreu
CSV;m1;regeneracao:5;bromnor;3;dagruve;1;12;918;63;136;passou
CSV;m1;regeneracao:5;bromnor;3;docas;12;14;730;41;124;passou
CSV;m1;regeneracao:5;bromnor;3;shedaklah;14;17;1273;0;444;morreu
CSV;m1;regeneracao:5;bromnor;4;dagruve;1;11;598;65;69;passou
CSV;m1;regeneracao:5;bromnor;4;docas;11;16;399;55;108;passou
CSV;m1;regeneracao:5;bromnor;4;shedaklah;16;16;232;0;114;morreu
CSV;m1;regeneracao:5;bromnor;5;dagruve;1;12;2065;74;323;passou
CSV;m1;regeneracao:5;bromnor;5;docas;12;15;483;35;172;passou
CSV;m1;regeneracao:5;bromnor;5;shedaklah;15;15;308;0;132;morreu
CSV;m1;regeneracao:5;bromnor;6;dagruve;1;11;1306;74;112;passou
CSV;m1;regeneracao:5;bromnor;6;docas;11;14;545;69;157;passou
CSV;m1;regeneracao:5;bromnor;6;shedaklah;14;19;1602;0;450;morreu
CSV;m0;regeneracao:5;brook;1;dagruve;1;13;1204;11;168;passou
CSV;m0;regeneracao:5;brook;1;docas;13;17;539;37;137;passou
CSV;m0;regeneracao:5;brook;1;shedaklah;17;20;449;0;308;morreu
CSV;m0;regeneracao:5;brook;2;dagruve;1;12;1272;36;312;passou
CSV;m0;regeneracao:5;brook;2;docas;12;14;257;0;126;morreu
CSV;m0;regeneracao:5;brook;3;dagruve;1;13;2310;31;588;passou
CSV;m0;regeneracao:5;brook;3;docas;13;16;635;34;182;passou
CSV;m0;regeneracao:5;brook;3;shedaklah;16;17;523;0;187;morreu
CSV;m0;regeneracao:5;brook;4;dagruve;1;12;1572;0;357;morreu
CSV;m0;regeneracao:5;brook;5;dagruve;1;2;53;0;47;morreu
CSV;m0;regeneracao:5;brook;6;dagruve;1;10;1819;0;313;morreu
CSV;m1;regeneracao:5;brook;1;dagruve;1;10;529;85;58;passou
CSV;m1;regeneracao:5;brook;1;docas;10;11;75;0;77;morreu
CSV;m1;regeneracao:5;brook;2;dagruve;1;13;1431;74;175;passou
CSV;m1;regeneracao:5;brook;2;docas;13;14;75;0;57;morreu
CSV;m1;regeneracao:5;brook;3;dagruve;1;13;1728;22;586;passou
CSV;m1;regeneracao:5;brook;3;docas;13;15;399;2;215;passou
CSV;m1;regeneracao:5;brook;3;shedaklah;15;21;1415;0;608;morreu
CSV;m1;regeneracao:5;brook;4;dagruve;1;13;1450;74;166;passou
CSV;m1;regeneracao:5;brook;4;docas;13;14;147;0;139;morreu
CSV;m1;regeneracao:5;brook;5;dagruve;1;5;428;0;165;morreu
CSV;m1;regeneracao:5;brook;6;dagruve;1;12;1907;45;332;passou
CSV;m1;regeneracao:5;brook;6;docas;12;14;677;46;143;passou
CSV;m1;regeneracao:5;brook;6;shedaklah;14;15;1647;0;448;morreu
CSV;m0;regeneracao:5;durvall;1;dagruve;1;7;676;0;311;morreu
CSV;m0;regeneracao:5;durvall;2;dagruve;1;16;2848;0;1010;morreu
CSV;m0;regeneracao:5;durvall;3;dagruve;1;9;907;0;274;morreu
CSV;m0;regeneracao:5;durvall;4;dagruve;1;8;673;0;247;morreu
CSV;m0;regeneracao:5;durvall;5;dagruve;1;10;1403;0;482;morreu
CSV;m0;regeneracao:5;durvall;6;dagruve;1;9;964;0;317;morreu
CSV;m1;regeneracao:5;durvall;1;dagruve;1;13;2070;3;611;passou
CSV;m1;regeneracao:5;durvall;1;docas;13;13;132;0;60;morreu
CSV;m1;regeneracao:5;durvall;2;dagruve;1;11;1019;15;306;passou
CSV;m1;regeneracao:5;durvall;2;docas;11;16;368;17;218;passou
CSV;m1;regeneracao:5;durvall;2;shedaklah;16;20;1262;0;372;morreu
CSV;m1;regeneracao:5;durvall;3;dagruve;1;11;1257;0;368;morreu
CSV;m1;regeneracao:5;durvall;4;dagruve;1;12;1516;0;542;morreu
CSV;m1;regeneracao:5;durvall;5;dagruve;1;11;1287;18;517;passou
CSV;m1;regeneracao:5;durvall;5;docas;11;14;468;20;163;passou
CSV;m1;regeneracao:5;durvall;5;shedaklah;14;14;318;0;148;morreu
CSV;m1;regeneracao:5;durvall;6;dagruve;1;10;1043;41;251;passou
CSV;m1;regeneracao:5;durvall;6;docas;10;11;330;0;158;morreu
CSV;m0;regeneracao:5;kayron;1;dagruve;1;12;1754;32;310;passou
CSV;m0;regeneracao:5;kayron;1;docas;12;14;94;0;101;morreu
CSV;m0;regeneracao:5;kayron;2;dagruve;1;10;422;6;152;passou
CSV;m0;regeneracao:5;kayron;2;docas;10;14;217;0;156;morreu
CSV;m0;regeneracao:5;kayron;3;dagruve;1;11;1062;51;341;passou
CSV;m0;regeneracao:5;kayron;3;docas;11;16;551;20;178;passou
CSV;m0;regeneracao:5;kayron;3;shedaklah;16;20;1263;0;460;morreu
CSV;m0;regeneracao:5;kayron;4;dagruve;1;10;323;69;51;passou
CSV;m0;regeneracao:5;kayron;4;docas;10;14;194;0;125;morreu
CSV;m0;regeneracao:5;kayron;5;dagruve;1;11;335;75;55;passou
CSV;m0;regeneracao:5;kayron;5;docas;11;13;126;0;92;morreu
CSV;m0;regeneracao:5;kayron;6;dagruve;1;10;406;65;77;passou
CSV;m0;regeneracao:5;kayron;6;docas;10;15;482;27;237;passou
CSV;m0;regeneracao:5;kayron;6;shedaklah;15;21;838;0;392;morreu
CSV;m1;regeneracao:5;kayron;1;dagruve;1;12;568;40;182;passou
CSV;m1;regeneracao:5;kayron;1;docas;12;12;64;0;62;morreu
CSV;m1;regeneracao:5;kayron;2;dagruve;1;12;394;36;156;passou
CSV;m1;regeneracao:5;kayron;2;docas;12;13;88;0;78;morreu
CSV;m1;regeneracao:5;kayron;3;dagruve;1;3;51;0;64;morreu
CSV;m1;regeneracao:5;kayron;4;dagruve;1;13;390;5;120;passou
CSV;m1;regeneracao:5;kayron;4;docas;13;16;389;0;196;morreu
CSV;m1;regeneracao:5;kayron;5;dagruve;1;12;390;28;137;passou
CSV;m1;regeneracao:5;kayron;5;docas;12;16;499;20;289;passou
CSV;m1;regeneracao:5;kayron;5;shedaklah;16;17;129;0;112;morreu
CSV;m1;regeneracao:5;kayron;6;dagruve;1;12;326;51;116;passou
CSV;m1;regeneracao:5;kayron;6;docas;12;17;374;44;209;passou
CSV;m1;regeneracao:5;kayron;6;shedaklah;17;19;267;0;213;morreu
CSV;m0;regeneracao:5;korrak;1;dagruve;1;13;349;59;131;passou
CSV;m0;regeneracao:5;korrak;1;docas;13;19;317;68;127;passou
CSV;m0;regeneracao:5;korrak;1;shedaklah;19;25;687;0;562;morreu
CSV;m0;regeneracao:5;korrak;2;dagruve;1;10;642;48;142;passou
CSV;m0;regeneracao:5;korrak;2;docas;10;16;509;37;329;passou
CSV;m0;regeneracao:5;korrak;2;shedaklah;16;19;914;0;450;morreu
CSV;m0;regeneracao:5;korrak;3;dagruve;1;11;672;75;130;passou
CSV;m0;regeneracao:5;korrak;3;docas;11;14;444;51;169;passou
CSV;m0;regeneracao:5;korrak;3;shedaklah;14;20;1973;0;962;morreu
CSV;m0;regeneracao:5;korrak;4;dagruve;1;13;758;61;213;passou
CSV;m0;regeneracao:5;korrak;4;docas;13;17;338;68;169;passou
CSV;m0;regeneracao:5;korrak;4;shedaklah;17;22;1265;0;1172;morreu
CSV;m0;regeneracao:5;korrak;5;dagruve;1;13;883;61;443;passou
CSV;m0;regeneracao:5;korrak;5;docas;13;16;570;6;480;passou
CSV;m0;regeneracao:5;korrak;5;shedaklah;16;18;610;0;396;morreu
CSV;m0;regeneracao:5;korrak;6;dagruve;1;11;595;60;182;passou
CSV;m0;regeneracao:5;korrak;6;docas;11;15;386;47;224;passou
CSV;m0;regeneracao:5;korrak;6;shedaklah;15;15;41;0;69;morreu
CSV;m1;regeneracao:5;korrak;1;dagruve;1;9;531;77;138;passou
CSV;m1;regeneracao:5;korrak;1;docas;9;14;379;58;179;passou
CSV;m1;regeneracao:5;korrak;1;shedaklah;14;23;1111;17;780;passou
CSV;m1;regeneracao:5;korrak;1;molor;23;25;288;0;505;morreu
CSV;m1;regeneracao:5;korrak;2;dagruve;1;10;471;83;87;passou
CSV;m1;regeneracao:5;korrak;2;docas;10;14;340;66;179;passou
CSV;m1;regeneracao:5;korrak;2;shedaklah;14;23;2027;44;1570;passou
CSV;m1;regeneracao:5;korrak;2;molor;23;24;831;0;598;morreu
CSV;m1;regeneracao:5;korrak;3;dagruve;1;11;394;70;92;passou
CSV;m1;regeneracao:5;korrak;3;docas;11;15;378;58;379;passou
CSV;m1;regeneracao:5;korrak;3;shedaklah;15;25;1245;0;1583;morreu
CSV;m1;regeneracao:5;korrak;4;dagruve;1;11;564;75;152;passou
CSV;m1;regeneracao:5;korrak;4;docas;11;14;461;9;315;passou
CSV;m1;regeneracao:5;korrak;4;shedaklah;14;20;2020;37;1194;passou
CSV;m1;regeneracao:5;korrak;4;molor;20;22;545;0;907;morreu
CSV;m1;regeneracao:5;korrak;5;dagruve;1;9;383;76;59;passou
CSV;m1;regeneracao:5;korrak;5;docas;9;13;333;60;229;passou
CSV;m1;regeneracao:5;korrak;5;shedaklah;13;15;266;0;257;morreu
CSV;m1;regeneracao:5;korrak;6;dagruve;1;11;559;83;103;passou
CSV;m1;regeneracao:5;korrak;6;docas;11;16;377;80;233;passou
CSV;m1;regeneracao:5;korrak;6;shedaklah;16;24;3050;29;2588;passou
CSV;m1;regeneracao:5;korrak;6;molor;24;30;3593;10;2228;passou
CSV;m0;regeneracao:5;leoric;1;dagruve;1;10;358;44;113;passou
CSV;m0;regeneracao:5;leoric;1;docas;10;10;65;0;46;morreu
CSV;m0;regeneracao:5;leoric;2;dagruve;1;12;484;22;131;passou
CSV;m0;regeneracao:5;leoric;2;docas;12;14;308;0;139;morreu
CSV;m0;regeneracao:5;leoric;3;dagruve;1;11;577;17;201;passou
CSV;m0;regeneracao:5;leoric;3;docas;11;12;62;0;53;morreu
CSV;m0;regeneracao:5;leoric;4;dagruve;1;12;716;33;159;passou
CSV;m0;regeneracao:5;leoric;4;docas;12;15;387;0;273;morreu
CSV;m0;regeneracao:5;leoric;5;dagruve;1;11;856;46;188;passou
CSV;m0;regeneracao:5;leoric;5;docas;11;14;523;0;177;morreu
CSV;m0;regeneracao:5;leoric;6;dagruve;1;15;340;25;158;passou
CSV;m0;regeneracao:5;leoric;6;docas;15;15;62;0;72;morreu
CSV;m1;regeneracao:5;leoric;1;dagruve;1;12;846;42;265;passou
CSV;m1;regeneracao:5;leoric;1;docas;12;13;346;0;227;morreu
CSV;m1;regeneracao:5;leoric;2;dagruve;1;11;185;0;135;morreu
CSV;m1;regeneracao:5;leoric;3;dagruve;1;12;684;13;185;passou
CSV;m1;regeneracao:5;leoric;3;docas;12;12;51;0;72;morreu
CSV;m1;regeneracao:5;leoric;4;dagruve;1;12;648;34;135;passou
CSV;m1;regeneracao:5;leoric;4;docas;12;13;136;0;95;morreu
CSV;m1;regeneracao:5;leoric;5;dagruve;1;12;970;50;149;passou
CSV;m1;regeneracao:5;leoric;5;docas;12;15;562;72;140;passou
CSV;m1;regeneracao:5;leoric;5;shedaklah;15;18;485;0;279;morreu
CSV;m1;regeneracao:5;leoric;6;dagruve;1;14;323;54;83;passou
CSV;m1;regeneracao:5;leoric;6;docas;14;15;87;0;90;morreu
CSV;m0;regeneracao:5;maelor;1;dagruve;1;2;50;0;57;morreu
CSV;m0;regeneracao:5;maelor;2;dagruve;1;11;329;69;70;passou
CSV;m0;regeneracao:5;maelor;2;docas;11;16;487;46;182;passou
CSV;m0;regeneracao:5;maelor;2;shedaklah;16;21;579;0;177;morreu
CSV;m0;regeneracao:5;maelor;3;dagruve;1;11;592;53;110;passou
CSV;m0;regeneracao:5;maelor;3;docas;11;14;455;34;215;passou
CSV;m0;regeneracao:5;maelor;3;shedaklah;14;17;640;0;243;morreu
CSV;m0;regeneracao:5;maelor;4;dagruve;1;10;370;54;126;passou
CSV;m0;regeneracao:5;maelor;4;docas;10;11;131;0;87;morreu
CSV;m0;regeneracao:5;maelor;5;dagruve;1;11;554;37;124;passou
CSV;m0;regeneracao:5;maelor;5;docas;11;12;76;0;58;morreu
CSV;m0;regeneracao:5;maelor;6;dagruve;1;13;876;22;417;passou
CSV;m0;regeneracao:5;maelor;6;docas;13;14;206;0;142;morreu
CSV;m1;regeneracao:5;maelor;1;dagruve;1;2;49;0;51;morreu
CSV;m1;regeneracao:5;maelor;2;dagruve;1;11;340;84;58;passou
CSV;m1;regeneracao:5;maelor;2;docas;11;18;342;8;245;passou
CSV;m1;regeneracao:5;maelor;2;shedaklah;18;23;587;24;398;passou
CSV;m1;regeneracao:5;maelor;2;molor;23;24;99;0;145;morreu
CSV;m1;regeneracao:5;maelor;3;dagruve;1;4;93;0;55;morreu
CSV;m1;regeneracao:5;maelor;4;dagruve;1;11;395;9;228;passou
CSV;m1;regeneracao:5;maelor;4;docas;11;15;592;0;416;morreu
CSV;m1;regeneracao:5;maelor;5;dagruve;1;10;482;62;91;passou
CSV;m1;regeneracao:5;maelor;5;docas;10;12;165;0;167;morreu
CSV;m1;regeneracao:5;maelor;6;dagruve;1;4;79;0;67;morreu
CSV;m0;regeneracao:5;nyrelia;1;dagruve;1;12;2293;0;933;morreu
CSV;m0;regeneracao:5;nyrelia;2;dagruve;1;9;475;62;76;passou
CSV;m0;regeneracao:5;nyrelia;2;docas;9;10;190;0;86;morreu
CSV;m0;regeneracao:5;nyrelia;3;dagruve;1;11;361;62;101;passou
CSV;m0;regeneracao:5;nyrelia;3;docas;11;12;73;0;60;morreu
CSV;m0;regeneracao:5;nyrelia;4;dagruve;1;5;350;0;108;morreu
CSV;m0;regeneracao:5;nyrelia;5;dagruve;1;14;2137;1;774;passou
CSV;m0;regeneracao:5;nyrelia;5;docas;14;15;176;0;101;morreu
CSV;m0;regeneracao:5;nyrelia;6;dagruve;1;5;339;0;148;morreu
CSV;m1;regeneracao:5;nyrelia;1;dagruve;1;12;524;31;123;passou
CSV;m1;regeneracao:5;nyrelia;1;docas;12;12;43;0;42;morreu
CSV;m1;regeneracao:5;nyrelia;2;dagruve;1;8;414;0;171;morreu
CSV;m1;regeneracao:5;nyrelia;3;dagruve;1;9;1004;0;352;morreu
CSV;m1;regeneracao:5;nyrelia;4;dagruve;1;10;551;47;96;passou
CSV;m1;regeneracao:5;nyrelia;4;docas;10;11;177;0;94;morreu
CSV;m1;regeneracao:5;nyrelia;5;dagruve;1;11;791;49;164;passou
CSV;m1;regeneracao:5;nyrelia;5;docas;11;12;66;0;55;morreu
CSV;m1;regeneracao:5;nyrelia;6;dagruve;1;7;693;0;224;morreu
CSV;m0;regeneracao:5;sylas;1;dagruve;1;13;470;64;86;passou
CSV;m0;regeneracao:5;sylas;1;docas;13;16;509;28;137;passou
CSV;m0;regeneracao:5;sylas;1;shedaklah;16;18;642;0;229;morreu
CSV;m0;regeneracao:5;sylas;2;dagruve;1;2;61;0;40;morreu
CSV;m0;regeneracao:5;sylas;3;dagruve;1;7;146;0;74;morreu
CSV;m0;regeneracao:5;sylas;4;dagruve;1;10;368;80;29;passou
CSV;m0;regeneracao:5;sylas;4;docas;10;12;153;0;64;morreu
CSV;m0;regeneracao:5;sylas;5;dagruve;1;11;519;70;110;passou
CSV;m0;regeneracao:5;sylas;5;docas;11;15;629;50;222;passou
CSV;m0;regeneracao:5;sylas;5;shedaklah;15;19;1524;0;530;morreu
CSV;m0;regeneracao:5;sylas;6;dagruve;1;10;422;41;130;passou
CSV;m0;regeneracao:5;sylas;6;docas;10;14;416;0;148;morreu
CSV;m1;regeneracao:5;sylas;1;dagruve;1;12;400;21;124;passou
CSV;m1;regeneracao:5;sylas;1;docas;12;16;318;0;238;morreu
CSV;m1;regeneracao:5;sylas;2;dagruve;1;12;340;79;68;passou
CSV;m1;regeneracao:5;sylas;2;docas;12;14;156;0;96;morreu
CSV;m1;regeneracao:5;sylas;3;dagruve;1;12;333;77;39;passou
CSV;m1;regeneracao:5;sylas;3;docas;12;15;371;0;213;passou
CSV;m1;regeneracao:5;sylas;3;shedaklah;15;15;50;0;75;morreu
CSV;m1;regeneracao:5;sylas;4;dagruve;1;13;325;53;97;passou
CSV;m1;regeneracao:5;sylas;4;docas;13;15;214;0;113;morreu
CSV;m1;regeneracao:5;sylas;5;dagruve;1;12;318;81;56;passou
CSV;m1;regeneracao:5;sylas;5;docas;12;17;333;67;64;passou
CSV;m1;regeneracao:5;sylas;5;shedaklah;17;18;86;0;98;morreu
CSV;m1;regeneracao:5;sylas;6;dagruve;1;13;317;60;102;passou
CSV;m1;regeneracao:5;sylas;6;docas;13;18;342;11;152;passou
CSV;m1;regeneracao:5;sylas;6;shedaklah;18;24;573;32;344;passou
CSV;m1;regeneracao:5;sylas;6;molor;24;25;100;0;120;morreu
CSV;m0;regeneracao:5;zynara;1;dagruve;1;2;57;0;37;morreu
CSV;m0;regeneracao:5;zynara;2;dagruve;1;11;922;73;105;passou
CSV;m0;regeneracao:5;zynara;2;docas;11;14;570;16;136;passou
CSV;m0;regeneracao:5;zynara;2;shedaklah;14;15;144;0;122;morreu
CSV;m0;regeneracao:5;zynara;3;dagruve;1;9;527;82;65;passou
CSV;m0;regeneracao:5;zynara;3;docas;9;15;530;46;141;passou
CSV;m0;regeneracao:5;zynara;3;shedaklah;15;17;637;0;293;morreu
CSV;m0;regeneracao:5;zynara;4;dagruve;1;14;1522;18;306;passou
CSV;m0;regeneracao:5;zynara;4;docas;14;16;598;53;119;passou
CSV;m0;regeneracao:5;zynara;4;shedaklah;16;17;873;0;360;morreu
CSV;m0;regeneracao:5;zynara;5;dagruve;1;9;343;25;78;passou
CSV;m0;regeneracao:5;zynara;5;docas;9;16;437;51;153;passou
CSV;m0;regeneracao:5;zynara;5;shedaklah;16;17;84;0;56;morreu
CSV;m0;regeneracao:5;zynara;6;dagruve;1;10;636;51;90;passou
CSV;m0;regeneracao:5;zynara;6;docas;10;15;534;1;222;passou
CSV;m0;regeneracao:5;zynara;6;shedaklah;15;20;1081;0;386;morreu
CSV;m1;regeneracao:5;zynara;1;dagruve;1;12;1072;73;159;passou
CSV;m1;regeneracao:5;zynara;1;docas;12;16;395;40;155;passou
CSV;m1;regeneracao:5;zynara;1;shedaklah;16;19;630;0;246;morreu
CSV;m1;regeneracao:5;zynara;2;dagruve;1;10;327;59;96;passou
CSV;m1;regeneracao:5;zynara;2;docas;10;17;350;54;185;passou
CSV;m1;regeneracao:5;zynara;2;shedaklah;17;21;593;0;210;morreu
CSV;m1;regeneracao:5;zynara;3;dagruve;1;8;363;52;75;passou
CSV;m1;regeneracao:5;zynara;3;docas;8;11;184;0;138;morreu
CSV;m1;regeneracao:5;zynara;4;dagruve;1;10;529;63;103;passou
CSV;m1;regeneracao:5;zynara;4;docas;10;14;500;47;172;passou
CSV;m1;regeneracao:5;zynara;4;shedaklah;14;17;477;0;233;morreu
CSV;m1;regeneracao:5;zynara;5;dagruve;1;2;57;0;44;morreu
CSV;m1;regeneracao:5;zynara;6;dagruve;1;10;590;51;159;passou
CSV;m1;regeneracao:5;zynara;6;docas;10;11;90;0;54;morreu
