CSV;m1;F;none;korrak;1;dagruve;1;12;354;47;203;passou
CSV;m1;F;none;korrak;1;docas;12;17;397;36;252;passou
CSV;m1;F;none;korrak;1;shedaklah;17;20;457;0;362;morreu
CSV;m1;F;none;korrak;2;dagruve;1;11;467;74;117;passou
CSV;m1;F;none;korrak;2;docas;11;16;385;52;303;passou
CSV;m1;F;none;korrak;2;shedaklah;16;19;731;0;354;morreu
CSV;m1;F;none;korrak;3;dagruve;1;10;514;57;141;passou
CSV;m1;F;none;korrak;3;docas;10;14;447;21;302;passou
CSV;m1;F;none;korrak;3;shedaklah;14;15;312;0;245;morreu
CSV;m1;F;none;korrak;4;dagruve;1;10;417;72;129;passou
CSV;m1;F;none;korrak;4;docas;10;11;114;0;111;morreu
CSV;m1;F;none;korrak;5;dagruve;1;9;353;75;48;passou
CSV;m1;F;none;korrak;5;docas;9;15;418;1;214;passou
CSV;m1;F;none;korrak;5;shedaklah;15;21;963;33;577;passou
CSV;m1;F;none;korrak;5;molor;21;25;755;0;767;morreu
CSV;m1;F;none;korrak;6;dagruve;1;11;718;76;182;passou
CSV;m1;F;none;korrak;6;docas;11;14;594;54;199;passou
CSV;m1;F;none;korrak;6;shedaklah;14;19;1446;0;694;morreu
CSV;m1;F;none;korrak;7;dagruve;1;10;567;77;78;passou
CSV;m1;F;none;korrak;7;docas;10;14;388;32;212;passou
CSV;m1;F;none;korrak;7;shedaklah;14;18;1626;0;597;morreu
CSV;m1;F;none;korrak;8;dagruve;1;11;354;40;217;passou
CSV;m1;F;none;korrak;8;docas;11;16;436;44;320;passou
CSV;m1;F;none;korrak;8;shedaklah;16;20;1037;22;867;passou
CSV;m1;F;none;korrak;8;molor;20;21;82;0;134;morreu
CSV;m1;F;none;korrak;9;dagruve;1;11;804;64;177;passou
CSV;m1;F;none;korrak;9;docas;11;12;58;0;84;morreu
CSV;m1;F;none;korrak;10;dagruve;1;12;712;78;170;passou
CSV;m1;F;none;korrak;10;docas;12;15;352;44;142;passou
CSV;m1;F;none;korrak;10;shedaklah;15;19;2604;0;991;morreu
