CSV;m0;A;none;korrak;1;dagruve;1;12;337;51;177;passou
CSV;m0;A;none;korrak;1;docas;12;18;404;26;378;passou
CSV;m0;A;none;korrak;1;shedaklah;18;21;435;0;311;morreu
CSV;m0;A;none;korrak;2;dagruve;1;13;1432;56;265;passou
CSV;m0;A;none;korrak;2;docas;13;16;487;51;243;passou
CSV;m0;A;none;korrak;2;shedaklah;16;23;1715;0;1088;morreu
CSV;m0;A;none;korrak;3;dagruve;1;14;1848;49;523;passou
CSV;m0;A;none;korrak;3;docas;14;17;365;0;153;morreu
CSV;m0;A;none;korrak;4;dagruve;1;13;758;39;211;passou
CSV;m0;A;none;korrak;4;docas;13;17;338;42;170;passou
CSV;m0;A;none;korrak;4;shedaklah;17;22;1228;0;1015;morreu
CSV;m0;A;none;korrak;5;dagruve;1;11;644;43;187;passou
CSV;m0;A;none;korrak;5;docas;11;14;466;6;258;passou
CSV;m0;A;none;korrak;5;shedaklah;14;17;1220;0;607;morreu
CSV;m0;A;none;korrak;6;dagruve;1;12;636;61;149;passou
CSV;m0;A;none;korrak;6;docas;12;15;513;32;256;passou
CSV;m0;A;none;korrak;6;shedaklah;15;16;113;0;136;morreu
CSV;m0;A;none;korrak;7;dagruve;1;12;565;58;116;passou
CSV;m0;A;none;korrak;7;docas;12;15;536;29;234;passou
CSV;m0;A;none;korrak;7;shedaklah;15;18;694;0;405;morreu
CSV;m0;A;none;korrak;8;dagruve;1;11;647;53;272;passou
CSV;m0;A;none;korrak;8;docas;11;15;501;67;231;passou
CSV;m0;A;none;korrak;8;shedaklah;15;17;838;0;408;morreu
CSV;m0;A;none;korrak;9;dagruve;1;12;363;41;136;passou
CSV;m0;A;none;korrak;9;docas;12;16;410;26;392;passou
CSV;m0;A;none;korrak;9;shedaklah;16;17;211;0;227;morreu
CSV;m0;A;none;korrak;10;dagruve;1;12;404;51;202;passou
CSV;m0;A;none;korrak;10;docas;12;14;140;0;311;morreu
