CSV;m0;sendrinah_cura;bromnor;1;dagruve;1;12;2546;85;30;passou
CSV;m0;sendrinah_cura;bromnor;1;docas;12;15;588;46;79;passou
CSV;m0;sendrinah_cura;bromnor;1;shedaklah;15;17;456;0;89;morreu
KIND;m0;sendrinah_cura;bromnor;1;0;0;0
CSV;m0;sendrinah_cura;bromnor;2;dagruve;1;9;455;100;0;passou
CSV;m0;sendrinah_cura;bromnor;2;docas;9;13;466;5;123;passou
CSV;m0;sendrinah_cura;bromnor;2;shedaklah;13;19;622;0;86;morreu
KIND;m0;sendrinah_cura;bromnor;2;0;0;0
CSV;m0;sendrinah_cura;bromnor;3;dagruve;1;13;1673;86;33;passou
CSV;m0;sendrinah_cura;bromnor;3;docas;13;18;523;100;0;passou
CSV;m0;sendrinah_cura;bromnor;3;shedaklah;18;22;1135;0;124;morreu
KIND;m0;sendrinah_cura;bromnor;3;0;0;0
CSV;m0;sendrinah_cura;bromnor;4;dagruve;1;10;544;74;27;passou
CSV;m0;sendrinah_cura;bromnor;4;docas;10;15;483;85;37;passou
CSV;m0;sendrinah_cura;bromnor;4;shedaklah;15;19;609;0;198;morreu
KIND;m0;sendrinah_cura;bromnor;4;0;0;0
CSV;m0;sendrinah_cura;bromnor;5;dagruve;1;10;1038;90;13;passou
CSV;m0;sendrinah_cura;bromnor;5;docas;10;11;309;0;71;morreu
KIND;m0;sendrinah_cura;bromnor;5;0;0;0
CSV;m0;sendrinah_cura;bromnor;6;dagruve;1;12;1700;51;79;passou
CSV;m0;sendrinah_cura;bromnor;6;docas;12;16;667;42;42;passou
CSV;m0;sendrinah_cura;bromnor;6;shedaklah;16;20;1560;0;184;morreu
KIND;m0;sendrinah_cura;bromnor;6;0;0;0
CSV;m1;sendrinah_cura;bromnor;1;dagruve;1;13;4608;57;105;passou
CSV;m1;sendrinah_cura;bromnor;1;docas;13;14;594;100;2;passou
CSV;m1;sendrinah_cura;bromnor;1;shedaklah;14;16;1560;0;230;morreu
KIND;m1;sendrinah_cura;bromnor;1;0;0;0
CSV;m1;sendrinah_cura;bromnor;2;dagruve;1;13;2770;86;22;passou
CSV;m1;sendrinah_cura;bromnor;2;docas;13;14;592;99;0;passou
CSV;m1;sendrinah_cura;bromnor;2;shedaklah;14;15;555;0;138;morreu
KIND;m1;sendrinah_cura;bromnor;2;0;0;0
CSV;m1;sendrinah_cura;bromnor;3;dagruve;1;13;2435;67;125;passou
CSV;m1;sendrinah_cura;bromnor;3;docas;13;15;643;83;26;passou
CSV;m1;sendrinah_cura;bromnor;3;shedaklah;15;17;1213;0;274;morreu
KIND;m1;sendrinah_cura;bromnor;3;0;0;0
CSV;m1;sendrinah_cura;bromnor;4;dagruve;1;9;433;94;4;passou
CSV;m1;sendrinah_cura;bromnor;4;docas;9;15;479;89;8;passou
CSV;m1;sendrinah_cura;bromnor;4;shedaklah;15;21;990;0;272;morreu
KIND;m1;sendrinah_cura;bromnor;4;0;0;0
CSV;m1;sendrinah_cura;bromnor;5;dagruve;1;9;576;100;0;passou
CSV;m1;sendrinah_cura;bromnor;5;docas;9;15;531;94;8;passou
CSV;m1;sendrinah_cura;bromnor;5;shedaklah;15;21;1077;0;412;morreu
KIND;m1;sendrinah_cura;bromnor;5;0;0;0
CSV;m1;sendrinah_cura;bromnor;6;dagruve;1;12;1708;98;1;passou
CSV;m1;sendrinah_cura;bromnor;6;docas;12;15;494;36;66;passou
CSV;m1;sendrinah_cura;bromnor;6;shedaklah;15;17;722;0;111;morreu
KIND;m1;sendrinah_cura;bromnor;6;0;0;0
CSV;m0;sendrinah_cura;brook;1;dagruve;1;2;47;0;42;morreu
KIND;m0;sendrinah_cura;brook;1;0;0;0
CSV;m0;sendrinah_cura;brook;2;dagruve;1;10;706;47;69;passou
CSV;m0;sendrinah_cura;brook;2;docas;10;12;123;0;73;morreu
KIND;m0;sendrinah_cura;brook;2;0;0;0
CSV;m0;sendrinah_cura;brook;3;dagruve;1;12;2512;67;152;passou
CSV;m0;sendrinah_cura;brook;3;docas;12;14;835;78;38;passou
CSV;m0;sendrinah_cura;brook;3;shedaklah;14;14;125;0;52;morreu
KIND;m0;sendrinah_cura;brook;3;0;0;0
CSV;m0;sendrinah_cura;brook;4;dagruve;1;3;55;0;42;morreu
KIND;m0;sendrinah_cura;brook;4;0;0;0
CSV;m0;sendrinah_cura;brook;5;dagruve;1;11;983;35;59;passou
CSV;m0;sendrinah_cura;brook;5;docas;11;14;690;64;71;passou
CSV;m0;sendrinah_cura;brook;5;shedaklah;14;15;135;0;90;morreu
KIND;m0;sendrinah_cura;brook;5;0;0;0
CSV;m0;sendrinah_cura;brook;6;dagruve;1;12;2620;3;325;passou
CSV;m0;sendrinah_cura;brook;6;docas;12;12;76;0;49;morreu
KIND;m0;sendrinah_cura;brook;6;0;0;0
CSV;m1;sendrinah_cura;brook;1;dagruve;1;9;377;94;5;passou
CSV;m1;sendrinah_cura;brook;1;docas;9;16;556;97;1;passou
CSV;m1;sendrinah_cura;brook;1;shedaklah;16;16;86;0;70;morreu
KIND;m1;sendrinah_cura;brook;1;0;0;0
CSV;m1;sendrinah_cura;brook;2;dagruve;1;13;1812;28;175;passou
CSV;m1;sendrinah_cura;brook;2;docas;13;14;819;69;77;passou
CSV;m1;sendrinah_cura;brook;2;shedaklah;14;17;865;0;262;morreu
KIND;m1;sendrinah_cura;brook;2;0;0;0
CSV;m1;sendrinah_cura;brook;3;dagruve;1;10;1151;86;20;passou
CSV;m1;sendrinah_cura;brook;3;docas;10;10;78;0;60;morreu
KIND;m1;sendrinah_cura;brook;3;0;0;0
CSV;m1;sendrinah_cura;brook;4;dagruve;1;7;1339;0;128;morreu
KIND;m1;sendrinah_cura;brook;4;0;0;0
CSV;m1;sendrinah_cura;brook;5;dagruve;1;11;2283;0;305;morreu
KIND;m1;sendrinah_cura;brook;5;0;0;0
CSV;m1;sendrinah_cura;brook;6;dagruve;1;12;1565;90;26;passou
CSV;m1;sendrinah_cura;brook;6;docas;12;14;783;0;134;morreu
KIND;m1;sendrinah_cura;brook;6;0;0;0
CSV;m0;sendrinah_cura;durvall;1;dagruve;1;6;339;0;119;morreu
KIND;m0;sendrinah_cura;durvall;1;0;0;0
CSV;m0;sendrinah_cura;durvall;2;dagruve;1;8;395;0;112;morreu
KIND;m0;sendrinah_cura;durvall;2;0;0;0
CSV;m0;sendrinah_cura;durvall;3;dagruve;1;10;1274;0;232;morreu
KIND;m0;sendrinah_cura;durvall;3;0;0;0
CSV;m0;sendrinah_cura;durvall;4;dagruve;1;13;1994;0;332;morreu
KIND;m0;sendrinah_cura;durvall;4;0;0;0
CSV;m0;sendrinah_cura;durvall;5;dagruve;1;5;344;0;71;morreu
KIND;m0;sendrinah_cura;durvall;5;0;0;0
CSV;m0;sendrinah_cura;durvall;6;dagruve;1;7;452;0;132;morreu
KIND;m0;sendrinah_cura;durvall;6;0;0;0
CSV;m1;sendrinah_cura;durvall;1;dagruve;1;10;1890;0;300;morreu
KIND;m1;sendrinah_cura;durvall;1;0;0;0
CSV;m1;sendrinah_cura;durvall;2;dagruve;1;12;1838;50;140;passou
CSV;m1;sendrinah_cura;durvall;2;docas;12;14;591;64;67;passou
CSV;m1;sendrinah_cura;durvall;2;shedaklah;14;17;1346;0;194;morreu
KIND;m1;sendrinah_cura;durvall;2;0;0;0
CSV;m1;sendrinah_cura;durvall;3;dagruve;1;11;1397;0;215;morreu
KIND;m1;sendrinah_cura;durvall;3;0;0;0
CSV;m1;sendrinah_cura;durvall;4;dagruve;1;6;431;0;87;morreu
KIND;m1;sendrinah_cura;durvall;4;0;0;0
CSV;m1;sendrinah_cura;durvall;5;dagruve;1;7;606;0;128;morreu
KIND;m1;sendrinah_cura;durvall;5;0;0;0
CSV;m1;sendrinah_cura;durvall;6;dagruve;1;12;1295;8;187;passou
CSV;m1;sendrinah_cura;durvall;6;docas;12;13;360;0;116;morreu
KIND;m1;sendrinah_cura;durvall;6;0;0;0
CSV;m0;sendrinah_cura;kayron;1;dagruve;1;11;350;52;33;passou
CSV;m0;sendrinah_cura;kayron;1;docas;11;15;389;0;117;morreu
KIND;m0;sendrinah_cura;kayron;1;0;0;0
CSV;m0;sendrinah_cura;kayron;2;dagruve;1;11;715;85;18;passou
CSV;m0;sendrinah_cura;kayron;2;docas;11;17;338;13;91;passou
CSV;m0;sendrinah_cura;kayron;2;shedaklah;17;21;474;0;202;morreu
KIND;m0;sendrinah_cura;kayron;2;0;0;0
CSV;m0;sendrinah_cura;kayron;3;dagruve;1;5;102;0;56;morreu
KIND;m0;sendrinah_cura;kayron;3;0;0;0
CSV;m0;sendrinah_cura;kayron;4;dagruve;1;6;156;0;70;morreu
KIND;m0;sendrinah_cura;kayron;4;0;0;0
CSV;m0;sendrinah_cura;kayron;5;dagruve;1;3;67;0;39;morreu
KIND;m0;sendrinah_cura;kayron;5;0;0;0
CSV;m0;sendrinah_cura;kayron;6;dagruve;1;11;528;15;57;passou
CSV;m0;sendrinah_cura;kayron;6;docas;11;13;110;0;54;morreu
KIND;m0;sendrinah_cura;kayron;6;0;0;0
CSV;m1;sendrinah_cura;kayron;1;dagruve;1;11;334;19;40;passou
CSV;m1;sendrinah_cura;kayron;1;docas;11;16;337;28;163;passou
CSV;m1;sendrinah_cura;kayron;1;shedaklah;16;17;68;0;62;morreu
KIND;m1;sendrinah_cura;kayron;1;0;0;0
CSV;m1;sendrinah_cura;kayron;2;dagruve;1;14;962;93;7;passou
CSV;m1;sendrinah_cura;kayron;2;docas;14;18;565;0;142;morreu
KIND;m1;sendrinah_cura;kayron;2;0;0;0
CSV;m1;sendrinah_cura;kayron;3;dagruve;1;11;688;78;58;passou
CSV;m1;sendrinah_cura;kayron;3;docas;11;13;524;49;156;passou
CSV;m1;sendrinah_cura;kayron;3;shedaklah;13;16;1084;0;333;morreu
KIND;m1;sendrinah_cura;kayron;3;0;0;0
CSV;m1;sendrinah_cura;kayron;4;dagruve;1;13;992;68;24;passou
CSV;m1;sendrinah_cura;kayron;4;docas;13;15;144;0;76;morreu
KIND;m1;sendrinah_cura;kayron;4;0;0;0
CSV;m1;sendrinah_cura;kayron;5;dagruve;1;11;346;83;14;passou
CSV;m1;sendrinah_cura;kayron;5;docas;11;12;84;0;59;morreu
KIND;m1;sendrinah_cura;kayron;5;0;0;0
CSV;m1;sendrinah_cura;kayron;6;dagruve;1;11;669;79;21;passou
CSV;m1;sendrinah_cura;kayron;6;docas;11;12;145;0;71;morreu
KIND;m1;sendrinah_cura;kayron;6;0;0;0
CSV;m0;sendrinah_cura;korrak;1;dagruve;1;11;394;90;4;passou
CSV;m0;sendrinah_cura;korrak;1;docas;11;16;354;55;99;passou
CSV;m0;sendrinah_cura;korrak;1;shedaklah;16;19;262;0;212;morreu
KIND;m0;sendrinah_cura;korrak;1;0;0;0
CSV;m0;sendrinah_cura;korrak;2;dagruve;1;11;639;71;36;passou
CSV;m0;sendrinah_cura;korrak;2;docas;11;16;449;65;213;passou
CSV;m0;sendrinah_cura;korrak;2;shedaklah;16;21;857;0;421;morreu
KIND;m0;sendrinah_cura;korrak;2;0;0;0
CSV;m0;sendrinah_cura;korrak;3;dagruve;1;8;405;76;19;passou
CSV;m0;sendrinah_cura;korrak;3;docas;8;13;176;0;237;morreu
KIND;m0;sendrinah_cura;korrak;3;0;0;0
CSV;m0;sendrinah_cura;korrak;4;dagruve;1;13;1084;69;144;passou
CSV;m0;sendrinah_cura;korrak;4;docas;13;15;410;26;224;passou
CSV;m0;sendrinah_cura;korrak;4;shedaklah;15;17;1191;0;232;morreu
KIND;m0;sendrinah_cura;korrak;4;0;0;0
CSV;m0;sendrinah_cura;korrak;5;dagruve;1;10;441;76;61;passou
CSV;m0;sendrinah_cura;korrak;5;docas;10;14;529;44;250;passou
CSV;m0;sendrinah_cura;korrak;5;shedaklah;14;16;397;0;199;morreu
KIND;m0;sendrinah_cura;korrak;5;0;0;0
CSV;m0;sendrinah_cura;korrak;6;dagruve;1;11;409;84;25;passou
CSV;m0;sendrinah_cura;korrak;6;docas;11;16;496;20;167;passou
CSV;m0;sendrinah_cura;korrak;6;shedaklah;16;21;1038;0;400;morreu
KIND;m0;sendrinah_cura;korrak;6;0;0;0
CSV;m1;sendrinah_cura;korrak;1;dagruve;1;12;674;81;31;passou
CSV;m1;sendrinah_cura;korrak;1;docas;12;16;442;62;72;passou
CSV;m1;sendrinah_cura;korrak;1;shedaklah;16;20;1452;0;695;morreu
KIND;m1;sendrinah_cura;korrak;1;0;0;0
CSV;m1;sendrinah_cura;korrak;2;dagruve;1;10;604;84;17;passou
CSV;m1;sendrinah_cura;korrak;2;docas;10;14;484;53;102;passou
CSV;m1;sendrinah_cura;korrak;2;shedaklah;14;16;542;0;98;morreu
KIND;m1;sendrinah_cura;korrak;2;0;0;0
CSV;m1;sendrinah_cura;korrak;3;dagruve;1;12;805;79;51;passou
CSV;m1;sendrinah_cura;korrak;3;docas;12;16;416;59;83;passou
CSV;m1;sendrinah_cura;korrak;3;shedaklah;16;24;2195;0;2211;morreu
KIND;m1;sendrinah_cura;korrak;3;0;0;0
CSV;m1;sendrinah_cura;korrak;4;dagruve;1;11;755;71;43;passou
CSV;m1;sendrinah_cura;korrak;4;docas;11;16;461;63;108;passou
CSV;m1;sendrinah_cura;korrak;4;shedaklah;16;17;65;0;178;morreu
KIND;m1;sendrinah_cura;korrak;4;0;0;0
CSV;m1;sendrinah_cura;korrak;5;dagruve;1;12;697;80;38;passou
CSV;m1;sendrinah_cura;korrak;5;docas;12;16;415;99;7;passou
CSV;m1;sendrinah_cura;korrak;5;shedaklah;16;25;2918;15;1049;passou
CSV;m1;sendrinah_cura;korrak;5;molor;25;31;2274;53;1121;passou
KIND;m1;sendrinah_cura;korrak;5;0;0;0
CSV;m1;sendrinah_cura;korrak;6;dagruve;1;11;595;84;23;passou
CSV;m1;sendrinah_cura;korrak;6;docas;11;14;436;42;203;passou
CSV;m1;sendrinah_cura;korrak;6;shedaklah;14;18;689;0;451;morreu
KIND;m1;sendrinah_cura;korrak;6;0;0;0
CSV;m0;sendrinah_cura;leoric;1;dagruve;1;1;50;0;33;morreu
KIND;m0;sendrinah_cura;leoric;1;0;0;0
CSV;m0;sendrinah_cura;leoric;2;dagruve;1;12;1078;61;97;passou
CSV;m0;sendrinah_cura;leoric;2;docas;12;12;70;0;53;morreu
KIND;m0;sendrinah_cura;leoric;2;0;0;0
CSV;m0;sendrinah_cura;leoric;3;dagruve;1;8;473;0;61;morreu
KIND;m0;sendrinah_cura;leoric;3;0;0;0
CSV;m0;sendrinah_cura;leoric;4;dagruve;1;12;726;39;41;passou
CSV;m0;sendrinah_cura;leoric;4;docas;12;12;63;0;45;morreu
KIND;m0;sendrinah_cura;leoric;4;0;0;0
CSV;m0;sendrinah_cura;leoric;5;dagruve;1;8;431;0;71;morreu
KIND;m0;sendrinah_cura;leoric;5;0;0;0
CSV;m0;sendrinah_cura;leoric;6;dagruve;1;12;1061;55;53;passou
CSV;m0;sendrinah_cura;leoric;6;docas;12;14;322;0;47;morreu
KIND;m0;sendrinah_cura;leoric;6;0;0;0
CSV;m1;sendrinah_cura;leoric;1;dagruve;1;12;735;76;50;passou
CSV;m1;sendrinah_cura;leoric;1;docas;12;12;70;0;49;morreu
KIND;m1;sendrinah_cura;leoric;1;0;0;0
CSV;m1;sendrinah_cura;leoric;2;dagruve;1;12;343;83;21;passou
CSV;m1;sendrinah_cura;leoric;2;docas;12;14;143;0;83;morreu
KIND;m1;sendrinah_cura;leoric;2;0;0;0
CSV;m1;sendrinah_cura;leoric;3;dagruve;1;9;568;0;98;morreu
KIND;m1;sendrinah_cura;leoric;3;0;0;0
CSV;m1;sendrinah_cura;leoric;4;dagruve;1;10;331;49;62;passou
CSV;m1;sendrinah_cura;leoric;4;docas;10;17;398;0;237;passou
CSV;m1;sendrinah_cura;leoric;4;shedaklah;17;24;690;0;265;morreu
KIND;m1;sendrinah_cura;leoric;4;0;0;0
CSV;m1;sendrinah_cura;leoric;5;dagruve;1;10;633;79;11;passou
CSV;m1;sendrinah_cura;leoric;5;docas;10;14;400;69;65;passou
CSV;m1;sendrinah_cura;leoric;5;shedaklah;14;16;144;0;83;morreu
KIND;m1;sendrinah_cura;leoric;5;0;0;0
CSV;m1;sendrinah_cura;leoric;6;dagruve;1;15;318;23;109;passou
CSV;m1;sendrinah_cura;leoric;6;docas;15;17;176;0;140;morreu
KIND;m1;sendrinah_cura;leoric;6;0;0;0
CSV;m0;sendrinah_cura;maelor;1;dagruve;1;13;933;60;34;passou
CSV;m0;sendrinah_cura;maelor;1;docas;13;15;447;4;114;passou
CSV;m0;sendrinah_cura;maelor;1;shedaklah;15;17;372;0;181;morreu
KIND;m0;sendrinah_cura;maelor;1;0;0;0
CSV;m0;sendrinah_cura;maelor;2;dagruve;1;2;51;0;40;morreu
KIND;m0;sendrinah_cura;maelor;2;0;0;0
CSV;m0;sendrinah_cura;maelor;3;dagruve;1;10;364;40;39;passou
CSV;m0;sendrinah_cura;maelor;3;docas;10;11;92;0;69;morreu
KIND;m0;sendrinah_cura;maelor;3;0;0;0
CSV;m0;sendrinah_cura;maelor;4;dagruve;1;10;452;40;40;passou
CSV;m0;sendrinah_cura;maelor;4;docas;10;15;460;59;59;passou
CSV;m0;sendrinah_cura;maelor;4;shedaklah;15;16;264;0;126;morreu
KIND;m0;sendrinah_cura;maelor;4;0;0;0
CSV;m0;sendrinah_cura;maelor;5;dagruve;1;12;728;62;18;passou
CSV;m0;sendrinah_cura;maelor;5;docas;12;12;53;0;42;morreu
KIND;m0;sendrinah_cura;maelor;5;0;0;0
CSV;m0;sendrinah_cura;maelor;6;dagruve;1;10;332;82;28;passou
CSV;m0;sendrinah_cura;maelor;6;docas;10;15;430;5;165;passou
CSV;m0;sendrinah_cura;maelor;6;shedaklah;15;15;36;0;63;morreu
KIND;m0;sendrinah_cura;maelor;6;0;0;0
CSV;m1;sendrinah_cura;maelor;1;dagruve;1;11;335;83;10;passou
CSV;m1;sendrinah_cura;maelor;1;docas;11;16;443;33;154;passou
CSV;m1;sendrinah_cura;maelor;1;shedaklah;16;18;544;0;61;morreu
KIND;m1;sendrinah_cura;maelor;1;0;0;0
CSV;m1;sendrinah_cura;maelor;2;dagruve;1;11;482;71;31;passou
CSV;m1;sendrinah_cura;maelor;2;docas;11;15;484;66;43;passou
CSV;m1;sendrinah_cura;maelor;2;shedaklah;15;21;1045;0;492;morreu
KIND;m1;sendrinah_cura;maelor;2;0;0;0
CSV;m1;sendrinah_cura;maelor;3;dagruve;1;11;587;91;17;passou
CSV;m1;sendrinah_cura;maelor;3;docas;11;15;415;92;11;passou
CSV;m1;sendrinah_cura;maelor;3;shedaklah;15;19;922;0;93;morreu
KIND;m1;sendrinah_cura;maelor;3;0;0;0
CSV;m1;sendrinah_cura;maelor;4;dagruve;1;12;985;78;33;passou
CSV;m1;sendrinah_cura;maelor;4;docas;12;13;338;0;147;morreu
KIND;m1;sendrinah_cura;maelor;4;0;0;0
CSV;m1;sendrinah_cura;maelor;5;dagruve;1;12;665;71;32;passou
CSV;m1;sendrinah_cura;maelor;5;docas;12;13;89;0;67;morreu
KIND;m1;sendrinah_cura;maelor;5;0;0;0
CSV;m1;sendrinah_cura;maelor;6;dagruve;1;11;567;97;1;passou
CSV;m1;sendrinah_cura;maelor;6;docas;11;12;71;0;90;morreu
KIND;m1;sendrinah_cura;maelor;6;0;0;0
CSV;m0;sendrinah_cura;nyrelia;1;dagruve;1;9;565;0;115;morreu
KIND;m0;sendrinah_cura;nyrelia;1;0;0;0
CSV;m0;sendrinah_cura;nyrelia;2;dagruve;1;4;248;0;73;morreu
KIND;m0;sendrinah_cura;nyrelia;2;0;0;0
CSV;m0;sendrinah_cura;nyrelia;3;dagruve;1;5;358;0;63;morreu
KIND;m0;sendrinah_cura;nyrelia;3;0;0;0
CSV;m0;sendrinah_cura;nyrelia;4;dagruve;1;13;1933;0;232;morreu
KIND;m0;sendrinah_cura;nyrelia;4;0;0;0
CSV;m0;sendrinah_cura;nyrelia;5;dagruve;1;7;688;0;159;morreu
KIND;m0;sendrinah_cura;nyrelia;5;0;0;0
CSV;m0;sendrinah_cura;nyrelia;6;dagruve;1;10;402;0;114;morreu
KIND;m0;sendrinah_cura;nyrelia;6;0;0;0
CSV;m1;sendrinah_cura;nyrelia;1;dagruve;1;2;106;0;55;morreu
KIND;m1;sendrinah_cura;nyrelia;1;0;0;0
CSV;m1;sendrinah_cura;nyrelia;2;dagruve;1;9;588;0;131;morreu
KIND;m1;sendrinah_cura;nyrelia;2;0;0;0
CSV;m1;sendrinah_cura;nyrelia;3;dagruve;1;9;888;0;110;morreu
KIND;m1;sendrinah_cura;nyrelia;3;0;0;0
CSV;m1;sendrinah_cura;nyrelia;4;dagruve;1;2;86;0;51;morreu
KIND;m1;sendrinah_cura;nyrelia;4;0;0;0
CSV;m1;sendrinah_cura;nyrelia;5;dagruve;1;13;2623;7;359;passou
CSV;m1;sendrinah_cura;nyrelia;5;docas;13;13;62;0;63;morreu
KIND;m1;sendrinah_cura;nyrelia;5;0;0;0
CSV;m1;sendrinah_cura;nyrelia;6;dagruve;1;9;1106;0;162;morreu
KIND;m1;sendrinah_cura;nyrelia;6;0;0;0
CSV;m0;sendrinah_cura;sylas;1;dagruve;1;12;350;80;19;passou
CSV;m0;sendrinah_cura;sylas;1;docas;12;18;358;69;56;passou
CSV;m0;sendrinah_cura;sylas;1;shedaklah;18;25;1220;39;268;passou
CSV;m0;sendrinah_cura;sylas;1;molor;25;27;435;0;195;morreu
KIND;m0;sendrinah_cura;sylas;1;0;0;0
CSV;m0;sendrinah_cura;sylas;2;dagruve;1;12;364;94;3;passou
CSV;m0;sendrinah_cura;sylas;2;docas;12;17;414;85;8;passou
CSV;m0;sendrinah_cura;sylas;2;shedaklah;17;17;82;0;73;morreu
KIND;m0;sendrinah_cura;sylas;2;0;0;0
CSV;m0;sendrinah_cura;sylas;3;dagruve;1;11;388;62;25;passou
CSV;m0;sendrinah_cura;sylas;3;docas;11;15;456;57;99;passou
CSV;m0;sendrinah_cura;sylas;3;shedaklah;15;15;36;0;51;morreu
KIND;m0;sendrinah_cura;sylas;3;0;0;0
CSV;m0;sendrinah_cura;sylas;4;dagruve;1;11;362;75;26;passou
CSV;m0;sendrinah_cura;sylas;4;docas;11;14;380;0;115;morreu
KIND;m0;sendrinah_cura;sylas;4;0;0;0
CSV;m0;sendrinah_cura;sylas;5;dagruve;1;12;630;93;4;passou
CSV;m0;sendrinah_cura;sylas;5;docas;12;13;240;0;85;morreu
KIND;m0;sendrinah_cura;sylas;5;0;0;0
CSV;m0;sendrinah_cura;sylas;6;dagruve;1;10;355;64;73;passou
CSV;m0;sendrinah_cura;sylas;6;docas;10;17;347;44;142;passou
CSV;m0;sendrinah_cura;sylas;6;shedaklah;17;22;585;0;190;morreu
KIND;m0;sendrinah_cura;sylas;6;0;0;0
CSV;m1;sendrinah_cura;sylas;1;dagruve;1;13;326;62;38;passou
CSV;m1;sendrinah_cura;sylas;1;docas;13;18;353;60;49;passou
CSV;m1;sendrinah_cura;sylas;1;shedaklah;18;23;636;80;18;passou
CSV;m1;sendrinah_cura;sylas;1;molor;23;28;525;0;133;morreu
KIND;m1;sendrinah_cura;sylas;1;0;0;0
CSV;m1;sendrinah_cura;sylas;2;dagruve;1;12;623;71;42;passou
CSV;m1;sendrinah_cura;sylas;2;docas;12;15;461;23;118;passou
CSV;m1;sendrinah_cura;sylas;2;shedaklah;15;18;776;0;168;morreu
KIND;m1;sendrinah_cura;sylas;2;0;0;0
CSV;m1;sendrinah_cura;sylas;3;dagruve;1;11;329;90;11;passou
CSV;m1;sendrinah_cura;sylas;3;docas;11;15;447;15;193;passou
CSV;m1;sendrinah_cura;sylas;3;shedaklah;15;16;191;0;83;morreu
KIND;m1;sendrinah_cura;sylas;3;0;0;0
CSV;m1;sendrinah_cura;sylas;4;dagruve;1;11;378;13;121;passou
CSV;m1;sendrinah_cura;sylas;4;docas;11;14;190;0;84;morreu
KIND;m1;sendrinah_cura;sylas;4;0;0;0
CSV;m1;sendrinah_cura;sylas;5;dagruve;1;12;462;93;5;passou
CSV;m1;sendrinah_cura;sylas;5;docas;12;15;407;25;124;passou
CSV;m1;sendrinah_cura;sylas;5;shedaklah;15;18;586;0;168;morreu
KIND;m1;sendrinah_cura;sylas;5;0;0;0
CSV;m1;sendrinah_cura;sylas;6;dagruve;1;8;97;0;62;morreu
KIND;m1;sendrinah_cura;sylas;6;0;0;0
CSV;m0;sendrinah_cura;zynara;1;dagruve;1;1;57;0;34;morreu
KIND;m0;sendrinah_cura;zynara;1;0;0;0
CSV;m0;sendrinah_cura;zynara;2;dagruve;1;10;1004;0;83;morreu
KIND;m0;sendrinah_cura;zynara;2;0;0;0
CSV;m0;sendrinah_cura;zynara;3;dagruve;1;10;765;69;23;passou
CSV;m0;sendrinah_cura;zynara;3;docas;10;15;677;12;131;passou
CSV;m0;sendrinah_cura;zynara;3;shedaklah;15;17;683;0;125;morreu
KIND;m0;sendrinah_cura;zynara;3;0;0;0
CSV;m0;sendrinah_cura;zynara;4;dagruve;1;10;750;0;109;morreu
KIND;m0;sendrinah_cura;zynara;4;0;0;0
CSV;m0;sendrinah_cura;zynara;5;dagruve;1;11;979;17;91;passou
CSV;m0;sendrinah_cura;zynara;5;docas;11;12;230;0;69;morreu
KIND;m0;sendrinah_cura;zynara;5;0;0;0
CSV;m0;sendrinah_cura;zynara;6;dagruve;1;10;603;90;11;passou
CSV;m0;sendrinah_cura;zynara;6;docas;10;12;406;0;94;morreu
KIND;m0;sendrinah_cura;zynara;6;0;0;0
CSV;m1;sendrinah_cura;zynara;1;dagruve;1;12;1078;49;74;passou
CSV;m1;sendrinah_cura;zynara;1;docas;12;15;707;10;113;passou
CSV;m1;sendrinah_cura;zynara;1;shedaklah;15;16;92;0;76;morreu
KIND;m1;sendrinah_cura;zynara;1;0;0;0
CSV;m1;sendrinah_cura;zynara;2;dagruve;1;12;1202;22;140;passou
CSV;m1;sendrinah_cura;zynara;2;docas;12;15;692;27;185;passou
CSV;m1;sendrinah_cura;zynara;2;shedaklah;15;17;737;0;220;morreu
KIND;m1;sendrinah_cura;zynara;2;0;0;0
CSV;m1;sendrinah_cura;zynara;3;dagruve;1;9;408;61;29;passou
CSV;m1;sendrinah_cura;zynara;3;docas;9;10;102;0;56;morreu
KIND;m1;sendrinah_cura;zynara;3;0;0;0
CSV;m1;sendrinah_cura;zynara;4;dagruve;1;12;947;62;38;passou
CSV;m1;sendrinah_cura;zynara;4;docas;12;14;677;73;45;passou
CSV;m1;sendrinah_cura;zynara;4;shedaklah;14;16;724;0;106;morreu
KIND;m1;sendrinah_cura;zynara;4;0;0;0
CSV;m1;sendrinah_cura;zynara;5;dagruve;1;9;466;84;22;passou
CSV;m1;sendrinah_cura;zynara;5;docas;9;13;295;0;102;morreu
KIND;m1;sendrinah_cura;zynara;5;0;0;0
CSV;m1;sendrinah_cura;zynara;6;dagruve;1;9;359;71;17;passou
CSV;m1;sendrinah_cura;zynara;6;docas;9;16;527;26;54;passou
CSV;m1;sendrinah_cura;zynara;6;shedaklah;16;18;863;0;135;morreu
KIND;m1;sendrinah_cura;zynara;6;0;0;0
