CSV;m0;none;bromnor;1;dagruve;1;11;627;81;34;passou
CSV;m0;none;bromnor;1;docas;11;15;448;76;48;passou
CSV;m0;none;bromnor;1;shedaklah;15;20;856;0;235;morreu
KIND;m0;none;bromnor;1;0;0;0
CSV;m0;none;bromnor;2;dagruve;1;11;500;34;66;passou
CSV;m0;none;bromnor;2;docas;11;17;419;79;64;passou
CSV;m0;none;bromnor;2;shedaklah;17;22;854;0;326;morreu
KIND;m0;none;bromnor;2;0;0;0
CSV;m0;none;bromnor;3;dagruve;1;13;335;37;50;passou
CSV;m0;none;bromnor;3;docas;13;17;384;78;67;passou
CSV;m0;none;bromnor;3;shedaklah;17;23;1054;0;259;morreu
KIND;m0;none;bromnor;3;0;0;0
CSV;m0;none;bromnor;4;dagruve;1;12;969;70;39;passou
CSV;m0;none;bromnor;4;docas;12;16;498;5;67;passou
CSV;m0;none;bromnor;4;shedaklah;16;17;303;0;53;morreu
KIND;m0;none;bromnor;4;0;0;0
CSV;m0;none;bromnor;5;dagruve;1;12;627;63;50;passou
CSV;m0;none;bromnor;5;docas;12;12;198;0;68;morreu
KIND;m0;none;bromnor;5;0;0;0
CSV;m0;none;bromnor;6;dagruve;1;15;1438;76;166;passou
CSV;m0;none;bromnor;6;docas;15;17;535;49;242;passou
CSV;m0;none;bromnor;6;shedaklah;17;19;1178;0;526;morreu
KIND;m0;none;bromnor;6;0;0;0
CSV;m1;none;bromnor;1;dagruve;1;12;392;47;66;passou
CSV;m1;none;bromnor;1;docas;12;16;533;57;133;passou
CSV;m1;none;bromnor;1;shedaklah;16;24;1438;0;618;morreu
KIND;m1;none;bromnor;1;0;0;0
CSV;m1;none;bromnor;2;dagruve;1;9;163;0;62;morreu
KIND;m1;none;bromnor;2;0;0;0
CSV;m1;none;bromnor;3;dagruve;1;13;609;63;79;passou
CSV;m1;none;bromnor;3;docas;13;15;637;68;85;passou
CSV;m1;none;bromnor;3;shedaklah;15;22;703;84;98;passou
CSV;m1;none;bromnor;3;molor;22;24;302;0;219;morreu
KIND;m1;none;bromnor;3;0;0;0
CSV;m1;none;bromnor;4;dagruve;1;12;517;43;77;passou
CSV;m1;none;bromnor;4;docas;12;16;364;75;62;passou
CSV;m1;none;bromnor;4;shedaklah;16;20;993;0;334;morreu
KIND;m1;none;bromnor;4;0;0;0
CSV;m1;none;bromnor;5;dagruve;1;13;323;60;59;passou
CSV;m1;none;bromnor;5;docas;13;18;342;91;60;passou
CSV;m1;none;bromnor;5;shedaklah;18;25;665;46;224;passou
CSV;m1;none;bromnor;5;molor;25;30;613;2;346;passou
KIND;m1;none;bromnor;5;0;0;0
CSV;m1;none;bromnor;6;dagruve;1;13;487;87;47;passou
CSV;m1;none;bromnor;6;docas;13;16;464;20;145;passou
CSV;m1;none;bromnor;6;shedaklah;16;24;1148;1;453;passou
CSV;m1;none;bromnor;6;molor;24;26;385;0;179;morreu
KIND;m1;none;bromnor;6;0;0;0
CSV;m0;none;brook;1;dagruve;1;11;674;81;97;passou
CSV;m0;none;brook;1;docas;11;14;522;17;157;passou
CSV;m0;none;brook;1;shedaklah;14;15;45;0;68;morreu
KIND;m0;none;brook;1;0;0;0
CSV;m0;none;brook;2;dagruve;1;11;754;82;68;passou
CSV;m0;none;brook;2;docas;11;13;361;0;50;morreu
KIND;m0;none;brook;2;0;0;0
CSV;m0;none;brook;3;dagruve;1;11;339;75;47;passou
CSV;m0;none;brook;3;docas;11;12;127;0;94;morreu
KIND;m0;none;brook;3;0;0;0
CSV;m0;none;brook;4;dagruve;1;12;724;46;127;passou
CSV;m0;none;brook;4;docas;12;14;779;59;107;passou
CSV;m0;none;brook;4;shedaklah;14;18;875;0;226;morreu
KIND;m0;none;brook;4;0;0;0
CSV;m0;none;brook;5;dagruve;1;8;287;0;40;morreu
KIND;m0;none;brook;5;0;0;0
CSV;m0;none;brook;6;dagruve;1;5;143;0;46;morreu
KIND;m0;none;brook;6;0;0;0
CSV;m1;none;brook;1;dagruve;1;12;980;68;69;passou
CSV;m1;none;brook;1;docas;12;15;518;45;123;passou
CSV;m1;none;brook;1;shedaklah;15;15;253;0;141;morreu
KIND;m1;none;brook;1;0;0;0
CSV;m1;none;brook;2;dagruve;1;11;329;78;27;passou
CSV;m1;none;brook;2;docas;11;17;337;80;51;passou
CSV;m1;none;brook;2;shedaklah;17;24;606;64;156;passou
CSV;m1;none;brook;2;molor;24;29;762;0;604;morreu
KIND;m1;none;brook;2;0;0;0
CSV;m1;none;brook;3;dagruve;1;5;120;0;48;morreu
KIND;m1;none;brook;3;0;0;0
CSV;m1;none;brook;4;dagruve;1;12;818;71;112;passou
CSV;m1;none;brook;4;docas;12;15;679;66;147;passou
CSV;m1;none;brook;4;shedaklah;15;16;259;0;143;morreu
KIND;m1;none;brook;4;0;0;0
CSV;m1;none;brook;5;dagruve;1;13;593;0;128;morreu
KIND;m1;none;brook;5;0;0;0
CSV;m1;none;brook;6;dagruve;1;11;475;76;41;passou
CSV;m1;none;brook;6;docas;11;15;374;81;57;passou
CSV;m1;none;brook;6;shedaklah;15;23;1241;25;786;?
KIND;m1;none;brook;6;0;0;0
CSV;m0;none;durvall;1;dagruve;1;3;51;0;38;morreu
KIND;m0;none;durvall;1;0;0;0
CSV;m0;none;durvall;2;dagruve;1;11;625;43;145;passou
CSV;m0;none;durvall;2;docas;11;14;237;0;247;morreu
KIND;m0;none;durvall;2;0;0;0
CSV;m0;none;durvall;3;dagruve;1;3;57;0;38;morreu
KIND;m0;none;durvall;3;0;0;0
CSV;m0;none;durvall;4;dagruve;1;11;840;36;164;passou
CSV;m0;none;durvall;4;docas;11;15;434;39;150;passou
CSV;m0;none;durvall;4;shedaklah;15;18;624;0;202;morreu
KIND;m0;none;durvall;4;0;0;0
CSV;m0;none;durvall;5;dagruve;1;5;95;0;38;morreu
KIND;m0;none;durvall;5;0;0;0
CSV;m0;none;durvall;6;dagruve;1;5;70;0;38;morreu
KIND;m0;none;durvall;6;0;0;0
CSV;m1;none;durvall;1;dagruve;1;7;208;0;46;morreu
KIND;m1;none;durvall;1;0;0;0
CSV;m1;none;durvall;2;dagruve;1;12;785;42;230;passou
CSV;m1;none;durvall;2;docas;12;13;39;0;67;morreu
KIND;m1;none;durvall;2;0;0;0
CSV;m1;none;durvall;3;dagruve;1;6;85;0;46;morreu
KIND;m1;none;durvall;3;0;0;0
CSV;m1;none;durvall;4;dagruve;1;13;732;41;116;passou
CSV;m1;none;durvall;4;docas;13;15;506;9;256;passou
CSV;m1;none;durvall;4;shedaklah;15;20;1358;0;623;morreu
KIND;m1;none;durvall;4;0;0;0
CSV;m1;none;durvall;5;dagruve;1;9;351;0;58;morreu
KIND;m1;none;durvall;5;0;0;0
CSV;m1;none;durvall;6;dagruve;1;5;52;0;63;morreu
KIND;m1;none;durvall;6;0;0;0
CSV;m0;none;kayron;1;dagruve;1;14;323;48;101;passou
CSV;m0;none;kayron;1;docas;14;19;343;75;84;passou
CSV;m0;none;kayron;1;shedaklah;19;26;640;38;120;passou
CSV;m0;none;kayron;1;molor;26;30;733;57;317;passou
KIND;m0;none;kayron;1;0;0;0
CSV;m0;none;kayron;2;dagruve;1;14;357;81;94;passou
CSV;m0;none;kayron;2;docas;14;19;358;73;144;passou
CSV;m0;none;kayron;2;shedaklah;19;25;1306;0;902;morreu
KIND;m0;none;kayron;2;0;0;0
CSV;m0;none;kayron;3;dagruve;1;5;67;0;48;morreu
KIND;m0;none;kayron;3;0;0;0
CSV;m0;none;kayron;4;dagruve;1;15;333;64;98;passou
CSV;m0;none;kayron;4;docas;15;19;316;0;120;morreu
KIND;m0;none;kayron;4;0;0;0
CSV;m0;none;kayron;5;dagruve;1;14;317;60;36;?
KIND;m0;none;kayron;5;0;0;0
CSV;m0;none;kayron;6;dagruve;1;7;93;0;53;morreu
KIND;m0;none;kayron;6;0;0;0
CSV;m1;none;kayron;1;dagruve;1;15;309;77;63;passou
CSV;m1;none;kayron;1;docas;15;19;325;69;55;passou
CSV;m1;none;kayron;1;shedaklah;19;25;559;53;191;passou
CSV;m1;none;kayron;1;molor;25;30;625;39;757;passou
KIND;m1;none;kayron;1;0;0;0
CSV;m1;none;kayron;2;dagruve;1;14;349;78;90;passou
CSV;m1;none;kayron;2;docas;14;19;350;64;173;passou
CSV;m1;none;kayron;2;shedaklah;19;25;698;53;780;passou
CSV;m1;none;kayron;2;molor;25;31;691;51;746;passou
KIND;m1;none;kayron;2;0;0;0
CSV;m1;none;kayron;3;dagruve;1;14;227;0;67;morreu
KIND;m1;none;kayron;3;0;0;0
CSV;m1;none;kayron;4;dagruve;1;15;338;73;83;passou
CSV;m1;none;kayron;4;docas;15;20;395;35;371;passou
CSV;m1;none;kayron;4;shedaklah;20;20;43;0;75;morreu
KIND;m1;none;kayron;4;0;0;0
CSV;m1;none;kayron;5;dagruve;1;15;329;42;48;passou
CSV;m1;none;kayron;5;docas;15;19;334;42;105;passou
CSV;m1;none;kayron;5;shedaklah;19;24;577;60;207;passou
CSV;m1;none;kayron;5;molor;24;30;1097;0;884;morreu
KIND;m1;none;kayron;5;0;0;0
CSV;m1;none;kayron;6;dagruve;1;12;318;79;50;passou
CSV;m1;none;kayron;6;docas;12;17;242;0;159;morreu
KIND;m1;none;kayron;6;0;0;0
CSV;m0;none;korrak;1;dagruve;1;12;516;73;124;passou
CSV;m0;none;korrak;1;docas;12;15;453;52;267;passou
CSV;m0;none;korrak;1;shedaklah;15;17;406;0;357;morreu
KIND;m0;none;korrak;1;0;0;0
CSV;m0;none;korrak;2;dagruve;1;13;455;72;133;passou
CSV;m0;none;korrak;2;docas;13;17;372;23;206;passou
CSV;m0;none;korrak;2;shedaklah;17;24;1653;0;859;morreu
KIND;m0;none;korrak;2;0;0;0
CSV;m0;none;korrak;3;dagruve;1;13;340;69;137;passou
CSV;m0;none;korrak;3;docas;13;18;341;69;103;passou
CSV;m0;none;korrak;3;shedaklah;18;18;67;0;191;morreu
KIND;m0;none;korrak;3;0;0;0
CSV;m0;none;korrak;4;dagruve;1;11;413;69;104;passou
CSV;m0;none;korrak;4;docas;11;15;494;10;302;passou
CSV;m0;none;korrak;4;shedaklah;15;17;554;0;313;morreu
KIND;m0;none;korrak;4;0;0;0
CSV;m0;none;korrak;5;dagruve;1;12;619;52;166;passou
CSV;m0;none;korrak;5;docas;12;15;470;53;210;passou
CSV;m0;none;korrak;5;shedaklah;15;15;25;0;63;morreu
KIND;m0;none;korrak;5;0;0;0
CSV;m0;none;korrak;6;dagruve;1;13;676;69;173;passou
CSV;m0;none;korrak;6;docas;13;18;377;54;276;passou
CSV;m0;none;korrak;6;shedaklah;18;24;1234;24;1367;passou
CSV;m0;none;korrak;6;molor;24;28;1592;0;1538;morreu
KIND;m0;none;korrak;6;0;0;0
CSV;m1;none;korrak;1;dagruve;1;11;415;73;123;passou
CSV;m1;none;korrak;1;docas;11;15;466;3;430;passou
CSV;m1;none;korrak;1;shedaklah;15;16;219;0;311;morreu
KIND;m1;none;korrak;1;0;0;0
CSV;m1;none;korrak;2;dagruve;1;14;726;60;247;passou
CSV;m1;none;korrak;2;docas;14;16;422;66;241;passou
CSV;m1;none;korrak;2;shedaklah;16;21;855;0;847;morreu
KIND;m1;none;korrak;2;0;0;0
CSV;m1;none;korrak;3;dagruve;1;12;458;59;153;passou
CSV;m1;none;korrak;3;docas;12;15;463;53;278;passou
CSV;m1;none;korrak;3;shedaklah;15;22;2412;16;2054;passou
CSV;m1;none;korrak;3;molor;22;25;738;0;939;morreu
KIND;m1;none;korrak;3;0;0;0
CSV;m1;none;korrak;4;dagruve;1;11;349;66;140;passou
CSV;m1;none;korrak;4;docas;11;17;348;54;352;passou
CSV;m1;none;korrak;4;shedaklah;17;23;1329;24;1278;passou
CSV;m1;none;korrak;4;molor;23;28;857;24;780;passou
KIND;m1;none;korrak;4;0;0;0
CSV;m1;none;korrak;5;dagruve;1;12;551;78;77;passou
CSV;m1;none;korrak;5;docas;12;15;387;59;302;passou
CSV;m1;none;korrak;5;shedaklah;15;20;1040;0;623;morreu
KIND;m1;none;korrak;5;0;0;0
CSV;m1;none;korrak;6;dagruve;1;13;383;79;72;passou
CSV;m1;none;korrak;6;docas;13;17;353;51;234;passou
CSV;m1;none;korrak;6;shedaklah;17;17;63;0;148;morreu
KIND;m1;none;korrak;6;0;0;0
CSV;m0;none;leoric;1;dagruve;1;5;77;0;32;morreu
KIND;m0;none;leoric;1;0;0;0
CSV;m0;none;leoric;2;dagruve;1;12;369;61;56;passou
CSV;m0;none;leoric;2;docas;12;13;93;0;38;morreu
KIND;m0;none;leoric;2;0;0;0
CSV;m0;none;leoric;3;dagruve;1;11;369;42;77;passou
CSV;m0;none;leoric;3;docas;11;15;489;26;208;passou
CSV;m0;none;leoric;3;shedaklah;15;16;37;0;53;morreu
KIND;m0;none;leoric;3;0;0;0
CSV;m0;none;leoric;4;dagruve;1;12;395;50;74;passou
CSV;m0;none;leoric;4;docas;12;13;86;0;53;morreu
KIND;m0;none;leoric;4;0;0;0
CSV;m0;none;leoric;5;dagruve;1;6;73;0;32;morreu
KIND;m0;none;leoric;5;0;0;0
CSV;m0;none;leoric;6;dagruve;1;7;77;0;56;morreu
KIND;m0;none;leoric;6;0;0;0
CSV;m1;none;leoric;1;dagruve;1;5;59;0;43;morreu
KIND;m1;none;leoric;1;0;0;0
CSV;m1;none;leoric;2;dagruve;1;14;348;64;114;passou
CSV;m1;none;leoric;2;docas;14;19;387;23;225;passou
CSV;m1;none;leoric;2;shedaklah;19;23;555;0;294;morreu
KIND;m1;none;leoric;2;0;0;0
CSV;m1;none;leoric;3;dagruve;1;13;391;47;32;passou
CSV;m1;none;leoric;3;docas;13;15;121;0;76;morreu
KIND;m1;none;leoric;3;0;0;0
CSV;m1;none;leoric;4;dagruve;1;13;326;12;75;passou
CSV;m1;none;leoric;4;docas;13;18;393;11;273;passou
CSV;m1;none;leoric;4;shedaklah;18;18;93;0;198;morreu
KIND;m1;none;leoric;4;0;0;0
CSV;m1;none;leoric;5;dagruve;1;15;315;70;62;passou
CSV;m1;none;leoric;5;docas;15;19;338;0;205;morreu
KIND;m1;none;leoric;5;0;0;0
CSV;m1;none;leoric;6;dagruve;1;6;63;0;40;morreu
KIND;m1;none;leoric;6;0;0;0
CSV;m0;none;maelor;1;dagruve;1;12;497;44;134;passou
CSV;m0;none;maelor;1;docas;12;16;445;30;231;passou
CSV;m0;none;maelor;1;shedaklah;16;16;60;0;63;morreu
KIND;m0;none;maelor;1;0;0;0
CSV;m0;none;maelor;2;dagruve;1;13;573;28;162;passou
CSV;m0;none;maelor;2;docas;13;15;390;0;267;morreu
KIND;m0;none;maelor;2;0;0;0
CSV;m0;none;maelor;3;dagruve;1;10;397;72;109;passou
CSV;m0;none;maelor;3;docas;10;15;401;58;169;passou
CSV;m0;none;maelor;3;shedaklah;15;16;66;0;84;morreu
KIND;m0;none;maelor;3;0;0;0
CSV;m0;none;maelor;4;dagruve;1;12;613;25;266;passou
CSV;m0;none;maelor;4;docas;12;16;433;4;320;passou
CSV;m0;none;maelor;4;shedaklah;16;16;30;0;84;morreu
KIND;m0;none;maelor;4;0;0;0
CSV;m0;none;maelor;5;dagruve;1;12;340;78;75;passou
CSV;m0;none;maelor;5;docas;12;14;132;0;106;morreu
KIND;m0;none;maelor;5;0;0;0
CSV;m0;none;maelor;6;dagruve;1;5;127;0;106;morreu
KIND;m0;none;maelor;6;0;0;0
CSV;m1;none;maelor;1;dagruve;1;14;309;76;42;passou
CSV;m1;none;maelor;1;docas;14;19;335;30;181;passou
CSV;m1;none;maelor;1;shedaklah;19;24;585;11;478;passou
CSV;m1;none;maelor;1;molor;24;24;49;0;124;morreu
KIND;m1;none;maelor;1;0;0;0
CSV;m1;none;maelor;2;dagruve;1;14;340;15;155;passou
CSV;m1;none;maelor;2;docas;14;18;345;52;201;passou
CSV;m1;none;maelor;2;shedaklah;18;24;602;0;497;morreu
KIND;m1;none;maelor;2;0;0;0
CSV;m1;none;maelor;3;dagruve;1;12;355;67;96;passou
CSV;m1;none;maelor;3;docas;12;13;86;0;72;morreu
KIND;m1;none;maelor;3;0;0;0
CSV;m1;none;maelor;4;dagruve;1;6;65;0;63;morreu
KIND;m1;none;maelor;4;0;0;0
CSV;m1;none;maelor;5;dagruve;1;11;463;53;118;passou
CSV;m1;none;maelor;5;docas;11;15;598;27;330;passou
CSV;m1;none;maelor;5;shedaklah;15;15;44;0;62;morreu
KIND;m1;none;maelor;5;0;0;0
CSV;m1;none;maelor;6;dagruve;1;12;438;0;128;passou
CSV;m1;none;maelor;6;docas;12;13;138;0;118;morreu
KIND;m1;none;maelor;6;0;0;0
CSV;m0;none;nyrelia;1;dagruve;1;7;141;0;58;morreu
KIND;m0;none;nyrelia;1;0;0;0
CSV;m0;none;nyrelia;2;dagruve;1;3;67;0;32;morreu
KIND;m0;none;nyrelia;2;0;0;0
CSV;m0;none;nyrelia;3;dagruve;1;4;108;0;35;morreu
KIND;m0;none;nyrelia;3;0;0;0
CSV;m0;none;nyrelia;4;dagruve;1;6;63;0;34;morreu
KIND;m0;none;nyrelia;4;0;0;0
CSV;m0;none;nyrelia;5;dagruve;1;12;663;40;224;passou
CSV;m0;none;nyrelia;5;docas;12;13;92;0;78;morreu
KIND;m0;none;nyrelia;5;0;0;0
CSV;m0;none;nyrelia;6;dagruve;1;4;110;0;34;morreu
KIND;m0;none;nyrelia;6;0;0;0
CSV;m1;none;nyrelia;1;dagruve;1;4;54;0;40;morreu
KIND;m1;none;nyrelia;1;0;0;0
CSV;m1;none;nyrelia;2;dagruve;1;5;85;0;40;morreu
KIND;m1;none;nyrelia;2;0;0;0
CSV;m1;none;nyrelia;3;dagruve;1;7;217;0;77;morreu
KIND;m1;none;nyrelia;3;0;0;0
CSV;m1;none;nyrelia;4;dagruve;1;7;174;0;67;morreu
KIND;m1;none;nyrelia;4;0;0;0
CSV;m1;none;nyrelia;5;dagruve;1;4;66;0;50;morreu
KIND;m1;none;nyrelia;5;0;0;0
CSV;m1;none;nyrelia;6;dagruve;1;12;329;53;94;passou
CSV;m1;none;nyrelia;6;docas;12;18;391;9;229;passou
CSV;m1;none;nyrelia;6;shedaklah;18;22;1051;0;597;morreu
KIND;m1;none;nyrelia;6;0;0;0
CSV;m0;none;sylas;1;dagruve;1;13;323;2;41;passou
CSV;m0;none;sylas;1;docas;13;16;255;0;39;morreu
KIND;m0;none;sylas;1;0;0;0
CSV;m0;none;sylas;2;dagruve;1;13;371;15;39;passou
CSV;m0;none;sylas;2;docas;13;13;76;0;21;morreu
KIND;m0;none;sylas;2;0;0;0
CSV;m0;none;sylas;3;dagruve;1;10;200;0;74;morreu
KIND;m0;none;sylas;3;0;0;0
CSV;m0;none;sylas;4;dagruve;1;13;316;2;72;passou
CSV;m0;none;sylas;4;docas;13;18;352;59;160;passou
CSV;m0;none;sylas;4;shedaklah;18;21;204;0;146;morreu
KIND;m0;none;sylas;4;0;0;0
CSV;m0;none;sylas;5;dagruve;1;6;83;0;36;morreu
KIND;m0;none;sylas;5;0;0;0
CSV;m0;none;sylas;6;dagruve;1;13;355;40;88;passou
CSV;m0;none;sylas;6;docas;13;18;334;47;120;passou
CSV;m0;none;sylas;6;shedaklah;18;23;592;14;316;passou
CSV;m0;none;sylas;6;molor;23;27;689;0;576;morreu
KIND;m0;none;sylas;6;0;0;0
CSV;m1;none;sylas;1;dagruve;1;14;327;59;75;passou
CSV;m1;none;sylas;1;docas;14;17;253;0;116;morreu
KIND;m1;none;sylas;1;0;0;0
CSV;m1;none;sylas;2;dagruve;1;14;311;26;42;passou
CSV;m1;none;sylas;2;docas;14;16;155;0;31;morreu
KIND;m1;none;sylas;2;0;0;0
CSV;m1;none;sylas;3;dagruve;1;13;320;9;86;passou
CSV;m1;none;sylas;3;docas;13;18;401;18;213;passou
CSV;m1;none;sylas;3;shedaklah;18;21;464;0;271;morreu
KIND;m1;none;sylas;3;0;0;0
CSV;m1;none;sylas;4;dagruve;1;12;326;16;61;passou
CSV;m1;none;sylas;4;docas;12;17;424;33;115;passou
CSV;m1;none;sylas;4;shedaklah;17;17;61;0;70;morreu
KIND;m1;none;sylas;4;0;0;0
CSV;m1;none;sylas;5;dagruve;1;13;330;76;46;passou
CSV;m1;none;sylas;5;docas;13;18;343;29;203;passou
CSV;m1;none;sylas;5;shedaklah;18;18;53;0;68;morreu
KIND;m1;none;sylas;5;0;0;0
CSV;m1;none;sylas;6;dagruve;1;14;318;67;40;passou
CSV;m1;none;sylas;6;docas;14;18;322;41;170;passou
CSV;m1;none;sylas;6;shedaklah;18;19;121;0;128;morreu
KIND;m1;none;sylas;6;0;0;0
CSV;m0;none;zynara;1;dagruve;1;6;94;0;36;morreu
KIND;m0;none;zynara;1;0;0;0
CSV;m0;none;zynara;2;dagruve;1;6;148;0;40;morreu
KIND;m0;none;zynara;2;0;0;0
CSV;m0;none;zynara;3;dagruve;1;11;545;59;67;passou
CSV;m0;none;zynara;3;docas;11;14;590;16;215;passou
CSV;m0;none;zynara;3;shedaklah;14;15;272;0;86;morreu
KIND;m0;none;zynara;3;0;0;0
CSV;m0;none;zynara;4;dagruve;1;10;389;22;49;passou
CSV;m0;none;zynara;4;docas;10;16;430;7;148;passou
CSV;m0;none;zynara;4;shedaklah;16;17;217;0;46;morreu
KIND;m0;none;zynara;4;0;0;0
CSV;m0;none;zynara;5;dagruve;1;12;680;59;149;passou
CSV;m0;none;zynara;5;docas;12;12;81;0;74;morreu
KIND;m0;none;zynara;5;0;0;0
CSV;m0;none;zynara;6;dagruve;1;11;355;40;69;passou
CSV;m0;none;zynara;6;docas;11;17;422;44;98;passou
CSV;m0;none;zynara;6;shedaklah;17;22;647;11;214;passou
CSV;m0;none;zynara;6;molor;22;23;110;0;116;morreu
KIND;m0;none;zynara;6;0;0;0
CSV;m1;none;zynara;1;dagruve;1;7;109;0;55;morreu
KIND;m1;none;zynara;1;0;0;0
CSV;m1;none;zynara;2;dagruve;1;10;377;3;56;passou
CSV;m1;none;zynara;2;docas;10;10;82;0;17;morreu
KIND;m1;none;zynara;2;0;0;0
CSV;m1;none;zynara;3;dagruve;1;14;362;11;86;passou
CSV;m1;none;zynara;3;docas;14;18;395;43;148;passou
CSV;m1;none;zynara;3;shedaklah;18;24;960;14;412;passou
CSV;m1;none;zynara;3;molor;24;29;665;20;317;passou
KIND;m1;none;zynara;3;0;0;0
CSV;m1;none;zynara;4;dagruve;1;11;349;39;29;passou
CSV;m1;none;zynara;4;docas;11;13;247;0;52;morreu
KIND;m1;none;zynara;4;0;0;0
CSV;m1;none;zynara;5;dagruve;1;11;397;63;73;passou
CSV;m1;none;zynara;5;docas;11;13;141;0;119;morreu
KIND;m1;none;zynara;5;0;0;0
CSV;m1;none;zynara;6;dagruve;1;11;468;72;65;passou
CSV;m1;none;zynara;6;docas;11;15;449;42;210;passou
CSV;m1;none;zynara;6;shedaklah;15;18;1053;0;594;morreu
KIND;m1;none;zynara;6;0;0;0
