CSV;m0;none;bromnor;1;dagruve;1;12;1227;72;123;passou
CSV;m0;none;bromnor;1;docas;12;15;437;69;78;passou
CSV;m0;none;bromnor;1;shedaklah;15;15;57;0;61;morreu
KIND;m0;none;bromnor;1;0;0;0
CSV;m0;none;bromnor;2;dagruve;1;10;1008;43;106;passou
CSV;m0;none;bromnor;2;docas;10;13;453;46;126;passou
CSV;m0;none;bromnor;2;shedaklah;13;14;665;0;108;morreu
KIND;m0;none;bromnor;2;0;0;0
CSV;m0;none;bromnor;3;dagruve;1;10;749;0;96;morreu
KIND;m0;none;bromnor;3;0;0;0
CSV;m0;none;bromnor;4;dagruve;1;12;1242;45;107;passou
CSV;m0;none;bromnor;4;docas;12;14;740;40;204;passou
CSV;m0;none;bromnor;4;shedaklah;14;15;513;0;131;morreu
KIND;m0;none;bromnor;4;0;0;0
CSV;m0;none;bromnor;5;dagruve;1;11;393;67;59;passou
CSV;m0;none;bromnor;5;docas;11;16;357;23;147;passou
CSV;m0;none;bromnor;5;shedaklah;16;24;1192;17;687;passou
CSV;m0;none;bromnor;5;molor;24;30;605;2;510;passou
KIND;m0;none;bromnor;5;0;0;0
CSV;m0;none;bromnor;6;dagruve;1;11;633;77;65;passou
CSV;m0;none;bromnor;6;docas;11;12;135;0;59;morreu
KIND;m0;none;bromnor;6;0;0;0
CSV;m1;none;bromnor;1;dagruve;1;14;992;45;92;passou
CSV;m1;none;bromnor;1;docas;14;16;568;85;40;passou
CSV;m1;none;bromnor;1;shedaklah;16;20;1746;0;709;morreu
KIND;m1;none;bromnor;1;0;0;0
CSV;m1;none;bromnor;2;dagruve;1;11;567;75;54;passou
CSV;m1;none;bromnor;2;docas;11;15;468;75;129;passou
CSV;m1;none;bromnor;2;shedaklah;15;21;1498;0;584;morreu
KIND;m1;none;bromnor;2;0;0;0
CSV;m1;none;bromnor;3;dagruve;1;8;164;0;58;morreu
KIND;m1;none;bromnor;3;0;0;0
CSV;m1;none;bromnor;4;dagruve;1;10;489;79;34;passou
CSV;m1;none;bromnor;4;docas;10;10;135;0;58;morreu
KIND;m1;none;bromnor;4;0;0;0
CSV;m1;none;bromnor;5;dagruve;1;10;475;82;20;passou
CSV;m1;none;bromnor;5;docas;10;13;202;0;144;morreu
KIND;m1;none;bromnor;5;0;0;0
CSV;m1;none;bromnor;6;dagruve;1;10;785;87;22;passou
CSV;m1;none;bromnor;6;docas;10;14;492;74;95;passou
CSV;m1;none;bromnor;6;shedaklah;14;20;1933;0;792;morreu
KIND;m1;none;bromnor;6;0;0;0
CSV;m0;none;brook;1;dagruve;1;13;1391;22;212;passou
CSV;m0;none;brook;1;docas;13;15;560;0;264;morreu
KIND;m0;none;brook;1;0;0;0
CSV;m0;none;brook;2;dagruve;1;11;778;0;86;morreu
KIND;m0;none;brook;2;0;0;0
CSV;m0;none;brook;3;dagruve;1;4;303;0;42;morreu
KIND;m0;none;brook;3;0;0;0
CSV;m0;none;brook;4;dagruve;1;3;49;0;40;morreu
KIND;m0;none;brook;4;0;0;0
CSV;m0;none;brook;5;dagruve;1;6;322;0;56;morreu
KIND;m0;none;brook;5;0;0;0
CSV;m0;none;brook;6;dagruve;1;6;423;0;46;morreu
KIND;m0;none;brook;6;0;0;0
CSV;m1;none;brook;1;dagruve;1;12;2147;12;197;passou
CSV;m1;none;brook;1;docas;12;16;541;65;141;passou
CSV;m1;none;brook;1;shedaklah;16;19;458;0;165;morreu
KIND;m1;none;brook;1;0;0;0
CSV;m1;none;brook;2;dagruve;1;8;159;0;52;morreu
KIND;m1;none;brook;2;0;0;0
CSV;m1;none;brook;3;dagruve;1;12;669;78;110;passou
CSV;m1;none;brook;3;docas;12;13;116;0;97;morreu
KIND;m1;none;brook;3;0;0;0
CSV;m1;none;brook;4;dagruve;1;8;317;0;54;morreu
KIND;m1;none;brook;4;0;0;0
CSV;m1;none;brook;5;dagruve;1;7;432;0;54;morreu
KIND;m1;none;brook;5;0;0;0
CSV;m1;none;brook;6;dagruve;1;14;2781;0;447;morreu
KIND;m1;none;brook;6;0;0;0
CSV;m0;none;durvall;1;dagruve;1;4;130;0;40;morreu
KIND;m0;none;durvall;1;0;0;0
CSV;m0;none;durvall;2;dagruve;1;7;350;0;55;morreu
KIND;m0;none;durvall;2;0;0;0
CSV;m0;none;durvall;3;dagruve;1;9;360;0;169;morreu
KIND;m0;none;durvall;3;0;0;0
CSV;m0;none;durvall;4;dagruve;1;3;84;0;47;morreu
KIND;m0;none;durvall;4;0;0;0
CSV;m0;none;durvall;5;dagruve;1;6;351;0;98;morreu
KIND;m0;none;durvall;5;0;0;0
CSV;m0;none;durvall;6;dagruve;1;12;1179;22;468;passou
CSV;m0;none;durvall;6;docas;12;13;176;0;108;morreu
KIND;m0;none;durvall;6;0;0;0
CSV;m1;none;durvall;1;dagruve;1;11;1634;0;545;morreu
KIND;m1;none;durvall;1;0;0;0
CSV;m1;none;durvall;2;dagruve;1;7;237;0;46;morreu
KIND;m1;none;durvall;2;0;0;0
CSV;m1;none;durvall;3;dagruve;1;5;172;0;46;morreu
KIND;m1;none;durvall;3;0;0;0
CSV;m1;none;durvall;4;dagruve;1;3;41;0;48;morreu
KIND;m1;none;durvall;4;0;0;0
CSV;m1;none;durvall;5;dagruve;1;12;1265;0;352;morreu
KIND;m1;none;durvall;5;0;0;0
CSV;m1;none;durvall;6;dagruve;1;7;507;0;46;morreu
KIND;m1;none;durvall;6;0;0;0
CSV;m0;none;kayron;1;dagruve;1;6;164;0;50;morreu
KIND;m0;none;kayron;1;0;0;0
CSV;m0;none;kayron;2;dagruve;1;8;217;0;44;morreu
KIND;m0;none;kayron;2;0;0;0
CSV;m0;none;kayron;3;dagruve;1;7;84;0;44;morreu
KIND;m0;none;kayron;3;0;0;0
CSV;m0;none;kayron;4;dagruve;1;11;454;10;119;passou
CSV;m0;none;kayron;4;docas;11;12;116;0;66;morreu
KIND;m0;none;kayron;4;0;0;0
CSV;m0;none;kayron;5;dagruve;1;10;379;20;90;passou
CSV;m0;none;kayron;5;docas;10;15;467;31;220;passou
CSV;m0;none;kayron;5;shedaklah;15;22;1052;0;532;morreu
KIND;m0;none;kayron;5;0;0;0
CSV;m0;none;kayron;6;dagruve;1;5;63;0;44;morreu
KIND;m0;none;kayron;6;0;0;0
CSV;m1;none;kayron;1;dagruve;1;11;431;76;76;passou
CSV;m1;none;kayron;1;docas;11;12;124;0;104;morreu
KIND;m1;none;kayron;1;0;0;0
CSV;m1;none;kayron;2;dagruve;1;7;172;0;50;morreu
KIND;m1;none;kayron;2;0;0;0
CSV;m1;none;kayron;3;dagruve;1;9;226;0;67;morreu
KIND;m1;none;kayron;3;0;0;0
CSV;m1;none;kayron;4;dagruve;1;7;259;0;60;morreu
KIND;m1;none;kayron;4;0;0;0
CSV;m1;none;kayron;5;dagruve;1;12;385;83;37;passou
CSV;m1;none;kayron;5;docas;12;15;134;0;87;morreu
KIND;m1;none;kayron;5;0;0;0
CSV;m1;none;kayron;6;dagruve;1;4;54;0;46;morreu
KIND;m1;none;kayron;6;0;0;0
CSV;m0;none;korrak;1;dagruve;1;11;658;71;128;passou
CSV;m0;none;korrak;1;docas;11;12;154;0;170;morreu
KIND;m0;none;korrak;1;0;0;0
CSV;m0;none;korrak;2;dagruve;1;13;420;69;70;passou
CSV;m0;none;korrak;2;docas;13;16;387;55;259;passou
CSV;m0;none;korrak;2;shedaklah;16;22;614;43;510;passou
CSV;m0;none;korrak;2;molor;22;34;2154;38;2108;passou
KIND;m0;none;korrak;2;0;0;0
CSV;m0;none;korrak;3;dagruve;1;13;331;65;211;passou
CSV;m0;none;korrak;3;docas;13;16;220;0;183;morreu
KIND;m0;none;korrak;3;0;0;0
CSV;m0;none;korrak;4;dagruve;1;11;802;74;210;passou
CSV;m0;none;korrak;4;docas;11;14;104;0;243;morreu
KIND;m0;none;korrak;4;0;0;0
CSV;m0;none;korrak;5;dagruve;1;11;752;58;185;passou
CSV;m0;none;korrak;5;docas;11;14;443;64;179;passou
CSV;m0;none;korrak;5;shedaklah;14;21;1482;0;804;morreu
KIND;m0;none;korrak;5;0;0;0
CSV;m0;none;korrak;6;dagruve;1;13;660;70;111;passou
CSV;m0;none;korrak;6;docas;13;16;427;56;189;passou
CSV;m0;none;korrak;6;shedaklah;16;22;1865;32;1313;passou
CSV;m0;none;korrak;6;molor;22;24;515;0;959;morreu
KIND;m0;none;korrak;6;0;0;0
CSV;m1;none;korrak;1;dagruve;1;11;435;64;101;passou
CSV;m1;none;korrak;1;docas;11;16;348;59;239;passou
CSV;m1;none;korrak;1;shedaklah;16;22;624;19;823;passou
CSV;m1;none;korrak;1;molor;22;33;1264;53;1310;passou
KIND;m1;none;korrak;1;0;0;0
CSV;m1;none;korrak;2;dagruve;1;12;716;53;190;passou
CSV;m1;none;korrak;2;docas;12;17;340;58;224;passou
CSV;m1;none;korrak;2;shedaklah;17;25;1448;0;1356;morreu
KIND;m1;none;korrak;2;0;0;0
CSV;m1;none;korrak;3;dagruve;1;12;825;87;88;passou
CSV;m1;none;korrak;3;docas;12;15;415;72;113;passou
CSV;m1;none;korrak;3;shedaklah;15;23;3865;25;2686;passou
CSV;m1;none;korrak;3;molor;23;25;1189;0;757;morreu
KIND;m1;none;korrak;3;0;0;0
CSV;m1;none;korrak;4;dagruve;1;12;557;62;145;passou
CSV;m1;none;korrak;4;docas;12;15;389;38;221;passou
CSV;m1;none;korrak;4;shedaklah;15;17;267;0;194;morreu
KIND;m1;none;korrak;4;0;0;0
CSV;m1;none;korrak;5;dagruve;1;12;837;77;214;passou
CSV;m1;none;korrak;5;docas;12;17;477;40;312;passou
CSV;m1;none;korrak;5;shedaklah;17;25;1663;11;1242;?
KIND;m1;none;korrak;5;0;0;0
CSV;m1;none;korrak;6;dagruve;1;12;747;66;168;passou
CSV;m1;none;korrak;6;docas;12;15;457;27;269;passou
CSV;m1;none;korrak;6;shedaklah;15;20;1568;2;1210;passou
CSV;m1;none;korrak;6;molor;20;26;2379;0;3295;morreu
KIND;m1;none;korrak;6;0;0;0
CSV;m0;none;leoric;1;dagruve;1;11;387;43;84;passou
CSV;m0;none;leoric;1;docas;11;14;119;0;88;morreu
KIND;m0;none;leoric;1;0;0;0
CSV;m0;none;leoric;2;dagruve;1;3;60;0;32;morreu
KIND;m0;none;leoric;2;0;0;0
CSV;m0;none;leoric;3;dagruve;1;3;62;0;34;morreu
KIND;m0;none;leoric;3;0;0;0
CSV;m0;none;leoric;4;dagruve;1;4;71;0;32;morreu
KIND;m0;none;leoric;4;0;0;0
CSV;m0;none;leoric;5;dagruve;1;4;49;0;32;morreu
KIND;m0;none;leoric;5;0;0;0
CSV;m0;none;leoric;6;dagruve;1;4;71;0;32;morreu
KIND;m0;none;leoric;6;0;0;0
CSV;m1;none;leoric;1;dagruve;1;11;668;56;65;passou
CSV;m1;none;leoric;1;docas;11;14;388;0;117;morreu
KIND;m1;none;leoric;1;0;0;0
CSV;m1;none;leoric;2;dagruve;1;5;67;0;40;morreu
KIND;m1;none;leoric;2;0;0;0
CSV;m1;none;leoric;3;dagruve;1;12;585;37;95;passou
CSV;m1;none;leoric;3;docas;12;17;475;49;184;passou
CSV;m1;none;leoric;3;shedaklah;17;18;231;0;139;morreu
KIND;m1;none;leoric;3;0;0;0
CSV;m1;none;leoric;4;dagruve;1;14;333;62;114;passou
CSV;m1;none;leoric;4;docas;14;16;132;0;86;morreu
KIND;m1;none;leoric;4;0;0;0
CSV;m1;none;leoric;5;dagruve;1;6;100;0;40;morreu
KIND;m1;none;leoric;5;0;0;0
CSV;m1;none;leoric;6;dagruve;1;4;53;0;40;morreu
KIND;m1;none;leoric;6;0;0;0
CSV;m0;none;maelor;1;dagruve;1;11;326;47;107;passou
CSV;m0;none;maelor;1;docas;11;16;345;18;196;passou
CSV;m0;none;maelor;1;shedaklah;16;16;34;0;72;morreu
KIND;m0;none;maelor;1;0;0;0
CSV;m0;none;maelor;2;dagruve;1;12;436;28;124;passou
CSV;m0;none;maelor;2;docas;12;13;180;0;72;morreu
KIND;m0;none;maelor;2;0;0;0
CSV;m0;none;maelor;3;dagruve;1;10;405;33;122;passou
CSV;m0;none;maelor;3;docas;10;11;78;0;77;morreu
KIND;m0;none;maelor;3;0;0;0
CSV;m0;none;maelor;4;dagruve;1;14;955;48;229;passou
CSV;m0;none;maelor;4;docas;14;15;177;0;96;morreu
KIND;m0;none;maelor;4;0;0;0
CSV;m0;none;maelor;5;dagruve;1;11;447;26;186;passou
CSV;m0;none;maelor;5;docas;11;14;469;11;331;passou
CSV;m0;none;maelor;5;shedaklah;14;14;41;0;46;morreu
KIND;m0;none;maelor;5;0;0;0
CSV;m0;none;maelor;6;dagruve;1;4;57;0;59;morreu
KIND;m0;none;maelor;6;0;0;0
CSV;m1;none;maelor;1;dagruve;1;12;340;82;36;passou
CSV;m1;none;maelor;1;docas;12;15;416;64;111;passou
CSV;m1;none;maelor;1;shedaklah;15;15;60;0;66;morreu
KIND;m1;none;maelor;1;0;0;0
CSV;m1;none;maelor;2;dagruve;1;7;178;0;158;morreu
KIND;m1;none;maelor;2;0;0;0
CSV;m1;none;maelor;3;dagruve;1;12;666;57;157;passou
CSV;m1;none;maelor;3;docas;12;13;234;0;118;morreu
KIND;m1;none;maelor;3;0;0;0
CSV;m1;none;maelor;4;dagruve;1;11;421;23;181;passou
CSV;m1;none;maelor;4;docas;11;12;62;0;50;morreu
KIND;m1;none;maelor;4;0;0;0
CSV;m1;none;maelor;5;dagruve;1;4;47;0;64;morreu
KIND;m1;none;maelor;5;0;0;0
CSV;m1;none;maelor;6;dagruve;1;4;76;0;63;morreu
KIND;m1;none;maelor;6;0;0;0
CSV;m0;none;nyrelia;1;dagruve;1;12;1016;60;142;passou
CSV;m0;none;nyrelia;1;docas;12;13;81;0;46;morreu
KIND;m0;none;nyrelia;1;0;0;0
CSV;m0;none;nyrelia;2;dagruve;1;3;143;0;32;morreu
KIND;m0;none;nyrelia;2;0;0;0
CSV;m0;none;nyrelia;3;dagruve;1;2;81;0;32;morreu
KIND;m0;none;nyrelia;3;0;0;0
CSV;m0;none;nyrelia;4;dagruve;1;3;147;0;32;morreu
KIND;m0;none;nyrelia;4;0;0;0
CSV;m0;none;nyrelia;5;dagruve;1;12;564;64;128;passou
CSV;m0;none;nyrelia;5;docas;12;17;435;17;187;passou
CSV;m0;none;nyrelia;5;shedaklah;17;18;675;0;240;morreu
KIND;m0;none;nyrelia;5;0;0;0
CSV;m0;none;nyrelia;6;dagruve;1;3;123;0;32;morreu
KIND;m0;none;nyrelia;6;0;0;0
CSV;m1;none;nyrelia;1;dagruve;1;5;61;0;47;morreu
KIND;m1;none;nyrelia;1;0;0;0
CSV;m1;none;nyrelia;2;dagruve;1;6;258;0;40;morreu
KIND;m1;none;nyrelia;2;0;0;0
CSV;m1;none;nyrelia;3;dagruve;1;11;976;0;326;morreu
KIND;m1;none;nyrelia;3;0;0;0
CSV;m1;none;nyrelia;4;dagruve;1;10;338;13;125;passou
CSV;m1;none;nyrelia;4;docas;10;11;118;0;77;morreu
KIND;m1;none;nyrelia;4;0;0;0
CSV;m1;none;nyrelia;5;dagruve;1;9;578;0;143;morreu
KIND;m1;none;nyrelia;5;0;0;0
CSV;m1;none;nyrelia;6;dagruve;1;4;208;0;40;morreu
KIND;m1;none;nyrelia;6;0;0;0
CSV;m0;none;sylas;1;dagruve;1;5;81;0;54;morreu
KIND;m0;none;sylas;1;0;0;0
CSV;m0;none;sylas;2;dagruve;1;5;78;0;42;morreu
KIND;m0;none;sylas;2;0;0;0
CSV;m0;none;sylas;3;dagruve;1;9;162;0;36;morreu
KIND;m0;none;sylas;3;0;0;0
CSV;m0;none;sylas;4;dagruve;1;6;103;0;60;morreu
KIND;m0;none;sylas;4;0;0;0
CSV;m0;none;sylas;5;dagruve;1;14;316;6;72;passou
CSV;m0;none;sylas;5;docas;14;17;274;0;70;morreu
KIND;m0;none;sylas;5;0;0;0
CSV;m0;none;sylas;6;dagruve;1;14;416;24;81;passou
CSV;m0;none;sylas;6;docas;14;15;258;0;62;morreu
KIND;m0;none;sylas;6;0;0;0
CSV;m1;none;sylas;1;dagruve;1;13;384;60;98;passou
CSV;m1;none;sylas;1;docas;13;18;332;0;146;morreu
KIND;m1;none;sylas;1;0;0;0
CSV;m1;none;sylas;2;dagruve;1;12;368;55;104;passou
CSV;m1;none;sylas;2;docas;12;16;440;26;134;passou
CSV;m1;none;sylas;2;shedaklah;16;16;48;0;51;morreu
KIND;m1;none;sylas;2;0;0;0
CSV;m1;none;sylas;3;dagruve;1;13;334;40;57;passou
CSV;m1;none;sylas;3;docas;13;15;276;0;169;morreu
KIND;m1;none;sylas;3;0;0;0
CSV;m1;none;sylas;4;dagruve;1;12;370;6;116;passou
CSV;m1;none;sylas;4;docas;12;17;564;25;198;passou
CSV;m1;none;sylas;4;shedaklah;17;19;826;0;321;morreu
KIND;m1;none;sylas;4;0;0;0
CSV;m1;none;sylas;5;dagruve;1;10;142;0;71;morreu
KIND;m1;none;sylas;5;0;0;0
CSV;m1;none;sylas;6;dagruve;1;14;338;83;69;passou
CSV;m1;none;sylas;6;docas;14;15;97;0;98;morreu
KIND;m1;none;sylas;6;0;0;0
CSV;m0;none;zynara;1;dagruve;1;12;985;47;177;passou
CSV;m0;none;zynara;1;docas;12;17;382;18;241;passou
CSV;m0;none;zynara;1;shedaklah;17;17;50;0;56;morreu
KIND;m0;none;zynara;1;0;0;0
CSV;m0;none;zynara;2;dagruve;1;6;196;0;38;morreu
KIND;m0;none;zynara;2;0;0;0
CSV;m0;none;zynara;3;dagruve;1;8;268;0;50;morreu
KIND;m0;none;zynara;3;0;0;0
CSV;m0;none;zynara;4;dagruve;1;6;188;0;34;morreu
KIND;m0;none;zynara;4;0;0;0
CSV;m0;none;zynara;5;dagruve;1;12;1154;38;249;passou
CSV;m0;none;zynara;5;docas;12;13;89;0;71;morreu
KIND;m0;none;zynara;5;0;0;0
CSV;m0;none;zynara;6;dagruve;1;11;515;51;75;passou
CSV;m0;none;zynara;6;docas;11;12;120;0;49;morreu
KIND;m0;none;zynara;6;0;0;0
CSV;m1;none;zynara;1;dagruve;1;11;632;0;107;morreu
KIND;m1;none;zynara;1;0;0;0
CSV;m1;none;zynara;2;dagruve;1;11;351;4;111;passou
CSV;m1;none;zynara;2;docas;11;17;363;49;144;passou
CSV;m1;none;zynara;2;shedaklah;17;17;113;0;86;morreu
KIND;m1;none;zynara;2;0;0;0
CSV;m1;none;zynara;3;dagruve;1;5;81;0;42;morreu
KIND;m1;none;zynara;3;0;0;0
CSV;m1;none;zynara;4;dagruve;1;11;879;29;151;passou
CSV;m1;none;zynara;4;docas;11;14;529;8;173;passou
CSV;m1;none;zynara;4;shedaklah;14;16;369;0;255;morreu
KIND;m1;none;zynara;4;0;0;0
CSV;m1;none;zynara;5;dagruve;1;13;1091;60;225;passou
CSV;m1;none;zynara;5;docas;13;14;485;0;152;morreu
KIND;m1;none;zynara;5;0;0;0
CSV;m1;none;zynara;6;dagruve;1;11;451;67;79;passou
CSV;m1;none;zynara;6;docas;11;17;408;19;183;passou
CSV;m1;none;zynara;6;shedaklah;17;23;796;2;376;passou
CSV;m1;none;zynara;6;molor;23;25;170;0;219;morreu
KIND;m1;none;zynara;6;0;0;0
