CSV;m0;none;bromnor;1;dagruve;1;12;1227;79;122;passou
CSV;m0;none;bromnor;1;docas;12;15;437;69;79;passou
CSV;m0;none;bromnor;1;shedaklah;15;15;59;0;77;morreu
KIND;m0;none;bromnor;1;0;0;0
CSV;m0;none;bromnor;2;dagruve;1;10;1008;72;103;passou
CSV;m0;none;bromnor;2;docas;10;13;453;53;127;passou
CSV;m0;none;bromnor;2;shedaklah;13;15;854;0;212;morreu
KIND;m0;none;bromnor;2;0;0;0
CSV;m0;none;bromnor;3;dagruve;1;12;1025;79;115;passou
CSV;m0;none;bromnor;3;docas;12;14;432;55;81;passou
CSV;m0;none;bromnor;3;shedaklah;14;15;62;0;73;morreu
KIND;m0;none;bromnor;3;0;0;0
CSV;m0;none;bromnor;4;dagruve;1;12;1242;48;107;passou
CSV;m0;none;bromnor;4;docas;12;14;740;52;204;passou
CSV;m0;none;bromnor;4;shedaklah;14;15;513;0;144;morreu
KIND;m0;none;bromnor;4;0;0;0
CSV;m0;none;bromnor;5;dagruve;1;11;393;74;59;passou
CSV;m0;none;bromnor;5;docas;11;16;357;57;149;passou
CSV;m0;none;bromnor;5;shedaklah;16;24;1192;29;682;passou
CSV;m0;none;bromnor;5;molor;24;30;605;32;508;passou
KIND;m0;none;bromnor;5;0;0;0
CSV;m0;none;bromnor;6;dagruve;1;11;633;85;66;passou
CSV;m0;none;bromnor;6;docas;11;14;490;64;102;passou
CSV;m0;none;bromnor;6;shedaklah;14;19;1022;0;341;morreu
KIND;m0;none;bromnor;6;0;0;0
CSV;m1;none;bromnor;1;dagruve;1;14;992;78;93;passou
CSV;m1;none;bromnor;1;docas;14;16;568;85;40;passou
CSV;m1;none;bromnor;1;shedaklah;16;20;1747;0;749;morreu
KIND;m1;none;bromnor;1;0;0;0
CSV;m1;none;bromnor;2;dagruve;1;11;567;85;54;passou
CSV;m1;none;bromnor;2;docas;11;15;468;81;129;passou
CSV;m1;none;bromnor;2;shedaklah;15;21;1500;0;599;morreu
KIND;m1;none;bromnor;2;0;0;0
CSV;m1;none;bromnor;3;dagruve;1;13;793;74;139;passou
CSV;m1;none;bromnor;3;docas;13;16;578;39;211;passou
CSV;m1;none;bromnor;3;shedaklah;16;16;71;0;96;morreu
KIND;m1;none;bromnor;3;0;0;0
CSV;m1;none;bromnor;4;dagruve;1;10;489;81;34;passou
CSV;m1;none;bromnor;4;docas;10;11;141;0;112;morreu
KIND;m1;none;bromnor;4;0;0;0
CSV;m1;none;bromnor;5;dagruve;1;10;475;89;20;passou
CSV;m1;none;bromnor;5;docas;10;15;452;46;289;passou
CSV;m1;none;bromnor;5;shedaklah;15;20;733;58;149;passou
CSV;m1;none;bromnor;5;molor;20;27;940;40;437;passou
KIND;m1;none;bromnor;5;0;0;0
CSV;m1;none;bromnor;6;dagruve;1;10;785;87;22;passou
CSV;m1;none;bromnor;6;docas;10;14;492;85;95;passou
CSV;m1;none;bromnor;6;shedaklah;14;21;2013;0;904;morreu
KIND;m1;none;bromnor;6;0;0;0
CSV;m0;none;brook;1;dagruve;1;13;1391;70;213;passou
CSV;m0;none;brook;1;docas;13;15;561;0;270;morreu
KIND;m0;none;brook;1;0;0;0
CSV;m0;none;brook;2;dagruve;1;14;1839;59;361;passou
CSV;m0;none;brook;2;docas;14;16;510;33;207;passou
CSV;m0;none;brook;2;shedaklah;16;18;987;0;499;morreu
KIND;m0;none;brook;2;0;0;0
CSV;m0;none;brook;3;dagruve;1;12;1934;14;511;passou
CSV;m0;none;brook;3;docas;12;14;820;35;252;passou
CSV;m0;none;brook;3;shedaklah;14;16;819;0;367;morreu
KIND;m0;none;brook;3;0;0;0
CSV;m0;none;brook;4;dagruve;1;3;50;0;49;morreu
KIND;m0;none;brook;4;0;0;0
CSV;m0;none;brook;5;dagruve;1;13;1824;35;372;passou
CSV;m0;none;brook;5;docas;13;15;805;69;121;passou
CSV;m0;none;brook;5;shedaklah;15;15;636;0;209;morreu
KIND;m0;none;brook;5;0;0;0
CSV;m0;none;brook;6;dagruve;1;11;1218;67;241;passou
CSV;m0;none;brook;6;docas;11;13;570;32;136;passou
CSV;m0;none;brook;6;shedaklah;13;15;668;0;190;morreu
KIND;m0;none;brook;6;0;0;0
CSV;m1;none;brook;1;dagruve;1;12;2147;78;197;passou
CSV;m1;none;brook;1;docas;12;16;541;65;141;passou
CSV;m1;none;brook;1;shedaklah;16;19;458;0;170;morreu
KIND;m1;none;brook;1;0;0;0
CSV;m1;none;brook;2;dagruve;1;12;367;78;86;passou
CSV;m1;none;brook;2;docas;12;16;390;4;139;passou
CSV;m1;none;brook;2;shedaklah;16;18;264;0;254;morreu
KIND;m1;none;brook;2;0;0;0
CSV;m1;none;brook;3;dagruve;1;12;669;81;111;passou
CSV;m1;none;brook;3;docas;12;13;117;0;111;morreu
KIND;m1;none;brook;3;0;0;0
CSV;m1;none;brook;4;dagruve;1;12;745;81;97;passou
CSV;m1;none;brook;4;docas;12;15;549;47;164;passou
CSV;m1;none;brook;4;shedaklah;15;21;1120;0;441;morreu
KIND;m1;none;brook;4;0;0;0
CSV;m1;none;brook;5;dagruve;1;13;1698;47;498;passou
CSV;m1;none;brook;5;docas;13;16;611;21;310;passou
CSV;m1;none;brook;5;shedaklah;16;17;668;0;241;morreu
KIND;m1;none;brook;5;0;0;0
CSV;m1;none;brook;6;dagruve;1;15;2906;13;525;passou
CSV;m1;none;brook;6;docas;15;18;412;53;127;passou
CSV;m1;none;brook;6;shedaklah;18;19;126;0;180;morreu
KIND;m1;none;brook;6;0;0;0
CSV;m0;none;durvall;1;dagruve;1;12;1651;2;627;passou
CSV;m0;none;durvall;1;docas;12;12;63;0;49;morreu
KIND;m0;none;durvall;1;0;0;0
CSV;m0;none;durvall;2;dagruve;1;11;1070;73;226;passou
CSV;m0;none;durvall;2;docas;11;12;315;0;191;morreu
KIND;m0;none;durvall;2;0;0;0
CSV;m0;none;durvall;3;dagruve;1;11;635;58;113;passou
CSV;m0;none;durvall;3;docas;11;14;530;3;308;passou
CSV;m0;none;durvall;3;shedaklah;14;19;1308;0;670;morreu
KIND;m0;none;durvall;3;0;0;0
CSV;m0;none;durvall;4;dagruve;1;11;1119;26;401;passou
CSV;m0;none;durvall;4;docas;11;13;427;21;228;passou
CSV;m0;none;durvall;4;shedaklah;13;14;250;0;124;morreu
KIND;m0;none;durvall;4;0;0;0
CSV;m0;none;durvall;5;dagruve;1;11;1394;57;305;passou
CSV;m0;none;durvall;5;docas;11;13;531;13;233;passou
CSV;m0;none;durvall;5;shedaklah;13;13;555;0;156;morreu
KIND;m0;none;durvall;5;0;0;0
CSV;m0;none;durvall;6;dagruve;1;13;1464;1;627;passou
CSV;m0;none;durvall;6;docas;13;15;479;43;273;passou
CSV;m0;none;durvall;6;shedaklah;15;15;256;0;113;morreu
KIND;m0;none;durvall;6;0;0;0
CSV;m1;none;durvall;1;dagruve;1;11;1635;0;568;morreu
KIND;m1;none;durvall;1;0;0;0
CSV;m1;none;durvall;2;dagruve;1;11;367;73;54;passou
CSV;m1;none;durvall;2;docas;11;15;480;37;176;passou
CSV;m1;none;durvall;2;shedaklah;15;17;333;0;235;morreu
KIND;m1;none;durvall;2;0;0;0
CSV;m1;none;durvall;3;dagruve;1;10;553;35;257;passou
CSV;m1;none;durvall;3;docas;10;13;528;37;301;passou
CSV;m1;none;durvall;3;shedaklah;13;14;571;0;368;morreu
KIND;m1;none;durvall;3;0;0;0
CSV;m1;none;durvall;4;dagruve;1;3;42;0;59;morreu
KIND;m1;none;durvall;4;0;0;0
CSV;m1;none;durvall;5;dagruve;1;13;1703;65;433;passou
CSV;m1;none;durvall;5;docas;13;16;359;58;177;passou
CSV;m1;none;durvall;5;shedaklah;16;21;879;0;591;morreu
KIND;m1;none;durvall;5;0;0;0
CSV;m1;none;durvall;6;dagruve;1;9;374;59;124;passou
CSV;m1;none;durvall;6;docas;9;14;604;3;276;passou
CSV;m1;none;durvall;6;shedaklah;14;19;866;0;447;morreu
KIND;m1;none;durvall;6;0;0;0
CSV;m0;none;kayron;1;dagruve;1;12;536;73;166;passou
CSV;m0;none;kayron;1;docas;12;17;341;38;184;passou
CSV;m0;none;kayron;1;shedaklah;17;22;511;0;467;morreu
KIND;m0;none;kayron;1;0;0;0
CSV;m0;none;kayron;2;dagruve;1;11;357;74;96;passou
CSV;m0;none;kayron;2;docas;11;16;344;40;245;passou
CSV;m0;none;kayron;2;shedaklah;16;22;525;0;669;morreu
KIND;m0;none;kayron;2;0;0;0
CSV;m0;none;kayron;3;dagruve;1;14;335;63;166;passou
CSV;m0;none;kayron;3;docas;14;19;364;59;229;passou
CSV;m0;none;kayron;3;shedaklah;19;19;77;0;83;morreu
KIND;m0;none;kayron;3;0;0;0
CSV;m0;none;kayron;4;dagruve;1;11;454;63;120;passou
CSV;m0;none;kayron;4;docas;11;16;439;11;352;passou
CSV;m0;none;kayron;4;shedaklah;16;16;74;0;127;morreu
KIND;m0;none;kayron;4;0;0;0
CSV;m0;none;kayron;5;dagruve;1;10;379;64;86;passou
CSV;m0;none;kayron;5;docas;10;15;467;49;221;passou
CSV;m0;none;kayron;5;shedaklah;15;22;1056;0;552;morreu
KIND;m0;none;kayron;5;0;0;0
CSV;m0;none;kayron;6;dagruve;1;13;483;58;111;passou
CSV;m0;none;kayron;6;docas;13;18;339;11;212;passou
CSV;m0;none;kayron;6;shedaklah;18;25;554;19;211;passou
CSV;m0;none;kayron;6;molor;25;31;588;56;235;passou
KIND;m0;none;kayron;6;0;0;0
CSV;m1;none;kayron;1;dagruve;1;11;431;76;77;passou
CSV;m1;none;kayron;1;docas;11;16;492;37;311;passou
CSV;m1;none;kayron;1;shedaklah;16;17;47;0;125;morreu
KIND;m1;none;kayron;1;0;0;0
CSV;m1;none;kayron;2;dagruve;1;12;563;78;107;passou
CSV;m1;none;kayron;2;docas;12;16;408;55;228;passou
CSV;m1;none;kayron;2;shedaklah;16;18;169;0;177;morreu
KIND;m1;none;kayron;2;0;0;0
CSV;m1;none;kayron;3;dagruve;1;11;321;66;73;passou
CSV;m1;none;kayron;3;docas;11;17;510;4;336;passou
CSV;m1;none;kayron;3;shedaklah;17;24;615;27;357;passou
CSV;m1;none;kayron;3;molor;24;29;651;0;581;morreu
KIND;m1;none;kayron;3;0;0;0
CSV;m1;none;kayron;4;dagruve;1;10;469;61;83;passou
CSV;m1;none;kayron;4;docas;10;18;581;45;242;passou
CSV;m1;none;kayron;4;shedaklah;18;20;181;0;171;morreu
KIND;m1;none;kayron;4;0;0;0
CSV;m1;none;kayron;5;dagruve;1;12;385;83;37;passou
CSV;m1;none;kayron;5;docas;12;19;378;59;167;passou
CSV;m1;none;kayron;5;shedaklah;19;25;816;0;641;morreu
KIND;m1;none;kayron;5;0;0;0
CSV;m1;none;kayron;6;dagruve;1;13;342;51;89;passou
CSV;m1;none;kayron;6;docas;13;18;343;82;74;passou
CSV;m1;none;kayron;6;shedaklah;18;24;566;15;362;passou
CSV;m1;none;kayron;6;molor;24;30;588;41;442;passou
KIND;m1;none;kayron;6;0;0;0
CSV;m0;none;korrak;1;dagruve;1;11;658;76;128;passou
CSV;m0;none;korrak;1;docas;11;12;155;0;181;morreu
KIND;m0;none;korrak;1;0;0;0
CSV;m0;none;korrak;2;dagruve;1;13;420;69;69;passou
CSV;m0;none;korrak;2;docas;13;16;387;62;261;passou
CSV;m0;none;korrak;2;shedaklah;16;22;614;43;509;passou
CSV;m0;none;korrak;2;molor;22;34;2154;46;2101;passou
KIND;m0;none;korrak;2;0;0;0
CSV;m0;none;korrak;3;dagruve;1;13;331;65;207;passou
CSV;m0;none;korrak;3;docas;13;16;221;0;194;morreu
KIND;m0;none;korrak;3;0;0;0
CSV;m0;none;korrak;4;dagruve;1;11;802;74;211;passou
CSV;m0;none;korrak;4;docas;11;16;358;33;494;passou
CSV;m0;none;korrak;4;shedaklah;16;22;1558;0;1499;morreu
KIND;m0;none;korrak;4;0;0;0
CSV;m0;none;korrak;5;dagruve;1;11;752;58;185;passou
CSV;m0;none;korrak;5;docas;11;14;443;67;179;passou
CSV;m0;none;korrak;5;shedaklah;14;21;1484;0;812;morreu
KIND;m0;none;korrak;5;0;0;0
CSV;m0;none;korrak;6;dagruve;1;13;660;75;111;passou
CSV;m0;none;korrak;6;docas;13;16;427;56;189;passou
CSV;m0;none;korrak;6;shedaklah;16;22;1865;32;1311;passou
CSV;m0;none;korrak;6;molor;22;24;516;0;984;morreu
KIND;m0;none;korrak;6;0;0;0
CSV;m1;none;korrak;1;dagruve;1;11;435;67;101;passou
CSV;m1;none;korrak;1;docas;11;16;348;59;234;passou
CSV;m1;none;korrak;1;shedaklah;16;22;624;33;826;passou
CSV;m1;none;korrak;1;molor;22;33;1264;58;1314;passou
KIND;m1;none;korrak;1;0;0;0
CSV;m1;none;korrak;2;dagruve;1;12;716;53;190;passou
CSV;m1;none;korrak;2;docas;12;17;340;58;224;passou
CSV;m1;none;korrak;2;shedaklah;17;25;1448;0;1351;morreu
KIND;m1;none;korrak;2;0;0;0
CSV;m1;none;korrak;3;dagruve;1;12;825;87;88;passou
CSV;m1;none;korrak;3;docas;12;15;415;72;113;passou
CSV;m1;none;korrak;3;shedaklah;15;23;3865;25;2676;passou
CSV;m1;none;korrak;3;molor;23;25;1189;0;763;morreu
KIND;m1;none;korrak;3;0;0;0
CSV;m1;none;korrak;4;dagruve;1;12;557;68;145;passou
CSV;m1;none;korrak;4;docas;12;15;389;46;222;passou
CSV;m1;none;korrak;4;shedaklah;15;17;268;0;212;morreu
KIND;m1;none;korrak;4;0;0;0
CSV;m1;none;korrak;5;dagruve;1;12;837;77;216;passou
CSV;m1;none;korrak;5;docas;12;17;477;43;309;passou
CSV;m1;none;korrak;5;shedaklah;17;25;1663;17;1238;?
KIND;m1;none;korrak;5;0;0;0
CSV;m1;none;korrak;6;dagruve;1;12;747;74;168;passou
CSV;m1;none;korrak;6;docas;12;15;457;34;269;passou
CSV;m1;none;korrak;6;shedaklah;15;20;1568;8;1198;passou
CSV;m1;none;korrak;6;molor;20;26;2379;0;3271;morreu
KIND;m1;none;korrak;6;0;0;0
CSV;m0;none;leoric;1;dagruve;1;11;387;61;85;passou
CSV;m0;none;leoric;1;docas;11;18;342;24;326;passou
CSV;m0;none;leoric;1;shedaklah;18;22;650;0;582;morreu
KIND;m0;none;leoric;1;0;0;0
CSV;m0;none;leoric;2;dagruve;1;11;510;35;139;passou
CSV;m0;none;leoric;2;docas;11;12;221;0;143;morreu
KIND;m0;none;leoric;2;0;0;0
CSV;m0;none;leoric;3;dagruve;1;13;707;51;270;passou
CSV;m0;none;leoric;3;docas;13;16;467;0;269;morreu
KIND;m0;none;leoric;3;0;0;0
CSV;m0;none;leoric;4;dagruve;1;7;203;0;107;morreu
KIND;m0;none;leoric;4;0;0;0
CSV;m0;none;leoric;5;dagruve;1;12;477;1;175;passou
CSV;m0;none;leoric;5;docas;12;13;67;0;70;morreu
KIND;m0;none;leoric;5;0;0;0
CSV;m0;none;leoric;6;dagruve;1;13;392;50;121;passou
CSV;m0;none;leoric;6;docas;13;17;538;0;279;passou
CSV;m0;none;leoric;6;shedaklah;17;17;165;0;97;morreu
KIND;m0;none;leoric;6;0;0;0
CSV;m1;none;leoric;1;dagruve;1;11;668;82;64;passou
CSV;m1;none;leoric;1;docas;11;14;390;0;136;morreu
KIND;m1;none;leoric;1;0;0;0
CSV;m1;none;leoric;2;dagruve;1;12;495;45;220;passou
CSV;m1;none;leoric;2;docas;12;17;448;43;277;passou
CSV;m1;none;leoric;2;shedaklah;17;17;49;0;52;morreu
KIND;m1;none;leoric;2;0;0;0
CSV;m1;none;leoric;3;dagruve;1;12;585;48;95;passou
CSV;m1;none;leoric;3;docas;12;17;475;52;184;passou
CSV;m1;none;leoric;3;shedaklah;17;18;232;0;140;morreu
KIND;m1;none;leoric;3;0;0;0
CSV;m1;none;leoric;4;dagruve;1;14;333;75;113;passou
CSV;m1;none;leoric;4;docas;14;19;357;35;225;passou
CSV;m1;none;leoric;4;shedaklah;19;25;597;30;321;passou
CSV;m1;none;leoric;4;molor;25;30;693;46;555;passou
KIND;m1;none;leoric;4;0;0;0
CSV;m1;none;leoric;5;dagruve;1;13;492;72;151;passou
CSV;m1;none;leoric;5;docas;13;14;148;0;148;morreu
KIND;m1;none;leoric;5;0;0;0
CSV;m1;none;leoric;6;dagruve;1;12;568;6;200;passou
CSV;m1;none;leoric;6;docas;12;15;637;0;331;morreu
KIND;m1;none;leoric;6;0;0;0
CSV;m0;none;maelor;1;dagruve;1;11;326;59;107;passou
CSV;m0;none;maelor;1;docas;11;16;345;43;190;passou
CSV;m0;none;maelor;1;shedaklah;16;17;99;0;145;morreu
KIND;m0;none;maelor;1;0;0;0
CSV;m0;none;maelor;2;dagruve;1;12;436;28;122;passou
CSV;m0;none;maelor;2;docas;12;16;469;12;209;passou
CSV;m0;none;maelor;2;shedaklah;16;19;557;0;256;morreu
KIND;m0;none;maelor;2;0;0;0
CSV;m0;none;maelor;3;dagruve;1;10;405;55;122;passou
CSV;m0;none;maelor;3;docas;10;12;81;0;108;morreu
KIND;m0;none;maelor;3;0;0;0
CSV;m0;none;maelor;4;dagruve;1;14;955;72;226;passou
CSV;m0;none;maelor;4;docas;14;15;179;0;115;morreu
KIND;m0;none;maelor;4;0;0;0
CSV;m0;none;maelor;5;dagruve;1;11;447;52;184;passou
CSV;m0;none;maelor;5;docas;11;14;469;23;327;passou
CSV;m0;none;maelor;5;shedaklah;14;14;41;0;47;morreu
KIND;m0;none;maelor;5;0;0;0
CSV;m0;none;maelor;6;dagruve;1;5;61;0;84;morreu
KIND;m0;none;maelor;6;0;0;0
CSV;m1;none;maelor;1;dagruve;1;12;340;82;36;passou
CSV;m1;none;maelor;1;docas;12;15;416;64;111;passou
CSV;m1;none;maelor;1;shedaklah;15;19;579;0;305;morreu
KIND;m1;none;maelor;1;0;0;0
CSV;m1;none;maelor;2;dagruve;1;7;178;0;162;morreu
KIND;m1;none;maelor;2;0;0;0
CSV;m1;none;maelor;3;dagruve;1;12;666;65;157;passou
CSV;m1;none;maelor;3;docas;12;13;234;0;118;morreu
KIND;m1;none;maelor;3;0;0;0
CSV;m1;none;maelor;4;dagruve;1;11;421;33;179;passou
CSV;m1;none;maelor;4;docas;11;12;62;0;55;morreu
KIND;m1;none;maelor;4;0;0;0
CSV;m1;none;maelor;5;dagruve;1;6;59;0;117;morreu
KIND;m1;none;maelor;5;0;0;0
CSV;m1;none;maelor;6;dagruve;1;5;79;0;78;morreu
KIND;m1;none;maelor;6;0;0;0
CSV;m0;none;nyrelia;1;dagruve;1;12;1016;76;139;passou
CSV;m0;none;nyrelia;1;docas;12;17;397;27;145;passou
CSV;m0;none;nyrelia;1;shedaklah;17;17;63;0;49;morreu
KIND;m0;none;nyrelia;1;0;0;0
CSV;m0;none;nyrelia;2;dagruve;1;10;951;0;266;morreu
KIND;m0;none;nyrelia;2;0;0;0
CSV;m0;none;nyrelia;3;dagruve;1;14;2491;16;754;passou
CSV;m0;none;nyrelia;3;docas;14;16;793;65;114;passou
CSV;m0;none;nyrelia;3;shedaklah;16;16;368;0;196;morreu
KIND;m0;none;nyrelia;3;0;0;0
CSV;m0;none;nyrelia;4;dagruve;1;8;802;0;303;morreu
KIND;m0;none;nyrelia;4;0;0;0
CSV;m0;none;nyrelia;5;dagruve;1;12;564;72;128;passou
CSV;m0;none;nyrelia;5;docas;12;17;435;29;188;passou
CSV;m0;none;nyrelia;5;shedaklah;17;18;675;0;240;morreu
KIND;m0;none;nyrelia;5;0;0;0
CSV;m0;none;nyrelia;6;dagruve;1;13;1197;10;397;passou
CSV;m0;none;nyrelia;6;docas;13;16;626;37;245;passou
CSV;m0;none;nyrelia;6;shedaklah;16;16;38;0;68;morreu
KIND;m0;none;nyrelia;6;0;0;0
CSV;m1;none;nyrelia;1;dagruve;1;6;64;0;74;morreu
KIND;m1;none;nyrelia;1;0;0;0
CSV;m1;none;nyrelia;2;dagruve;1;14;1324;37;457;passou
CSV;m1;none;nyrelia;2;docas;14;15;252;0;80;morreu
KIND;m1;none;nyrelia;2;0;0;0
CSV;m1;none;nyrelia;3;dagruve;1;12;1062;0;408;morreu
KIND;m1;none;nyrelia;3;0;0;0
CSV;m1;none;nyrelia;4;dagruve;1;10;338;45;125;passou
CSV;m1;none;nyrelia;4;docas;10;11;120;0;95;morreu
KIND;m1;none;nyrelia;4;0;0;0
CSV;m1;none;nyrelia;5;dagruve;1;9;578;0;150;morreu
KIND;m1;none;nyrelia;5;0;0;0
CSV;m1;none;nyrelia;6;dagruve;1;11;749;42;215;passou
CSV;m1;none;nyrelia;6;docas;11;12;74;0;69;morreu
KIND;m1;none;nyrelia;6;0;0;0
CSV;m0;none;sylas;1;dagruve;1;12;468;26;115;passou
CSV;m0;none;sylas;1;docas;12;15;511;55;221;passou
CSV;m0;none;sylas;1;shedaklah;15;17;579;0;175;morreu
KIND;m0;none;sylas;1;0;0;0
CSV;m0;none;sylas;2;dagruve;1;13;459;61;135;passou
CSV;m0;none;sylas;2;docas;13;16;474;49;177;passou
CSV;m0;none;sylas;2;shedaklah;16;18;661;0;300;morreu
KIND;m0;none;sylas;2;0;0;0
CSV;m0;none;sylas;3;dagruve;1;13;335;36;81;passou
CSV;m0;none;sylas;3;docas;13;16;389;0;236;morreu
KIND;m0;none;sylas;3;0;0;0
CSV;m0;none;sylas;4;dagruve;1;13;367;55;134;passou
CSV;m0;none;sylas;4;docas;13;16;499;17;293;passou
CSV;m0;none;sylas;4;shedaklah;16;18;424;0;173;morreu
KIND;m0;none;sylas;4;0;0;0
CSV;m0;none;sylas;5;dagruve;1;14;316;58;73;passou
CSV;m0;none;sylas;5;docas;14;18;361;63;150;passou
CSV;m0;none;sylas;5;shedaklah;18;18;49;0;65;morreu
KIND;m0;none;sylas;5;0;0;0
CSV;m0;none;sylas;6;dagruve;1;14;416;73;87;passou
CSV;m0;none;sylas;6;docas;14;16;559;28;190;passou
CSV;m0;none;sylas;6;shedaklah;16;18;564;0;178;morreu
KIND;m0;none;sylas;6;0;0;0
CSV;m1;none;sylas;1;dagruve;1;13;384;68;98;passou
CSV;m1;none;sylas;1;docas;13;18;356;49;154;passou
CSV;m1;none;sylas;1;shedaklah;18;19;264;0;208;morreu
KIND;m1;none;sylas;1;0;0;0
CSV;m1;none;sylas;2;dagruve;1;12;368;65;105;passou
CSV;m1;none;sylas;2;docas;12;16;440;56;130;passou
CSV;m1;none;sylas;2;shedaklah;16;16;48;0;61;morreu
KIND;m1;none;sylas;2;0;0;0
CSV;m1;none;sylas;3;dagruve;1;13;334;75;58;passou
CSV;m1;none;sylas;3;docas;13;16;438;9;235;passou
CSV;m1;none;sylas;3;shedaklah;16;22;1236;0;895;morreu
KIND;m1;none;sylas;3;0;0;0
CSV;m1;none;sylas;4;dagruve;1;12;370;27;112;passou
CSV;m1;none;sylas;4;docas;12;17;564;43;198;passou
CSV;m1;none;sylas;4;shedaklah;17;19;826;0;322;morreu
KIND;m1;none;sylas;4;0;0;0
CSV;m1;none;sylas;5;dagruve;1;14;321;35;169;passou
CSV;m1;none;sylas;5;docas;14;18;330;74;87;passou
CSV;m1;none;sylas;5;shedaklah;18;19;148;0;126;morreu
KIND;m1;none;sylas;5;0;0;0
CSV;m1;none;sylas;6;dagruve;1;14;338;83;69;passou
CSV;m1;none;sylas;6;docas;14;15;102;0;131;morreu
KIND;m1;none;sylas;6;0;0;0
CSV;m0;none;zynara;1;dagruve;1;12;985;75;177;passou
CSV;m0;none;zynara;1;docas;12;17;382;48;242;passou
CSV;m0;none;zynara;1;shedaklah;17;17;50;0;62;morreu
KIND;m0;none;zynara;1;0;0;0
CSV;m0;none;zynara;2;dagruve;1;13;922;27;188;passou
CSV;m0;none;zynara;2;docas;13;19;439;53;148;passou
CSV;m0;none;zynara;2;shedaklah;19;22;931;0;421;morreu
KIND;m0;none;zynara;2;0;0;0
CSV;m0;none;zynara;3;dagruve;1;11;475;61;115;passou
CSV;m0;none;zynara;3;docas;11;16;440;37;241;passou
CSV;m0;none;zynara;3;shedaklah;16;16;81;0;96;morreu
KIND;m0;none;zynara;3;0;0;0
CSV;m0;none;zynara;4;dagruve;1;13;1004;55;157;passou
CSV;m0;none;zynara;4;docas;13;17;627;59;123;passou
CSV;m0;none;zynara;4;shedaklah;17;21;978;0;372;morreu
KIND;m0;none;zynara;4;0;0;0
CSV;m0;none;zynara;5;dagruve;1;12;1154;53;249;passou
CSV;m0;none;zynara;5;docas;12;16;523;15;220;passou
CSV;m0;none;zynara;5;shedaklah;16;20;635;0;195;morreu
KIND;m0;none;zynara;5;0;0;0
CSV;m0;none;zynara;6;dagruve;1;11;515;69;75;passou
CSV;m0;none;zynara;6;docas;11;15;517;0;289;morreu
KIND;m0;none;zynara;6;0;0;0
CSV;m1;none;zynara;1;dagruve;1;11;655;46;122;passou
CSV;m1;none;zynara;1;docas;11;13;740;45;195;passou
CSV;m1;none;zynara;1;shedaklah;13;14;253;0;180;morreu
KIND;m1;none;zynara;1;0;0;0
CSV;m1;none;zynara;2;dagruve;1;11;351;64;112;passou
CSV;m1;none;zynara;2;docas;11;17;363;67;144;passou
CSV;m1;none;zynara;2;shedaklah;17;23;802;41;423;passou
CSV;m1;none;zynara;2;molor;23;24;110;0;175;morreu
KIND;m1;none;zynara;2;0;0;0
CSV;m1;none;zynara;3;dagruve;1;14;328;49;222;passou
CSV;m1;none;zynara;3;docas;14;18;341;66;87;passou
CSV;m1;none;zynara;3;shedaklah;18;21;267;0;266;morreu
KIND;m1;none;zynara;3;0;0;0
CSV;m1;none;zynara;4;dagruve;1;11;879;59;151;passou
CSV;m1;none;zynara;4;docas;11;14;529;18;174;passou
CSV;m1;none;zynara;4;shedaklah;14;16;370;0;271;morreu
KIND;m1;none;zynara;4;0;0;0
CSV;m1;none;zynara;5;dagruve;1;13;1091;73;226;passou
CSV;m1;none;zynara;5;docas;13;14;485;0;156;morreu
KIND;m1;none;zynara;5;0;0;0
CSV;m1;none;zynara;6;dagruve;1;11;451;67;79;passou
CSV;m1;none;zynara;6;docas;11;17;408;37;183;passou
CSV;m1;none;zynara;6;shedaklah;17;23;796;31;376;passou
CSV;m1;none;zynara;6;molor;23;31;919;14;664;passou
KIND;m1;none;zynara;6;0;0;0
