CSV;m0;helion_tarn;bromnor;1;dagruve;1;6;350;0;50;morreu
KIND;m0;helion_tarn;bromnor;1;0;0;0
CSV;m0;helion_tarn;bromnor;2;dagruve;1;7;436;0;48;morreu
KIND;m0;helion_tarn;bromnor;2;0;0;0
CSV;m0;helion_tarn;bromnor;3;dagruve;1;11;695;50;33;passou
CSV;m0;helion_tarn;bromnor;3;docas;11;14;488;62;73;passou
CSV;m0;helion_tarn;bromnor;3;shedaklah;14;18;1061;0;246;morreu
KIND;m0;helion_tarn;bromnor;3;0;0;0
CSV;m0;helion_tarn;bromnor;4;dagruve;1;11;2869;64;79;passou
CSV;m0;helion_tarn;bromnor;4;docas;11;15;2109;27;123;passou
CSV;m0;helion_tarn;bromnor;4;shedaklah;15;17;1863;0;359;morreu
KIND;m0;helion_tarn;bromnor;4;0;0;0
CSV;m0;helion_tarn;bromnor;5;dagruve;1;12;1264;74;44;passou
CSV;m0;helion_tarn;bromnor;5;docas;12;14;598;66;89;passou
CSV;m0;helion_tarn;bromnor;5;shedaklah;14;16;1398;0;401;morreu
KIND;m0;helion_tarn;bromnor;5;0;0;0
CSV;m0;helion_tarn;bromnor;6;dagruve;1;13;2655;45;210;passou
CSV;m0;helion_tarn;bromnor;6;docas;13;15;650;0;191;morreu
KIND;m0;helion_tarn;bromnor;6;0;0;0
CSV;m1;helion_tarn;bromnor;1;dagruve;1;10;857;84;43;passou
CSV;m1;helion_tarn;bromnor;1;docas;10;12;555;57;67;passou
CSV;m1;helion_tarn;bromnor;1;shedaklah;12;21;1162;52;270;passou
CSV;m1;helion_tarn;bromnor;1;molor;21;24;535;0;337;morreu
KIND;m1;helion_tarn;bromnor;1;0;0;0
CSV;m1;helion_tarn;bromnor;2;dagruve;1;11;1216;99;1;passou
CSV;m1;helion_tarn;bromnor;2;docas;11;14;515;11;57;passou
CSV;m1;helion_tarn;bromnor;2;shedaklah;14;14;53;0;41;morreu
KIND;m1;helion_tarn;bromnor;2;0;0;0
CSV;m1;helion_tarn;bromnor;3;dagruve;1;11;1984;69;143;passou
CSV;m1;helion_tarn;bromnor;3;docas;11;13;344;0;119;morreu
KIND;m1;helion_tarn;bromnor;3;0;0;0
CSV;m1;helion_tarn;bromnor;4;dagruve;1;10;710;80;23;passou
CSV;m1;helion_tarn;bromnor;4;docas;10;12;447;0;154;morreu
KIND;m1;helion_tarn;bromnor;4;0;0;0
CSV;m1;helion_tarn;bromnor;5;dagruve;1;11;516;75;19;passou
CSV;m1;helion_tarn;bromnor;5;docas;11;14;518;33;53;passou
CSV;m1;helion_tarn;bromnor;5;shedaklah;14;14;178;0;50;morreu
KIND;m1;helion_tarn;bromnor;5;0;0;0
CSV;m1;helion_tarn;bromnor;6;dagruve;1;11;515;64;41;passou
CSV;m1;helion_tarn;bromnor;6;docas;11;15;591;35;103;passou
CSV;m1;helion_tarn;bromnor;6;shedaklah;15;15;50;0;63;morreu
KIND;m1;helion_tarn;bromnor;6;0;0;0
CSV;m0;helion_tarn;brook;1;dagruve;1;1;45;0;40;morreu
KIND;m0;helion_tarn;brook;1;0;0;0
CSV;m0;helion_tarn;brook;2;dagruve;1;12;1547;0;170;morreu
KIND;m0;helion_tarn;brook;2;0;0;0
CSV;m0;helion_tarn;brook;3;dagruve;1;12;906;70;94;passou
CSV;m0;helion_tarn;brook;3;docas;12;13;73;0;64;morreu
KIND;m0;helion_tarn;brook;3;0;0;0
CSV;m0;helion_tarn;brook;4;dagruve;1;5;390;0;46;morreu
KIND;m0;helion_tarn;brook;4;0;0;0
CSV;m0;helion_tarn;brook;5;dagruve;1;8;410;0;56;morreu
KIND;m0;helion_tarn;brook;5;0;0;0
CSV;m0;helion_tarn;brook;6;dagruve;1;10;352;0;51;morreu
KIND;m0;helion_tarn;brook;6;0;0;0
CSV;m1;helion_tarn;brook;1;dagruve;1;7;362;0;63;morreu
KIND;m1;helion_tarn;brook;1;0;0;0
CSV;m1;helion_tarn;brook;2;dagruve;1;13;1264;65;82;passou
CSV;m1;helion_tarn;brook;2;docas;13;14;81;0;52;morreu
KIND;m1;helion_tarn;brook;2;0;0;0
CSV;m1;helion_tarn;brook;3;dagruve;1;11;526;28;56;passou
CSV;m1;helion_tarn;brook;3;docas;11;14;384;0;98;morreu
KIND;m1;helion_tarn;brook;3;0;0;0
CSV;m1;helion_tarn;brook;4;dagruve;1;4;218;0;48;morreu
KIND;m1;helion_tarn;brook;4;0;0;0
CSV;m1;helion_tarn;brook;5;dagruve;1;12;1263;0;193;morreu
KIND;m1;helion_tarn;brook;5;0;0;0
CSV;m1;helion_tarn;brook;6;dagruve;1;8;901;0;82;morreu
KIND;m1;helion_tarn;brook;6;0;0;0
CSV;m0;helion_tarn;durvall;1;dagruve;1;4;225;0;38;morreu
KIND;m0;helion_tarn;durvall;1;0;0;0
CSV;m0;helion_tarn;durvall;2;dagruve;1;5;360;0;42;morreu
KIND;m0;helion_tarn;durvall;2;0;0;0
CSV;m0;helion_tarn;durvall;3;dagruve;1;15;2603;17;375;passou
CSV;m0;helion_tarn;durvall;3;docas;15;18;421;21;135;passou
CSV;m0;helion_tarn;durvall;3;shedaklah;18;18;292;0;134;morreu
KIND;m0;helion_tarn;durvall;3;0;0;0
CSV;m0;helion_tarn;durvall;4;dagruve;1;2;53;0;47;morreu
KIND;m0;helion_tarn;durvall;4;0;0;0
CSV;m0;helion_tarn;durvall;5;dagruve;1;5;187;0;42;morreu
KIND;m0;helion_tarn;durvall;5;0;0;0
CSV;m0;helion_tarn;durvall;6;dagruve;1;4;52;0;38;morreu
KIND;m0;helion_tarn;durvall;6;0;0;0
CSV;m1;helion_tarn;durvall;1;dagruve;1;4;298;0;46;morreu
KIND;m1;helion_tarn;durvall;1;0;0;0
CSV;m1;helion_tarn;durvall;2;dagruve;1;4;237;0;55;morreu
KIND;m1;helion_tarn;durvall;2;0;0;0
CSV;m1;helion_tarn;durvall;3;dagruve;1;5;179;0;46;morreu
KIND;m1;helion_tarn;durvall;3;0;0;0
CSV;m1;helion_tarn;durvall;4;dagruve;1;13;1560;34;225;passou
CSV;m1;helion_tarn;durvall;4;docas;13;15;606;73;114;passou
CSV;m1;helion_tarn;durvall;4;shedaklah;15;16;44;0;68;morreu
KIND;m1;helion_tarn;durvall;4;0;0;0
CSV;m1;helion_tarn;durvall;5;dagruve;1;6;427;0;69;morreu
KIND;m1;helion_tarn;durvall;5;0;0;0
CSV;m1;helion_tarn;durvall;6;dagruve;1;6;363;0;50;morreu
KIND;m1;helion_tarn;durvall;6;0;0;0
CSV;m0;helion_tarn;kayron;1;dagruve;1;12;336;53;65;passou
CSV;m0;helion_tarn;kayron;1;docas;12;16;476;39;185;passou
CSV;m0;helion_tarn;kayron;1;shedaklah;16;20;819;45;187;passou
CSV;m0;helion_tarn;kayron;1;molor;20;21;210;0;110;morreu
KIND;m0;helion_tarn;kayron;1;0;0;0
CSV;m0;helion_tarn;kayron;2;dagruve;1;8;212;0;52;morreu
KIND;m0;helion_tarn;kayron;2;0;0;0
CSV;m0;helion_tarn;kayron;3;dagruve;1;6;104;0;38;morreu
KIND;m0;helion_tarn;kayron;3;0;0;0
CSV;m0;helion_tarn;kayron;4;dagruve;1;11;489;39;87;passou
CSV;m0;helion_tarn;kayron;4;docas;11;12;69;0;54;morreu
KIND;m0;helion_tarn;kayron;4;0;0;0
CSV;m0;helion_tarn;kayron;5;dagruve;1;12;818;63;87;passou
CSV;m0;helion_tarn;kayron;5;docas;12;15;613;38;219;passou
CSV;m0;helion_tarn;kayron;5;shedaklah;15;16;274;0;239;morreu
KIND;m0;helion_tarn;kayron;5;0;0;0
CSV;m0;helion_tarn;kayron;6;dagruve;1;5;157;0;48;morreu
KIND;m0;helion_tarn;kayron;6;0;0;0
CSV;m1;helion_tarn;kayron;1;dagruve;1;12;325;0;87;passou
CSV;m1;helion_tarn;kayron;1;docas;12;17;328;47;77;passou
CSV;m1;helion_tarn;kayron;1;shedaklah;17;20;190;0;93;morreu
KIND;m1;helion_tarn;kayron;1;0;0;0
CSV;m1;helion_tarn;kayron;2;dagruve;1;4;94;0;50;morreu
KIND;m1;helion_tarn;kayron;2;0;0;0
CSV;m1;helion_tarn;kayron;3;dagruve;1;15;316;67;60;passou
CSV;m1;helion_tarn;kayron;3;docas;15;20;319;21;68;passou
CSV;m1;helion_tarn;kayron;3;shedaklah;20;26;569;50;145;?
KIND;m1;helion_tarn;kayron;3;0;0;0
CSV;m1;helion_tarn;kayron;4;dagruve;1;6;75;0;46;morreu
KIND;m1;helion_tarn;kayron;4;0;0;0
CSV;m1;helion_tarn;kayron;5;dagruve;1;12;534;7;64;passou
CSV;m1;helion_tarn;kayron;5;docas;12;13;67;0;46;morreu
KIND;m1;helion_tarn;kayron;5;0;0;0
CSV;m1;helion_tarn;kayron;6;dagruve;1;14;318;76;20;passou
CSV;m1;helion_tarn;kayron;6;docas;14;19;324;69;35;passou
CSV;m1;helion_tarn;kayron;6;shedaklah;19;24;456;0;114;morreu
KIND;m1;helion_tarn;kayron;6;0;0;0
CSV;m0;helion_tarn;korrak;1;dagruve;1;12;870;65;137;passou
CSV;m0;helion_tarn;korrak;1;docas;12;15;386;75;94;passou
CSV;m0;helion_tarn;korrak;1;shedaklah;15;17;790;0;254;morreu
KIND;m0;helion_tarn;korrak;1;0;0;0
CSV;m0;helion_tarn;korrak;2;dagruve;1;13;325;60;126;passou
CSV;m0;helion_tarn;korrak;2;docas;13;16;363;53;156;passou
CSV;m0;helion_tarn;korrak;2;shedaklah;16;22;671;32;507;passou
CSV;m0;helion_tarn;korrak;2;molor;22;24;314;0;533;morreu
KIND;m0;helion_tarn;korrak;2;0;0;0
CSV;m0;helion_tarn;korrak;3;dagruve;1;13;972;66;184;passou
CSV;m0;helion_tarn;korrak;3;docas;13;17;330;78;109;passou
CSV;m0;helion_tarn;korrak;3;shedaklah;17;27;2422;29;1204;passou
CSV;m0;helion_tarn;korrak;3;molor;27;29;885;0;731;morreu
KIND;m0;helion_tarn;korrak;3;0;0;0
CSV;m0;helion_tarn;korrak;4;dagruve;1;12;343;43;85;passou
CSV;m0;helion_tarn;korrak;4;docas;12;17;384;65;137;passou
CSV;m0;helion_tarn;korrak;4;shedaklah;17;18;66;0;186;morreu
KIND;m0;helion_tarn;korrak;4;0;0;0
CSV;m0;helion_tarn;korrak;5;dagruve;1;11;749;85;63;passou
CSV;m0;helion_tarn;korrak;5;docas;11;15;372;68;214;passou
CSV;m0;helion_tarn;korrak;5;shedaklah;15;19;1025;0;416;morreu
KIND;m0;helion_tarn;korrak;5;0;0;0
CSV;m0;helion_tarn;korrak;6;dagruve;1;14;1058;54;211;passou
CSV;m0;helion_tarn;korrak;6;docas;14;16;372;61;114;passou
CSV;m0;helion_tarn;korrak;6;shedaklah;16;22;2106;0;1737;morreu
KIND;m0;helion_tarn;korrak;6;0;0;0
CSV;m1;helion_tarn;korrak;1;dagruve;1;12;348;76;63;passou
CSV;m1;helion_tarn;korrak;1;docas;12;17;357;74;94;passou
CSV;m1;helion_tarn;korrak;1;shedaklah;17;22;928;0;370;morreu
KIND;m1;helion_tarn;korrak;1;0;0;0
CSV;m1;helion_tarn;korrak;2;dagruve;1;12;474;68;143;passou
CSV;m1;helion_tarn;korrak;2;docas;12;15;391;76;48;passou
CSV;m1;helion_tarn;korrak;2;shedaklah;15;23;4684;0;2590;morreu
KIND;m1;helion_tarn;korrak;2;0;0;0
CSV;m1;helion_tarn;korrak;3;dagruve;1;10;449;66;88;passou
CSV;m1;helion_tarn;korrak;3;docas;10;15;499;59;172;passou
CSV;m1;helion_tarn;korrak;3;shedaklah;15;24;3144;20;1999;passou
CSV;m1;helion_tarn;korrak;3;molor;24;31;3667;0;2991;morreu
KIND;m1;helion_tarn;korrak;3;0;0;0
CSV;m1;helion_tarn;korrak;4;dagruve;1;11;517;72;123;passou
CSV;m1;helion_tarn;korrak;4;docas;11;15;424;53;311;passou
CSV;m1;helion_tarn;korrak;4;shedaklah;15;25;4491;13;4102;passou
CSV;m1;helion_tarn;korrak;4;molor;25;30;754;0;758;morreu
KIND;m1;helion_tarn;korrak;4;0;0;0
CSV;m1;helion_tarn;korrak;5;dagruve;1;10;619;88;35;passou
CSV;m1;helion_tarn;korrak;5;docas;10;14;429;60;226;passou
CSV;m1;helion_tarn;korrak;5;shedaklah;14;17;906;0;358;morreu
KIND;m1;helion_tarn;korrak;5;0;0;0
CSV;m1;helion_tarn;korrak;6;dagruve;1;12;320;76;102;passou
CSV;m1;helion_tarn;korrak;6;docas;12;16;392;60;77;passou
CSV;m1;helion_tarn;korrak;6;shedaklah;16;24;1064;50;540;passou
CSV;m1;helion_tarn;korrak;6;molor;24;27;513;0;435;morreu
KIND;m1;helion_tarn;korrak;6;0;0;0
CSV;m0;helion_tarn;leoric;1;dagruve;1;4;123;0;34;morreu
KIND;m0;helion_tarn;leoric;1;0;0;0
CSV;m0;helion_tarn;leoric;2;dagruve;1;3;188;0;42;morreu
KIND;m0;helion_tarn;leoric;2;0;0;0
CSV;m0;helion_tarn;leoric;3;dagruve;1;7;222;0;32;morreu
KIND;m0;helion_tarn;leoric;3;0;0;0
CSV;m0;helion_tarn;leoric;4;dagruve;1;11;904;0;187;morreu
KIND;m0;helion_tarn;leoric;4;0;0;0
CSV;m0;helion_tarn;leoric;5;dagruve;1;5;170;0;32;morreu
KIND;m0;helion_tarn;leoric;5;0;0;0
CSV;m0;helion_tarn;leoric;6;dagruve;1;14;330;76;26;passou
CSV;m0;helion_tarn;leoric;6;docas;14;16;613;4;130;passou
CSV;m0;helion_tarn;leoric;6;shedaklah;16;17;701;0;140;morreu
KIND;m0;helion_tarn;leoric;6;0;0;0
CSV;m1;helion_tarn;leoric;1;dagruve;1;11;553;41;83;passou
CSV;m1;helion_tarn;leoric;1;docas;11;12;162;0;110;morreu
KIND;m1;helion_tarn;leoric;1;0;0;0
CSV;m1;helion_tarn;leoric;2;dagruve;1;13;336;60;53;passou
CSV;m1;helion_tarn;leoric;2;docas;13;15;102;0;74;morreu
KIND;m1;helion_tarn;leoric;2;0;0;0
CSV;m1;helion_tarn;leoric;3;dagruve;1;5;100;0;40;morreu
KIND;m1;helion_tarn;leoric;3;0;0;0
CSV;m1;helion_tarn;leoric;4;dagruve;1;5;159;0;48;morreu
KIND;m1;helion_tarn;leoric;4;0;0;0
CSV;m1;helion_tarn;leoric;5;dagruve;1;3;110;0;40;morreu
KIND;m1;helion_tarn;leoric;5;0;0;0
CSV;m1;helion_tarn;leoric;6;dagruve;1;15;331;6;71;passou
CSV;m1;helion_tarn;leoric;6;docas;15;16;61;0;37;morreu
KIND;m1;helion_tarn;leoric;6;0;0;0
CSV;m0;helion_tarn;maelor;1;dagruve;1;13;875;56;52;passou
CSV;m0;helion_tarn;maelor;1;docas;13;16;718;44;271;passou
CSV;m0;helion_tarn;maelor;1;shedaklah;16;20;1296;0;582;morreu
KIND;m0;helion_tarn;maelor;1;0;0;0
CSV;m0;helion_tarn;maelor;2;dagruve;1;9;474;37;87;passou
CSV;m0;helion_tarn;maelor;2;docas;9;10;105;0;61;morreu
KIND;m0;helion_tarn;maelor;2;0;0;0
CSV;m0;helion_tarn;maelor;3;dagruve;1;4;143;0;85;morreu
KIND;m0;helion_tarn;maelor;3;0;0;0
CSV;m0;helion_tarn;maelor;4;dagruve;1;11;333;25;130;passou
CSV;m0;helion_tarn;maelor;4;docas;11;12;68;0;65;morreu
KIND;m0;helion_tarn;maelor;4;0;0;0
CSV;m0;helion_tarn;maelor;5;dagruve;1;10;407;55;58;passou
CSV;m0;helion_tarn;maelor;5;docas;10;10;71;0;52;morreu
KIND;m0;helion_tarn;maelor;5;0;0;0
CSV;m0;helion_tarn;maelor;6;dagruve;1;9;466;64;52;passou
CSV;m0;helion_tarn;maelor;6;docas;9;14;398;8;217;passou
CSV;m0;helion_tarn;maelor;6;shedaklah;14;15;50;0;55;morreu
KIND;m0;helion_tarn;maelor;6;0;0;0
CSV;m1;helion_tarn;maelor;1;dagruve;1;13;1075;73;40;passou
CSV;m1;helion_tarn;maelor;1;docas;13;14;516;0;124;morreu
KIND;m1;helion_tarn;maelor;1;0;0;0
CSV;m1;helion_tarn;maelor;2;dagruve;1;10;323;67;51;passou
CSV;m1;helion_tarn;maelor;2;docas;10;15;352;42;113;passou
CSV;m1;helion_tarn;maelor;2;shedaklah;15;15;58;0;58;morreu
KIND;m1;helion_tarn;maelor;2;0;0;0
CSV;m1;helion_tarn;maelor;3;dagruve;1;11;505;74;69;passou
CSV;m1;helion_tarn;maelor;3;docas;11;13;175;0;104;morreu
KIND;m1;helion_tarn;maelor;3;0;0;0
CSV;m1;helion_tarn;maelor;4;dagruve;1;13;534;30;79;passou
CSV;m1;helion_tarn;maelor;4;docas;13;16;440;42;225;passou
CSV;m1;helion_tarn;maelor;4;shedaklah;16;17;52;0;55;morreu
KIND;m1;helion_tarn;maelor;4;0;0;0
CSV;m1;helion_tarn;maelor;5;dagruve;1;10;492;90;20;passou
CSV;m1;helion_tarn;maelor;5;docas;10;16;589;27;226;passou
CSV;m1;helion_tarn;maelor;5;shedaklah;16;21;1107;0;218;morreu
KIND;m1;helion_tarn;maelor;5;0;0;0
CSV;m1;helion_tarn;maelor;6;dagruve;1;11;718;29;196;passou
CSV;m1;helion_tarn;maelor;6;docas;11;14;527;46;62;passou
CSV;m1;helion_tarn;maelor;6;shedaklah;14;14;246;0;88;morreu
KIND;m1;helion_tarn;maelor;6;0;0;0
CSV;m0;helion_tarn;nyrelia;1;dagruve;1;7;521;0;93;morreu
KIND;m0;helion_tarn;nyrelia;1;0;0;0
CSV;m0;helion_tarn;nyrelia;2;dagruve;1;1;83;0;32;morreu
KIND;m0;helion_tarn;nyrelia;2;0;0;0
CSV;m0;helion_tarn;nyrelia;3;dagruve;1;5;329;0;45;morreu
KIND;m0;helion_tarn;nyrelia;3;0;0;0
CSV;m0;helion_tarn;nyrelia;4;dagruve;1;3;154;0;32;morreu
KIND;m0;helion_tarn;nyrelia;4;0;0;0
CSV;m0;helion_tarn;nyrelia;5;dagruve;1;8;606;41;138;passou
CSV;m0;helion_tarn;nyrelia;5;docas;8;13;232;0;149;morreu
KIND;m0;helion_tarn;nyrelia;5;0;0;0
CSV;m0;helion_tarn;nyrelia;6;dagruve;1;3;209;0;32;morreu
KIND;m0;helion_tarn;nyrelia;6;0;0;0
CSV;m1;helion_tarn;nyrelia;1;dagruve;1;12;1036;46;62;passou
CSV;m1;helion_tarn;nyrelia;1;docas;12;15;639;35;134;passou
CSV;m1;helion_tarn;nyrelia;1;shedaklah;15;17;752;0;138;morreu
KIND;m1;helion_tarn;nyrelia;1;0;0;0
CSV;m1;helion_tarn;nyrelia;2;dagruve;1;9;465;50;69;passou
CSV;m1;helion_tarn;nyrelia;2;docas;9;9;59;0;53;morreu
KIND;m1;helion_tarn;nyrelia;2;0;0;0
CSV;m1;helion_tarn;nyrelia;3;dagruve;1;7;630;0;112;morreu
KIND;m1;helion_tarn;nyrelia;3;0;0;0
CSV;m1;helion_tarn;nyrelia;4;dagruve;1;1;52;0;40;morreu
KIND;m1;helion_tarn;nyrelia;4;0;0;0
CSV;m1;helion_tarn;nyrelia;5;dagruve;1;11;1187;28;109;passou
CSV;m1;helion_tarn;nyrelia;5;docas;11;12;604;73;63;passou
CSV;m1;helion_tarn;nyrelia;5;shedaklah;12;12;39;0;51;morreu
KIND;m1;helion_tarn;nyrelia;5;0;0;0
CSV;m1;helion_tarn;nyrelia;6;dagruve;1;12;1663;0;347;morreu
KIND;m1;helion_tarn;nyrelia;6;0;0;0
CSV;m0;helion_tarn;sylas;1;dagruve;1;2;63;0;36;morreu
KIND;m0;helion_tarn;sylas;1;0;0;0
CSV;m0;helion_tarn;sylas;2;dagruve;1;12;352;33;64;passou
CSV;m0;helion_tarn;sylas;2;docas;12;13;100;0;44;morreu
KIND;m0;helion_tarn;sylas;2;0;0;0
CSV;m0;helion_tarn;sylas;3;dagruve;1;8;156;0;36;morreu
KIND;m0;helion_tarn;sylas;3;0;0;0
CSV;m0;helion_tarn;sylas;4;dagruve;1;12;458;7;65;passou
CSV;m0;helion_tarn;sylas;4;docas;12;13;140;0;62;morreu
KIND;m0;helion_tarn;sylas;4;0;0;0
CSV;m0;helion_tarn;sylas;5;dagruve;1;11;377;56;67;passou
CSV;m0;helion_tarn;sylas;5;docas;11;14;376;0;165;morreu
KIND;m0;helion_tarn;sylas;5;0;0;0
CSV;m0;helion_tarn;sylas;6;dagruve;1;11;358;52;55;passou
CSV;m0;helion_tarn;sylas;6;docas;11;14;235;0;109;morreu
KIND;m0;helion_tarn;sylas;6;0;0;0
CSV;m1;helion_tarn;sylas;1;dagruve;1;12;476;79;30;passou
CSV;m1;helion_tarn;sylas;1;docas;12;16;369;30;121;passou
CSV;m1;helion_tarn;sylas;1;shedaklah;16;20;581;0;161;morreu
KIND;m1;helion_tarn;sylas;1;0;0;0
CSV;m1;helion_tarn;sylas;2;dagruve;1;12;216;0;59;morreu
KIND;m1;helion_tarn;sylas;2;0;0;0
CSV;m1;helion_tarn;sylas;3;dagruve;1;11;490;58;47;passou
CSV;m1;helion_tarn;sylas;3;docas;11;12;174;0;68;morreu
KIND;m1;helion_tarn;sylas;3;0;0;0
CSV;m1;helion_tarn;sylas;4;dagruve;1;11;326;85;27;passou
CSV;m1;helion_tarn;sylas;4;docas;11;18;346;75;49;passou
CSV;m1;helion_tarn;sylas;4;shedaklah;18;22;836;0;330;morreu
KIND;m1;helion_tarn;sylas;4;0;0;0
CSV;m1;helion_tarn;sylas;5;dagruve;1;12;401;55;72;passou
CSV;m1;helion_tarn;sylas;5;docas;12;14;347;0;233;morreu
KIND;m1;helion_tarn;sylas;5;0;0;0
CSV;m1;helion_tarn;sylas;6;dagruve;1;11;328;81;29;passou
CSV;m1;helion_tarn;sylas;6;docas;11;16;328;64;39;passou
CSV;m1;helion_tarn;sylas;6;shedaklah;16;16;57;0;73;morreu
KIND;m1;helion_tarn;sylas;6;0;0;0
CSV;m0;helion_tarn;zynara;1;dagruve;1;8;195;0;44;morreu
KIND;m0;helion_tarn;zynara;1;0;0;0
CSV;m0;helion_tarn;zynara;2;dagruve;1;9;553;36;64;passou
CSV;m0;helion_tarn;zynara;2;docas;9;15;447;36;153;passou
CSV;m0;helion_tarn;zynara;2;shedaklah;15;17;124;0;85;morreu
KIND;m0;helion_tarn;zynara;2;0;0;0
CSV;m0;helion_tarn;zynara;3;dagruve;1;1;101;0;34;morreu
KIND;m0;helion_tarn;zynara;3;0;0;0
CSV;m0;helion_tarn;zynara;4;dagruve;1;10;771;72;33;passou
CSV;m0;helion_tarn;zynara;4;docas;10;16;481;62;127;passou
CSV;m0;helion_tarn;zynara;4;shedaklah;16;19;472;0;199;morreu
KIND;m0;helion_tarn;zynara;4;0;0;0
CSV;m0;helion_tarn;zynara;5;dagruve;1;4;203;0;34;morreu
KIND;m0;helion_tarn;zynara;5;0;0;0
CSV;m0;helion_tarn;zynara;6;dagruve;1;11;680;2;131;passou
CSV;m0;helion_tarn;zynara;6;docas;11;14;407;0;152;morreu
KIND;m0;helion_tarn;zynara;6;0;0;0
CSV;m1;helion_tarn;zynara;1;dagruve;1;12;1130;54;43;passou
CSV;m1;helion_tarn;zynara;1;docas;12;16;524;71;74;passou
CSV;m1;helion_tarn;zynara;1;shedaklah;16;20;1136;0;351;morreu
KIND;m1;helion_tarn;zynara;1;0;0;0
CSV;m1;helion_tarn;zynara;2;dagruve;1;10;614;60;40;passou
CSV;m1;helion_tarn;zynara;2;docas;10;11;162;0;58;morreu
KIND;m1;helion_tarn;zynara;2;0;0;0
CSV;m1;helion_tarn;zynara;3;dagruve;1;11;999;25;165;passou
CSV;m1;helion_tarn;zynara;3;docas;11;13;829;48;241;passou
CSV;m1;helion_tarn;zynara;3;shedaklah;13;14;408;0;131;morreu
KIND;m1;helion_tarn;zynara;3;0;0;0
CSV;m1;helion_tarn;zynara;4;dagruve;1;13;1499;30;316;passou
CSV;m1;helion_tarn;zynara;4;docas;13;14;227;0;73;morreu
KIND;m1;helion_tarn;zynara;4;0;0;0
CSV;m1;helion_tarn;zynara;5;dagruve;1;12;846;19;96;passou
CSV;m1;helion_tarn;zynara;5;docas;12;16;652;69;91;passou
CSV;m1;helion_tarn;zynara;5;shedaklah;16;16;210;0;96;morreu
KIND;m1;helion_tarn;zynara;5;0;0;0
CSV;m1;helion_tarn;zynara;6;dagruve;1;10;305;0;102;morreu
KIND;m1;helion_tarn;zynara;6;0;0;0
CSV;m0;sendrinah_cura;bromnor;1;dagruve;1;12;2491;69;95;passou
CSV;m0;sendrinah_cura;bromnor;1;docas;12;13;656;83;30;passou
CSV;m0;sendrinah_cura;bromnor;1;shedaklah;13;16;1305;0;188;morreu
KIND;m0;sendrinah_cura;bromnor;1;0;0;0
CSV;m0;sendrinah_cura;bromnor;2;dagruve;1;9;455;91;4;passou
CSV;m0;sendrinah_cura;bromnor;2;docas;9;10;146;0;65;morreu
KIND;m0;sendrinah_cura;bromnor;2;0;0;0
CSV;m0;sendrinah_cura;bromnor;3;dagruve;1;10;1313;82;29;passou
CSV;m0;sendrinah_cura;bromnor;3;docas;10;13;625;75;19;passou
CSV;m0;sendrinah_cura;bromnor;3;shedaklah;13;15;714;0;238;morreu
KIND;m0;sendrinah_cura;bromnor;3;0;0;0
CSV;m0;sendrinah_cura;bromnor;4;dagruve;1;11;825;69;24;passou
CSV;m0;sendrinah_cura;bromnor;4;docas;11;11;90;0;73;morreu
KIND;m0;sendrinah_cura;bromnor;4;0;0;0
CSV;m0;sendrinah_cura;bromnor;5;dagruve;1;9;777;49;53;passou
CSV;m0;sendrinah_cura;bromnor;5;docas;9;11;551;55;58;passou
CSV;m0;sendrinah_cura;bromnor;5;shedaklah;11;13;835;0;143;morreu
KIND;m0;sendrinah_cura;bromnor;5;0;0;0
CSV;m0;sendrinah_cura;bromnor;6;dagruve;1;14;2767;36;183;passou
CSV;m0;sendrinah_cura;bromnor;6;docas;14;16;504;88;24;passou
CSV;m0;sendrinah_cura;bromnor;6;shedaklah;16;16;63;0;60;morreu
KIND;m0;sendrinah_cura;bromnor;6;0;0;0
CSV;m1;sendrinah_cura;bromnor;1;dagruve;1;10;1153;83;72;passou
CSV;m1;sendrinah_cura;bromnor;1;docas;10;12;724;35;119;passou
CSV;m1;sendrinah_cura;bromnor;1;shedaklah;12;15;1447;0;327;morreu
KIND;m1;sendrinah_cura;bromnor;1;0;0;0
CSV;m1;sendrinah_cura;bromnor;2;dagruve;1;10;571;91;6;passou
CSV;m1;sendrinah_cura;bromnor;2;docas;10;17;621;53;82;passou
CSV;m1;sendrinah_cura;bromnor;2;shedaklah;17;23;770;0;307;morreu
KIND;m1;sendrinah_cura;bromnor;2;0;0;0
CSV;m1;sendrinah_cura;bromnor;3;dagruve;1;14;3790;56;239;passou
CSV;m1;sendrinah_cura;bromnor;3;docas;14;15;812;85;46;passou
CSV;m1;sendrinah_cura;bromnor;3;shedaklah;15;16;258;0;76;morreu
KIND;m1;sendrinah_cura;bromnor;3;0;0;0
CSV;m1;sendrinah_cura;bromnor;4;dagruve;1;9;1165;66;74;passou
CSV;m1;sendrinah_cura;bromnor;4;docas;9;12;559;36;142;passou
CSV;m1;sendrinah_cura;bromnor;4;shedaklah;12;12;292;0;63;morreu
KIND;m1;sendrinah_cura;bromnor;4;0;0;0
CSV;m1;sendrinah_cura;bromnor;5;dagruve;1;13;1657;42;201;passou
CSV;m1;sendrinah_cura;bromnor;5;docas;13;16;477;48;74;passou
CSV;m1;sendrinah_cura;bromnor;5;shedaklah;16;19;493;0;280;morreu
KIND;m1;sendrinah_cura;bromnor;5;0;0;0
CSV;m1;sendrinah_cura;bromnor;6;dagruve;1;13;1830;88;15;passou
CSV;m1;sendrinah_cura;bromnor;6;docas;13;13;76;0;77;morreu
KIND;m1;sendrinah_cura;bromnor;6;0;0;0
CSV;m0;sendrinah_cura;brook;1;dagruve;1;2;47;0;43;morreu
KIND;m0;sendrinah_cura;brook;1;0;0;0
CSV;m0;sendrinah_cura;brook;2;dagruve;1;10;706;33;109;passou
CSV;m0;sendrinah_cura;brook;2;docas;10;12;123;0;86;morreu
KIND;m0;sendrinah_cura;brook;2;0;0;0
CSV;m0;sendrinah_cura;brook;3;dagruve;1;11;2510;42;339;passou
CSV;m0;sendrinah_cura;brook;3;docas;11;13;980;52;262;passou
CSV;m0;sendrinah_cura;brook;3;shedaklah;13;14;631;0;174;morreu
KIND;m0;sendrinah_cura;brook;3;0;0;0
CSV;m0;sendrinah_cura;brook;4;dagruve;1;3;53;0;43;morreu
KIND;m0;sendrinah_cura;brook;4;0;0;0
CSV;m0;sendrinah_cura;brook;5;dagruve;1;10;1290;15;227;passou
CSV;m0;sendrinah_cura;brook;5;docas;10;12;625;20;198;passou
CSV;m0;sendrinah_cura;brook;5;shedaklah;12;13;581;0;272;morreu
KIND;m0;sendrinah_cura;brook;5;0;0;0
CSV;m0;sendrinah_cura;brook;6;dagruve;1;5;429;0;86;morreu
KIND;m0;sendrinah_cura;brook;6;0;0;0
CSV;m1;sendrinah_cura;brook;1;dagruve;1;9;377;82;22;passou
CSV;m1;sendrinah_cura;brook;1;docas;9;16;564;82;32;passou
CSV;m1;sendrinah_cura;brook;1;shedaklah;16;16;523;0;192;morreu
KIND;m1;sendrinah_cura;brook;1;0;0;0
CSV;m1;sendrinah_cura;brook;2;dagruve;1;13;2079;23;465;passou
CSV;m1;sendrinah_cura;brook;2;docas;13;15;909;76;72;passou
CSV;m1;sendrinah_cura;brook;2;shedaklah;15;16;696;0;104;morreu
KIND;m1;sendrinah_cura;brook;2;0;0;0
CSV;m1;sendrinah_cura;brook;3;dagruve;1;10;1579;75;89;passou
CSV;m1;sendrinah_cura;brook;3;docas;10;12;814;65;80;passou
CSV;m1;sendrinah_cura;brook;3;shedaklah;12;12;56;0;55;morreu
KIND;m1;sendrinah_cura;brook;3;0;0;0
CSV;m1;sendrinah_cura;brook;4;dagruve;1;11;3068;0;562;morreu
KIND;m1;sendrinah_cura;brook;4;0;0;0
CSV;m1;sendrinah_cura;brook;5;dagruve;1;11;1260;0;194;morreu
KIND;m1;sendrinah_cura;brook;5;0;0;0
CSV;m1;sendrinah_cura;brook;6;dagruve;1;12;1489;79;75;passou
CSV;m1;sendrinah_cura;brook;6;docas;12;13;65;0;60;morreu
KIND;m1;sendrinah_cura;brook;6;0;0;0
CSV;m0;sendrinah_cura;durvall;1;dagruve;1;6;577;0;143;morreu
KIND;m0;sendrinah_cura;durvall;1;0;0;0
CSV;m0;sendrinah_cura;durvall;2;dagruve;1;10;634;7;109;passou
CSV;m0;sendrinah_cura;durvall;2;docas;10;11;55;0;50;morreu
KIND;m0;sendrinah_cura;durvall;2;0;0;0
CSV;m0;sendrinah_cura;durvall;3;dagruve;1;13;2279;5;603;passou
CSV;m0;sendrinah_cura;durvall;3;docas;13;14;499;73;85;passou
CSV;m0;sendrinah_cura;durvall;3;shedaklah;14;14;288;0;145;morreu
KIND;m0;sendrinah_cura;durvall;3;0;0;0
CSV;m0;sendrinah_cura;durvall;4;dagruve;1;11;1277;0;337;morreu
KIND;m0;sendrinah_cura;durvall;4;0;0;0
CSV;m0;sendrinah_cura;durvall;5;dagruve;1;10;1452;0;258;morreu
KIND;m0;sendrinah_cura;durvall;5;0;0;0
CSV;m0;sendrinah_cura;durvall;6;dagruve;1;11;1048;18;243;passou
CSV;m0;sendrinah_cura;durvall;6;docas;11;13;164;0;73;morreu
KIND;m0;sendrinah_cura;durvall;6;0;0;0
CSV;m1;sendrinah_cura;durvall;1;dagruve;1;11;1620;43;379;passou
CSV;m1;sendrinah_cura;durvall;1;docas;11;13;562;0;182;morreu
KIND;m1;sendrinah_cura;durvall;1;0;0;0
CSV;m1;sendrinah_cura;durvall;2;dagruve;1;10;903;0;185;morreu
KIND;m1;sendrinah_cura;durvall;2;0;0;0
CSV;m1;sendrinah_cura;durvall;3;dagruve;1;11;1080;8;350;passou
CSV;m1;sendrinah_cura;durvall;3;docas;11;14;180;0;126;morreu
KIND;m1;sendrinah_cura;durvall;3;0;0;0
CSV;m1;sendrinah_cura;durvall;4;dagruve;1;5;188;0;79;morreu
KIND;m1;sendrinah_cura;durvall;4;0;0;0
CSV;m1;sendrinah_cura;durvall;5;dagruve;1;6;513;0;163;morreu
KIND;m1;sendrinah_cura;durvall;5;0;0;0
CSV;m1;sendrinah_cura;durvall;6;dagruve;1;11;1234;47;147;passou
CSV;m1;sendrinah_cura;durvall;6;docas;11;11;65;0;61;morreu
KIND;m1;sendrinah_cura;durvall;6;0;0;0
CSV;m0;sendrinah_cura;kayron;1;dagruve;1;12;560;60;64;passou
CSV;m0;sendrinah_cura;kayron;1;docas;12;16;456;15;106;passou
CSV;m0;sendrinah_cura;kayron;1;shedaklah;16;16;53;0;55;morreu
KIND;m0;sendrinah_cura;kayron;1;0;0;0
CSV;m0;sendrinah_cura;kayron;2;dagruve;1;8;591;0;154;morreu
KIND;m0;sendrinah_cura;kayron;2;0;0;0
CSV;m0;sendrinah_cura;kayron;3;dagruve;1;5;102;0;56;morreu
KIND;m0;sendrinah_cura;kayron;3;0;0;0
CSV;m0;sendrinah_cura;kayron;4;dagruve;1;5;142;0;71;morreu
KIND;m0;sendrinah_cura;kayron;4;0;0;0
CSV;m0;sendrinah_cura;kayron;5;dagruve;1;3;66;0;39;morreu
KIND;m0;sendrinah_cura;kayron;5;0;0;0
CSV;m0;sendrinah_cura;kayron;6;dagruve;1;11;528;14;75;passou
CSV;m0;sendrinah_cura;kayron;6;docas;11;12;108;0;54;morreu
KIND;m0;sendrinah_cura;kayron;6;0;0;0
CSV;m1;sendrinah_cura;kayron;1;dagruve;1;11;334;4;60;passou
CSV;m1;sendrinah_cura;kayron;1;docas;11;13;131;0;82;morreu
KIND;m1;sendrinah_cura;kayron;1;0;0;0
CSV;m1;sendrinah_cura;kayron;2;dagruve;1;10;579;95;10;passou
CSV;m1;sendrinah_cura;kayron;2;docas;10;14;477;30;175;passou
CSV;m1;sendrinah_cura;kayron;2;shedaklah;14;14;38;0;64;morreu
KIND;m1;sendrinah_cura;kayron;2;0;0;0
CSV;m1;sendrinah_cura;kayron;3;dagruve;1;15;2178;31;478;passou
CSV;m1;sendrinah_cura;kayron;3;docas;15;18;557;28;200;passou
CSV;m1;sendrinah_cura;kayron;3;shedaklah;18;19;124;0;165;morreu
KIND;m1;sendrinah_cura;kayron;3;0;0;0
CSV;m1;sendrinah_cura;kayron;4;dagruve;1;12;1017;53;53;passou
CSV;m1;sendrinah_cura;kayron;4;docas;12;18;340;14;96;passou
CSV;m1;sendrinah_cura;kayron;4;shedaklah;18;22;402;36;51;?
KIND;m1;sendrinah_cura;kayron;4;0;0;0
CSV;m1;sendrinah_cura;kayron;5;dagruve;1;11;346;68;32;passou
CSV;m1;sendrinah_cura;kayron;5;docas;11;12;83;0;58;morreu
KIND;m1;sendrinah_cura;kayron;5;0;0;0
CSV;m1;sendrinah_cura;kayron;6;dagruve;1;11;669;74;37;passou
CSV;m1;sendrinah_cura;kayron;6;docas;11;12;145;0;86;morreu
KIND;m1;sendrinah_cura;kayron;6;0;0;0
CSV;m0;sendrinah_cura;korrak;1;dagruve;1;11;394;80;28;passou
CSV;m0;sendrinah_cura;korrak;1;docas;11;16;360;45;172;passou
CSV;m0;sendrinah_cura;korrak;1;shedaklah;16;25;1373;9;886;passou
CSV;m0;sendrinah_cura;korrak;1;molor;25;31;834;49;393;passou
KIND;m0;sendrinah_cura;korrak;1;0;0;0
CSV;m0;sendrinah_cura;korrak;2;dagruve;1;11;639;65;64;passou
CSV;m0;sendrinah_cura;korrak;2;docas;11;16;449;65;241;passou
CSV;m0;sendrinah_cura;korrak;2;shedaklah;16;23;1515;0;1087;morreu
KIND;m0;sendrinah_cura;korrak;2;0;0;0
CSV;m0;sendrinah_cura;korrak;3;dagruve;1;13;1296;69;86;passou
CSV;m0;sendrinah_cura;korrak;3;docas;13;17;377;80;82;passou
CSV;m0;sendrinah_cura;korrak;3;shedaklah;17;22;1021;0;655;morreu
KIND;m0;sendrinah_cura;korrak;3;0;0;0
CSV;m0;sendrinah_cura;korrak;4;dagruve;1;12;975;67;163;passou
CSV;m0;sendrinah_cura;korrak;4;docas;12;15;400;20;371;passou
CSV;m0;sendrinah_cura;korrak;4;shedaklah;15;19;1117;0;537;morreu
KIND;m0;sendrinah_cura;korrak;4;0;0;0
CSV;m0;sendrinah_cura;korrak;5;dagruve;1;10;441;64;78;passou
CSV;m0;sendrinah_cura;korrak;5;docas;10;13;175;0;279;morreu
KIND;m0;sendrinah_cura;korrak;5;0;0;0
CSV;m0;sendrinah_cura;korrak;6;dagruve;1;11;409;76;51;passou
CSV;m0;sendrinah_cura;korrak;6;docas;11;16;494;45;259;passou
CSV;m0;sendrinah_cura;korrak;6;shedaklah;16;17;240;0;157;morreu
KIND;m0;sendrinah_cura;korrak;6;0;0;0
CSV;m1;sendrinah_cura;korrak;1;dagruve;1;10;461;74;97;passou
CSV;m1;sendrinah_cura;korrak;1;docas;10;14;416;52;355;passou
CSV;m1;sendrinah_cura;korrak;1;shedaklah;14;18;951;0;611;morreu
KIND;m1;sendrinah_cura;korrak;1;0;0;0
CSV;m1;sendrinah_cura;korrak;2;dagruve;1;11;626;69;80;passou
CSV;m1;sendrinah_cura;korrak;2;docas;11;14;457;29;214;passou
CSV;m1;sendrinah_cura;korrak;2;shedaklah;14;17;930;0;329;morreu
KIND;m1;sendrinah_cura;korrak;2;0;0;0
CSV;m1;sendrinah_cura;korrak;3;dagruve;1;11;517;79;55;passou
CSV;m1;sendrinah_cura;korrak;3;docas;11;15;357;70;164;passou
CSV;m1;sendrinah_cura;korrak;3;shedaklah;15;26;8126;5;6650;cap_tempo
KIND;m1;sendrinah_cura;korrak;3;0;0;0
CSV;m1;sendrinah_cura;korrak;4;dagruve;1;12;697;68;126;passou
CSV;m1;sendrinah_cura;korrak;4;docas;12;16;537;45;179;passou
CSV;m1;sendrinah_cura;korrak;4;shedaklah;16;19;628;0;489;morreu
KIND;m1;sendrinah_cura;korrak;4;0;0;0
CSV;m1;sendrinah_cura;korrak;5;dagruve;1;12;697;71;81;passou
CSV;m1;sendrinah_cura;korrak;5;docas;12;15;467;56;109;passou
CSV;m1;sendrinah_cura;korrak;5;shedaklah;15;24;7836;15;5264;cap_tempo
KIND;m1;sendrinah_cura;korrak;5;0;0;0
CSV;m1;sendrinah_cura;korrak;6;dagruve;1;11;571;78;52;passou
CSV;m1;sendrinah_cura;korrak;6;docas;11;15;428;70;130;passou
CSV;m1;sendrinah_cura;korrak;6;shedaklah;15;19;2467;0;712;morreu
KIND;m1;sendrinah_cura;korrak;6;0;0;0
CSV;m0;sendrinah_cura;leoric;1;dagruve;1;1;50;0;33;morreu
KIND;m0;sendrinah_cura;leoric;1;0;0;0
CSV;m0;sendrinah_cura;leoric;2;dagruve;1;11;1017;0;113;morreu
KIND;m0;sendrinah_cura;leoric;2;0;0;0
CSV;m0;sendrinah_cura;leoric;3;dagruve;1;8;473;0;81;morreu
KIND;m0;sendrinah_cura;leoric;3;0;0;0
CSV;m0;sendrinah_cura;leoric;4;dagruve;1;12;752;24;71;passou
CSV;m0;sendrinah_cura;leoric;4;docas;12;14;397;0;153;morreu
KIND;m0;sendrinah_cura;leoric;4;0;0;0
CSV;m0;sendrinah_cura;leoric;5;dagruve;1;8;429;0;81;morreu
KIND;m0;sendrinah_cura;leoric;5;0;0;0
CSV;m0;sendrinah_cura;leoric;6;dagruve;1;9;605;60;122;?
KIND;m0;sendrinah_cura;leoric;6;0;0;0
CSV;m1;sendrinah_cura;leoric;1;dagruve;1;12;534;65;43;passou
CSV;m1;sendrinah_cura;leoric;1;docas;12;14;449;0;141;morreu
KIND;m1;sendrinah_cura;leoric;1;0;0;0
CSV;m1;sendrinah_cura;leoric;2;dagruve;1;12;343;78;41;passou
CSV;m1;sendrinah_cura;leoric;2;docas;12;14;142;0;101;morreu
KIND;m1;sendrinah_cura;leoric;2;0;0;0
CSV;m1;sendrinah_cura;leoric;3;dagruve;1;9;567;0;131;morreu
KIND;m1;sendrinah_cura;leoric;3;0;0;0
CSV;m1;sendrinah_cura;leoric;4;dagruve;1;10;331;34;93;passou
CSV;m1;sendrinah_cura;leoric;4;docas;10;15;264;0;171;morreu
KIND;m1;sendrinah_cura;leoric;4;0;0;0
CSV;m1;sendrinah_cura;leoric;5;dagruve;1;11;653;55;127;passou
CSV;m1;sendrinah_cura;leoric;5;docas;11;13;269;0;99;morreu
KIND;m1;sendrinah_cura;leoric;5;0;0;0
CSV;m1;sendrinah_cura;leoric;6;dagruve;1;15;318;8;139;passou
CSV;m1;sendrinah_cura;leoric;6;docas;15;17;175;0;149;morreu
KIND;m1;sendrinah_cura;leoric;6;0;0;0
CSV;m0;sendrinah_cura;maelor;1;dagruve;1;12;808;45;88;passou
CSV;m0;sendrinah_cura;maelor;1;docas;12;12;65;0;80;morreu
KIND;m0;sendrinah_cura;maelor;1;0;0;0
CSV;m0;sendrinah_cura;maelor;2;dagruve;1;2;50;0;43;morreu
KIND;m0;sendrinah_cura;maelor;2;0;0;0
CSV;m0;sendrinah_cura;maelor;3;dagruve;1;10;364;25;77;passou
CSV;m0;sendrinah_cura;maelor;3;docas;10;11;88;0;66;morreu
KIND;m0;sendrinah_cura;maelor;3;0;0;0
CSV;m0;sendrinah_cura;maelor;4;dagruve;1;12;880;0;154;morreu
KIND;m0;sendrinah_cura;maelor;4;0;0;0
CSV;m0;sendrinah_cura;maelor;5;dagruve;1;11;659;47;68;passou
CSV;m0;sendrinah_cura;maelor;5;docas;11;14;408;0;196;morreu
KIND;m0;sendrinah_cura;maelor;5;0;0;0
CSV;m0;sendrinah_cura;maelor;6;dagruve;1;10;332;67;62;passou
CSV;m0;sendrinah_cura;maelor;6;docas;10;15;339;0;215;morreu
KIND;m0;sendrinah_cura;maelor;6;0;0;0
CSV;m1;sendrinah_cura;maelor;1;dagruve;1;11;335;68;34;passou
CSV;m1;sendrinah_cura;maelor;1;docas;11;15;398;0;219;morreu
KIND;m1;sendrinah_cura;maelor;1;0;0;0
CSV;m1;sendrinah_cura;maelor;2;dagruve;1;11;523;70;53;passou
CSV;m1;sendrinah_cura;maelor;2;docas;11;16;389;30;194;passou
CSV;m1;sendrinah_cura;maelor;2;shedaklah;16;20;751;0;249;morreu
KIND;m1;sendrinah_cura;maelor;2;0;0;0
CSV;m1;sendrinah_cura;maelor;3;dagruve;1;10;503;72;51;passou
CSV;m1;sendrinah_cura;maelor;3;docas;10;14;400;25;148;passou
CSV;m1;sendrinah_cura;maelor;3;shedaklah;14;14;45;0;66;morreu
KIND;m1;sendrinah_cura;maelor;3;0;0;0
CSV;m1;sendrinah_cura;maelor;4;dagruve;1;11;703;0;143;morreu
KIND;m1;sendrinah_cura;maelor;4;0;0;0
CSV;m1;sendrinah_cura;maelor;5;dagruve;1;11;721;56;100;passou
CSV;m1;sendrinah_cura;maelor;5;docas;11;15;656;16;344;passou
CSV;m1;sendrinah_cura;maelor;5;shedaklah;15;15;35;0;60;morreu
KIND;m1;sendrinah_cura;maelor;5;0;0;0
CSV;m1;sendrinah_cura;maelor;6;dagruve;1;11;567;82;34;passou
CSV;m1;sendrinah_cura;maelor;6;docas;11;12;70;0;102;morreu
KIND;m1;sendrinah_cura;maelor;6;0;0;0
CSV;m0;sendrinah_cura;nyrelia;1;dagruve;1;10;891;0;192;morreu
KIND;m0;sendrinah_cura;nyrelia;1;0;0;0
CSV;m0;sendrinah_cura;nyrelia;2;dagruve;1;4;248;0;78;morreu
KIND;m0;sendrinah_cura;nyrelia;2;0;0;0
CSV;m0;sendrinah_cura;nyrelia;3;dagruve;1;11;1091;0;235;morreu
KIND;m0;sendrinah_cura;nyrelia;3;0;0;0
CSV;m0;sendrinah_cura;nyrelia;4;dagruve;1;11;1412;0;494;morreu
KIND;m0;sendrinah_cura;nyrelia;4;0;0;0
CSV;m0;sendrinah_cura;nyrelia;5;dagruve;1;7;688;0;180;morreu
KIND;m0;sendrinah_cura;nyrelia;5;0;0;0
CSV;m0;sendrinah_cura;nyrelia;6;dagruve;1;9;402;0;121;morreu
KIND;m0;sendrinah_cura;nyrelia;6;0;0;0
CSV;m1;sendrinah_cura;nyrelia;1;dagruve;1;2;105;0;55;morreu
KIND;m1;sendrinah_cura;nyrelia;1;0;0;0
CSV;m1;sendrinah_cura;nyrelia;2;dagruve;1;11;1060;0;306;morreu
KIND;m1;sendrinah_cura;nyrelia;2;0;0;0
CSV;m1;sendrinah_cura;nyrelia;3;dagruve;1;12;620;60;69;passou
CSV;m1;sendrinah_cura;nyrelia;3;docas;12;17;432;40;242;passou
CSV;m1;sendrinah_cura;nyrelia;3;shedaklah;17;19;904;0;291;morreu
KIND;m1;sendrinah_cura;nyrelia;3;0;0;0
CSV;m1;sendrinah_cura;nyrelia;4;dagruve;1;11;1693;0;279;morreu
KIND;m1;sendrinah_cura;nyrelia;4;0;0;0
CSV;m1;sendrinah_cura;nyrelia;5;dagruve;1;5;304;0;90;morreu
KIND;m1;sendrinah_cura;nyrelia;5;0;0;0
CSV;m1;sendrinah_cura;nyrelia;6;dagruve;1;9;946;0;184;morreu
KIND;m1;sendrinah_cura;nyrelia;6;0;0;0
CSV;m0;sendrinah_cura;sylas;1;dagruve;1;12;350;65;51;passou
CSV;m0;sendrinah_cura;sylas;1;docas;12;18;368;17;167;passou
CSV;m0;sendrinah_cura;sylas;1;shedaklah;18;18;63;0;60;morreu
KIND;m0;sendrinah_cura;sylas;1;0;0;0
CSV;m0;sendrinah_cura;sylas;2;dagruve;1;11;347;52;58;passou
CSV;m0;sendrinah_cura;sylas;2;docas;11;15;422;11;180;passou
CSV;m0;sendrinah_cura;sylas;2;shedaklah;15;15;87;0;58;morreu
KIND;m0;sendrinah_cura;sylas;2;0;0;0
CSV;m0;sendrinah_cura;sylas;3;dagruve;1;11;388;47;51;passou
CSV;m0;sendrinah_cura;sylas;3;docas;11;15;456;42;193;passou
CSV;m0;sendrinah_cura;sylas;3;shedaklah;15;15;36;0;52;morreu
KIND;m0;sendrinah_cura;sylas;3;0;0;0
CSV;m0;sendrinah_cura;sylas;4;dagruve;1;11;412;61;46;passou
CSV;m0;sendrinah_cura;sylas;4;docas;11;15;539;8;184;passou
CSV;m0;sendrinah_cura;sylas;4;shedaklah;15;20;1412;0;406;morreu
KIND;m0;sendrinah_cura;sylas;4;0;0;0
CSV;m0;sendrinah_cura;sylas;5;dagruve;1;12;630;78;52;passou
CSV;m0;sendrinah_cura;sylas;5;docas;12;14;558;61;164;passou
CSV;m0;sendrinah_cura;sylas;5;shedaklah;14;16;554;0;274;morreu
KIND;m0;sendrinah_cura;sylas;5;0;0;0
CSV;m0;sendrinah_cura;sylas;6;dagruve;1;10;355;51;104;passou
CSV;m0;sendrinah_cura;sylas;6;docas;10;17;360;2;249;passou
CSV;m0;sendrinah_cura;sylas;6;shedaklah;17;18;124;0;150;morreu
KIND;m0;sendrinah_cura;sylas;6;0;0;0
CSV;m1;sendrinah_cura;sylas;1;dagruve;1;11;189;0;77;morreu
KIND;m1;sendrinah_cura;sylas;1;0;0;0
CSV;m1;sendrinah_cura;sylas;2;dagruve;1;11;466;76;34;passou
CSV;m1;sendrinah_cura;sylas;2;docas;11;15;561;12;206;passou
CSV;m1;sendrinah_cura;sylas;2;shedaklah;15;19;1515;0;379;morreu
KIND;m1;sendrinah_cura;sylas;2;0;0;0
CSV;m1;sendrinah_cura;sylas;3;dagruve;1;11;329;75;39;passou
CSV;m1;sendrinah_cura;sylas;3;docas;11;14;386;0;261;morreu
KIND;m1;sendrinah_cura;sylas;3;0;0;0
CSV;m1;sendrinah_cura;sylas;4;dagruve;1;11;378;5;126;passou
CSV;m1;sendrinah_cura;sylas;4;docas;11;13;185;0;85;morreu
KIND;m1;sendrinah_cura;sylas;4;0;0;0
CSV;m1;sendrinah_cura;sylas;5;dagruve;1;11;451;72;52;passou
CSV;m1;sendrinah_cura;sylas;5;docas;11;15;467;0;116;morreu
KIND;m1;sendrinah_cura;sylas;5;0;0;0
CSV;m1;sendrinah_cura;sylas;6;dagruve;1;8;97;0;62;morreu
KIND;m1;sendrinah_cura;sylas;6;0;0;0
CSV;m0;sendrinah_cura;zynara;1;dagruve;1;1;56;0;34;morreu
KIND;m0;sendrinah_cura;zynara;1;0;0;0
CSV;m0;sendrinah_cura;zynara;2;dagruve;1;15;2539;0;357;morreu
KIND;m0;sendrinah_cura;zynara;2;0;0;0
CSV;m0;sendrinah_cura;zynara;3;dagruve;1;10;783;54;53;passou
CSV;m0;sendrinah_cura;zynara;3;docas;10;16;523;50;91;passou
CSV;m0;sendrinah_cura;zynara;3;shedaklah;16;16;86;0;63;morreu
KIND;m0;sendrinah_cura;zynara;3;0;0;0
CSV;m0;sendrinah_cura;zynara;4;dagruve;1;10;749;0;155;morreu
KIND;m0;sendrinah_cura;zynara;4;0;0;0
CSV;m0;sendrinah_cura;zynara;5;dagruve;1;7;641;0;112;morreu
KIND;m0;sendrinah_cura;zynara;5;0;0;0
CSV;m0;sendrinah_cura;zynara;6;dagruve;1;11;529;74;46;passou
CSV;m0;sendrinah_cura;zynara;6;docas;11;12;330;0;92;morreu
KIND;m0;sendrinah_cura;zynara;6;0;0;0
CSV;m1;sendrinah_cura;zynara;1;dagruve;1;13;1317;46;95;passou
CSV;m1;sendrinah_cura;zynara;1;docas;13;18;429;64;114;passou
CSV;m1;sendrinah_cura;zynara;1;shedaklah;18;22;863;0;125;morreu
KIND;m1;sendrinah_cura;zynara;1;0;0;0
CSV;m1;sendrinah_cura;zynara;2;dagruve;1;12;1207;19;152;passou
CSV;m1;sendrinah_cura;zynara;2;docas;12;15;901;58;92;passou
CSV;m1;sendrinah_cura;zynara;2;shedaklah;15;15;91;0;64;morreu
KIND;m1;sendrinah_cura;zynara;2;0;0;0
CSV;m1;sendrinah_cura;zynara;3;dagruve;1;9;408;56;46;passou
CSV;m1;sendrinah_cura;zynara;3;docas;9;14;497;23;243;passou
CSV;m1;sendrinah_cura;zynara;3;shedaklah;14;17;642;0;234;morreu
KIND;m1;sendrinah_cura;zynara;3;0;0;0
CSV;m1;sendrinah_cura;zynara;4;dagruve;1;11;836;62;57;passou
CSV;m1;sendrinah_cura;zynara;4;docas;11;14;439;36;163;passou
CSV;m1;sendrinah_cura;zynara;4;shedaklah;14;15;53;0;57;morreu
KIND;m1;sendrinah_cura;zynara;4;0;0;0
CSV;m1;sendrinah_cura;zynara;5;dagruve;1;7;454;0;125;morreu
KIND;m1;sendrinah_cura;zynara;5;0;0;0
CSV;m1;sendrinah_cura;zynara;6;dagruve;1;10;542;58;70;passou
CSV;m1;sendrinah_cura;zynara;6;docas;10;15;630;0;350;morreu
KIND;m1;sendrinah_cura;zynara;6;0;0;0
