base;maelor;1;dagruve;1;12;622;60;0;0;138;321;passou
base;maelor;1;docas;12;13;162;0;16;6;134;-1;morreu@162s
base;maelor;2;dagruve;1;12;478;46;1;0;194;177;passou
base;maelor;2;docas;12;16;351;8;20;1;243;51;passou
base;maelor;2;shedaklah;16;17;87;0;27;12;130;-1;morreu@87s
base;maelor;3;dagruve;1;2;49;0;2;1;53;-1;morreu@49s
base;maelor;4;dagruve;1;3;79;0;4;1;64;-1;morreu@79s
base;maelor;5;dagruve;1;11;484;49;1;0;88;183;passou
base;maelor;5;docas;11;15;612;0;49;18;433;311;passou
base;maelor;5;shedaklah;15;18;817;0;13;7;248;-1;morreu@817s
base;maelor;6;dagruve;1;12;610;70;0;0;94;309;passou
base;maelor;6;docas;12;13;92;0;1;1;65;-1;morreu@92s
