base;korrak;1;dagruve;1;12;800;76;0;0;86;500;passou
base;korrak;1;docas;12;15;422;66;0;0;109;121;passou
base;korrak;1;shedaklah;15;17;633;0;53;2;414;-1;morreu@633s
base;korrak;2;dagruve;1;11;785;32;4;0;217;484;passou
base;korrak;2;docas;11;15;434;38;25;0;258;133;passou
base;korrak;2;shedaklah;15;22;1099;0;4;2;690;-1;morreu@1099s
base;korrak;3;dagruve;1;11;689;74;0;0;127;389;passou
base;korrak;3;docas;11;13;416;76;0;0;65;115;passou
base;korrak;3;shedaklah;13;20;959;0;6;0;687;-1;morreu@959s
base;korrak;4;dagruve;1;12;955;58;0;0;367;655;passou
base;korrak;4;docas;12;14;430;33;21;0;332;130;passou
base;korrak;4;shedaklah;14;19;767;37;7;0;442;226;passou
base;korrak;4;molor;19;28;798;60;0;0;505;227;passou
base;korrak;4;durao;28;28;189;0;1;1;203;-1;morreu@189s
base;korrak;5;dagruve;1;9;412;77;0;0;99;111;passou
base;korrak;5;docas;9;14;321;40;3;0;130;20;passou
base;korrak;5;shedaklah;14;15;65;0;5;3;129;-1;morreu@65s
base;korrak;6;dagruve;1;11;560;70;0;0;141;259;passou
base;korrak;6;docas;11;14;586;47;1;0;172;285;passou
base;korrak;6;shedaklah;14;17;1437;0;14;1;586;-1;morreu@1437s
