elites3;maelor;1;dagruve;1;13;310;86;0;0;27;9;passou
elites3;maelor;1;docas;13;19;321;77;0;0;71;20;passou
elites3;maelor;1;shedaklah;19;26;702;51;0;0;250;161;passou
elites3;maelor;1;molor;26;27;107;0;5;4;138;-1;morreu@107s
elites3;maelor;2;dagruve;1;13;349;68;0;0;169;48;passou
elites3;maelor;2;docas;13;17;444;8;24;6;253;143;passou
elites3;maelor;2;shedaklah;17;23;878;0;15;5;691;337;passou
elites3;maelor;2;molor;23;28;1091;2;12;3;1244;-1;morreu@1091s
elites3;maelor;3;dagruve;1;2;49;0;2;1;53;-1;morreu@49s
elites3;maelor;4;dagruve;1;11;419;67;0;0;76;119;passou
elites3;maelor;4;docas;11;16;652;39;4;0;254;352;passou
elites3;maelor;4;shedaklah;16;19;478;0;4;1;192;-1;morreu@478s
elites3;maelor;5;dagruve;1;11;599;69;0;0;117;298;passou
elites3;maelor;5;docas;11;13;470;0;5;1;152;-1;morreu@470s
elites3;maelor;6;dagruve;1;12;316;71;0;0;83;15;passou
elites3;maelor;6;docas;12;17;344;45;4;0;203;43;passou
elites3;maelor;6;shedaklah;17;18;95;0;2;1;90;-1;morreu@95s
