tag;heroi;seed;fase;nv_entrada;nv_saida;dur_s;pv_min;s50;s25;dano;chefe;resultado
a_durvall_m0;durvall;1;dagruve;1;6;368;0;70;47;62;-1;morreu@368s
a_durvall_m0;durvall;2;dagruve;1;7;435;0;116;43;48;-1;morreu@435s
a_durvall_m0;durvall;3;dagruve;1;4;311;0;134;89;48;-1;morreu@311s
a_durvall_m0;durvall;4;dagruve;1;9;564;11;394;78;59;263;passou
a_durvall_m0;durvall;5;dagruve;1;5;304;0;193;51;44;-1;morreu@304s
a_durvall_m0;durvall;6;dagruve;1;6;163;0;122;93;44;-1;morreu@163s
a_durvall_m0;durvall;7;dagruve;1;5;289;0;172;138;44;-1;morreu@289s
a_durvall_m0;durvall;8;dagruve;1;12;1533;48;2;0;403;1232;passou
a_leoric_m0;leoric;1;dagruve;1;8;212;0;136;39;45;-1;morreu@212s
a_leoric_m0;leoric;2;dagruve;1;10;681;0;332;112;183;-1;morreu@681s
a_leoric_m0;leoric;3;dagruve;1;7;406;0;314;29;50;-1;morreu@406s
a_leoric_m0;leoric;4;dagruve;1;5;100;0;8;7;36;-1;morreu@100s
a_leoric_m0;leoric;5;dagruve;1;9;346;68;0;0;51;45;passou
a_leoric_m0;leoric;6;dagruve;1;15;340;73;0;0;139;39;passou
a_leoric_m0;leoric;7;dagruve;1;10;563;25;181;0;116;262;passou
a_leoric_m0;leoric;8;dagruve;1;10;430;5;82;57;67;129;passou
a_nyrelia_m0;nyrelia;1;dagruve;1;10;420;11;236;28;79;119;passou
a_nyrelia_m0;nyrelia;2;dagruve;1;5;168;0;66;29;48;-1;morreu@168s
a_nyrelia_m0;nyrelia;3;dagruve;1;11;376;63;0;0;51;75;passou
a_nyrelia_m0;nyrelia;4;dagruve;1;2;142;0;28;1;38;-1;morreu@142s
a_nyrelia_m0;nyrelia;5;dagruve;1;2;125;0;35;2;38;-1;morreu@125s
a_nyrelia_m0;nyrelia;6;dagruve;1;3;207;0;90;76;38;-1;morreu@207s
a_nyrelia_m0;nyrelia;7;dagruve;1;3;178;0;82;13;40;-1;morreu@178s
a_nyrelia_m0;nyrelia;8;dagruve;1;4;255;0;19;15;38;-1;morreu@255s
a_sylas_m0;sylas;1;dagruve;1;7;109;0;36;17;41;-1;morreu@109s
a_sylas_m0;sylas;2;dagruve;1;11;429;72;0;0;63;129;passou
a_sylas_m0;sylas;3;dagruve;1;10;265;0;82;23;53;-1;morreu@265s
a_sylas_m0;sylas;4;dagruve;1;8;97;0;10;5;43;-1;morreu@97s
a_sylas_m0;sylas;5;dagruve;1;13;335;75;0;0;56;34;passou
a_sylas_m0;sylas;6;dagruve;1;13;406;53;0;0;64;105;passou
a_sylas_m0;sylas;7;dagruve;1;6;76;0;4;3;49;-1;morreu@76s
a_sylas_m0;sylas;8;dagruve;1;11;195;0;76;40;39;-1;morreu@195s
a_zynara_m0;zynara;1;dagruve;1;5;409;0;282;105;39;-1;morreu@409s
a_zynara_m0;zynara;2;dagruve;1;7;367;0;228;154;51;-1;morreu@367s
a_zynara_m0;zynara;3;dagruve;1;10;534;42;64;0;78;233;passou
a_zynara_m0;zynara;4;dagruve;1;4;154;0;96;47;39;-1;morreu@154s
a_zynara_m0;zynara;5;dagruve;1;5;369;0;264;204;37;-1;morreu@369s
a_zynara_m0;zynara;6;dagruve;1;10;374;9;69;27;88;73;passou
a_zynara_m0;zynara;7;dagruve;1;10;522;35;119;0;66;221;passou
a_zynara_m0;zynara;8;dagruve;1;6;194;0;83;41;39;-1;morreu@194s
b_durvall_m0;durvall;1;dagruve;1;6;368;0;70;47;62;-1;morreu@368s
b_durvall_m0;durvall;2;dagruve;1;7;413;0;95;79;48;-1;morreu@413s
b_durvall_m0;durvall;3;dagruve;1;4;311;0;134;89;48;-1;morreu@311s
b_durvall_m0;durvall;4;dagruve;1;9;723;11;374;53;87;422;passou
b_durvall_m0;durvall;5;dagruve;1;5;119;0;63;60;44;-1;morreu@119s
b_durvall_m0;durvall;6;dagruve;1;6;163;0;122;93;44;-1;morreu@163s
b_durvall_m0;durvall;7;dagruve;1;5;289;0;172;138;44;-1;morreu@289s
b_durvall_m0;durvall;8;dagruve;1;13;2321;48;2;0;641;2020;passou
b_nyrelia_m0;nyrelia;1;dagruve;1;13;1611;47;1;0;256;1310;passou
b_nyrelia_m0;nyrelia;2;dagruve;1;2;148;0;105;104;38;-1;morreu@148s
b_nyrelia_m0;nyrelia;3;dagruve;1;13;3365;36;12;0;587;3064;passou
b_nyrelia_m0;nyrelia;4;dagruve;1;6;337;0;10;3;63;-1;morreu@337s
b_nyrelia_m0;nyrelia;5;dagruve;1;5;400;0;30;7;108;-1;morreu@400s
b_nyrelia_m0;nyrelia;6;dagruve;1;9;977;0;148;67;238;-1;morreu@977s
b_nyrelia_m0;nyrelia;7;dagruve;1;2;58;0;8;3;38;-1;morreu@58s
b_nyrelia_m0;nyrelia;8;dagruve;1;7;458;0;206;106;46;-1;morreu@458s
base_bromnor_m0;bromnor;1;dagruve;1;12;2320;69;0;0;299;2019;passou
base_bromnor_m0;bromnor;2;dagruve;1;12;838;81;0;0;97;537;passou
base_bromnor_m0;bromnor;3;dagruve;1;13;1883;50;0;0;211;1582;passou
base_bromnor_m0;bromnor;4;dagruve;1;10;970;0;570;238;60;-1;morreu@970s
base_bromnor_m0;bromnor;5;dagruve;1;12;396;35;27;0;49;96;passou
base_bromnor_m0;bromnor;6;dagruve;1;11;783;79;0;0;63;482;passou
base_bromnor_m0;bromnor;7;dagruve;1;10;549;64;0;0;21;248;passou
base_bromnor_m0;bromnor;8;dagruve;1;11;757;0;515;437;68;-1;morreu@757s
base_brook_m0;brook;1;dagruve;1;13;2341;17;84;69;389;2040;passou
base_brook_m0;brook;2;dagruve;1;11;1005;77;0;0;84;704;passou
base_brook_m0;brook;3;dagruve;1;14;3077;48;4;0;364;2776;passou
base_brook_m0;brook;4;dagruve;1;3;273;0;227;158;40;-1;morreu@273s
base_brook_m0;brook;5;dagruve;1;10;579;0;527;126;56;-1;morreu@579s
base_brook_m0;brook;6;dagruve;1;12;3727;60;0;0;395;3426;passou
base_brook_m0;brook;7;dagruve;1;7;712;0;283;176;68;-1;morreu@712s
base_brook_m0;brook;8;dagruve;1;3;76;0;8;3;40;-1;morreu@76s
base_durvall_m0;durvall;1;dagruve;1;5;162;0;48;48;38;-1;morreu@162s
base_durvall_m0;durvall;2;dagruve;1;7;411;0;93;55;42;-1;morreu@411s
base_durvall_m0;durvall;3;dagruve;1;3;157;0;58;30;38;-1;morreu@157s
base_durvall_m0;durvall;4;dagruve;1;12;2108;0;308;68;713;-1;morreu@2108s
base_durvall_m0;durvall;5;dagruve;1;5;304;0;197;99;38;-1;morreu@304s
base_durvall_m0;durvall;6;dagruve;1;4;112;0;72;42;38;-1;morreu@112s
base_durvall_m0;durvall;7;dagruve;1;3;151;0;35;1;38;-1;morreu@151s
base_durvall_m0;durvall;8;dagruve;1;12;1533;40;9;0;403;1232;passou
base_kayron_m0;kayron;1;dagruve;1;5;109;0;22;2;40;-1;morreu@109s
base_kayron_m0;kayron;2;dagruve;1;3;57;0;7;5;42;-1;morreu@57s
base_kayron_m0;kayron;3;dagruve;1;12;341;42;47;0;60;40;passou
base_kayron_m0;kayron;4;dagruve;1;11;568;8;84;23;155;267;passou
base_kayron_m0;kayron;5;dagruve;1;6;203;0;45;42;40;-1;morreu@203s
base_kayron_m0;kayron;6;dagruve;1;6;178;0;134;20;38;-1;morreu@178s
base_kayron_m0;kayron;7;dagruve;1;3;119;0;70;4;38;-1;morreu@119s
base_kayron_m0;kayron;8;dagruve;1;9;180;0;81;40;49;-1;morreu@180s
base_korrak_m0;korrak;1;dagruve;1;13;1577;78;0;0;411;1276;passou
base_korrak_m0;korrak;2;dagruve;1;11;803;79;0;0;116;502;passou
base_korrak_m0;korrak;3;dagruve;1;9;555;77;0;0;108;254;passou
base_korrak_m0;korrak;4;dagruve;1;13;727;73;0;0;264;426;passou
base_korrak_m0;korrak;5;dagruve;1;10;612;81;0;0;98;311;passou
base_korrak_m0;korrak;6;dagruve;1;13;953;78;0;0;177;652;passou
base_korrak_m0;korrak;7;dagruve;1;14;1914;76;0;0;286;1613;passou
base_korrak_m0;korrak;8;dagruve;1;10;620;69;0;0;155;319;passou
base_leoric_m0;leoric;1;dagruve;1;7;207;0;131;47;40;-1;morreu@207s
base_leoric_m0;leoric;2;dagruve;1;8;419;0;88;4;87;-1;morreu@419s
base_leoric_m0;leoric;3;dagruve;1;6;349;0;257;42;32;-1;morreu@349s
base_leoric_m0;leoric;4;dagruve;1;5;98;0;14;7;32;-1;morreu@98s
base_leoric_m0;leoric;5;dagruve;1;9;346;65;0;0;51;45;passou
base_leoric_m0;leoric;6;dagruve;1;15;340;70;0;0;139;39;passou
base_leoric_m0;leoric;7;dagruve;1;10;563;15;191;133;116;262;passou
base_leoric_m0;leoric;8;dagruve;1;6;222;0;33;28;32;-1;morreu@222s
base_maelor_m0;maelor;1;dagruve;1;10;635;70;0;0;126;334;passou
base_maelor_m0;maelor;2;dagruve;1;10;465;61;0;0;123;164;passou
base_maelor_m0;maelor;3;dagruve;1;14;1299;47;4;0;379;998;passou
base_maelor_m0;maelor;4;dagruve;1;14;1784;43;2;0;94;1483;passou
base_maelor_m0;maelor;5;dagruve;1;10;427;42;4;0;95;127;passou
base_maelor_m0;maelor;6;dagruve;1;11;654;58;0;0;226;353;passou
base_maelor_m0;maelor;7;dagruve;1;10;388;68;0;0;86;87;passou
base_maelor_m0;maelor;8;dagruve;1;11;515;49;0;0;185;214;passou
base_nyrelia_m0;nyrelia;1;dagruve;1;5;270;0;186;26;45;-1;morreu@270s
base_nyrelia_m0;nyrelia;2;dagruve;1;5;167;0;65;62;40;-1;morreu@167s
base_nyrelia_m0;nyrelia;3;dagruve;1;11;376;56;0;0;51;75;passou
base_nyrelia_m0;nyrelia;4;dagruve;1;2;141;0;55;2;32;-1;morreu@141s
base_nyrelia_m0;nyrelia;5;dagruve;1;2;124;0;36;3;32;-1;morreu@124s
base_nyrelia_m0;nyrelia;6;dagruve;1;2;132;0;80;2;32;-1;morreu@132s
base_nyrelia_m0;nyrelia;7;dagruve;1;3;175;0;80;26;34;-1;morreu@175s
base_nyrelia_m0;nyrelia;8;dagruve;1;4;240;0;5;1;32;-1;morreu@240s
base_sylas_m0;sylas;1;dagruve;1;6;94;0;21;2;38;-1;morreu@94s
base_sylas_m0;sylas;2;dagruve;1;11;429;70;0;0;63;129;passou
base_sylas_m0;sylas;3;dagruve;1;10;265;0;82;57;49;-1;morreu@265s
base_sylas_m0;sylas;4;dagruve;1;8;96;0;11;5;40;-1;morreu@96s
base_sylas_m0;sylas;5;dagruve;1;13;335;73;0;0;56;34;passou
base_sylas_m0;sylas;6;dagruve;1;13;406;50;0;0;64;105;passou
base_sylas_m0;sylas;7;dagruve;1;5;74;0;2;2;45;-1;morreu@74s
base_sylas_m0;sylas;8;dagruve;1;11;169;0;50;14;36;-1;morreu@169s
base_zynara_m0;zynara;1;dagruve;1;5;325;0;198;21;36;-1;morreu@325s
base_zynara_m0;zynara;2;dagruve;1;7;353;0;214;183;48;-1;morreu@353s
base_zynara_m0;zynara;3;dagruve;1;10;534;34;108;0;78;233;passou
base_zynara_m0;zynara;4;dagruve;1;4;123;0;64;20;36;-1;morreu@123s
base_zynara_m0;zynara;5;dagruve;1;5;275;0;169;113;34;-1;morreu@275s
base_zynara_m0;zynara;6;dagruve;1;10;374;1;94;35;88;73;passou
base_zynara_m0;zynara;7;dagruve;1;10;522;31;162;0;66;221;passou
base_zynara_m0;zynara;8;dagruve;1;6;186;0;75;33;36;-1;morreu@186s
c_bromnor_m0;bromnor;1;dagruve;1;10;498;60;0;0;45;197;passou
c_bromnor_m0;bromnor;2;dagruve;1;11;881;81;0;0;63;580;passou
c_bromnor_m0;bromnor;3;dagruve;1;11;1368;71;0;0;180;1067;passou
c_bromnor_m0;bromnor;4;dagruve;1;11;1605;73;0;0;89;1304;passou
c_bromnor_m0;bromnor;5;dagruve;1;12;1340;72;0;0;68;1039;passou
c_bromnor_m0;bromnor;6;dagruve;1;12;1139;80;0;0;115;838;passou
c_bromnor_m0;bromnor;7;dagruve;1;13;1909;80;0;0;146;1608;passou
c_bromnor_m0;bromnor;8;dagruve;1;11;791;37;23;0;68;490;passou
c_brook_m0;brook;1;dagruve;1;13;1755;51;0;0;233;1454;passou
c_brook_m0;brook;2;dagruve;1;4;93;0;41;35;40;-1;morreu@93s
c_brook_m0;brook;3;dagruve;1;5;528;0;33;5;56;-1;morreu@528s
c_brook_m0;brook;4;dagruve;1;9;594;50;0;0;33;293;passou
c_brook_m0;brook;5;dagruve;1;6;892;0;161;66;69;-1;morreu@892s
c_brook_m0;brook;6;dagruve;1;5;476;0;124;85;40;-1;morreu@476s
c_brook_m0;brook;7;dagruve;1;3;302;0;142;67;45;-1;morreu@302s
c_brook_m0;brook;8;dagruve;1;5;211;0;115;44;40;-1;morreu@211s
c_durvall_m0;durvall;1;dagruve;1;5;363;0;49;40;46;-1;morreu@363s
c_durvall_m0;durvall;2;dagruve;1;4;158;0;44;6;46;-1;morreu@158s
c_durvall_m0;durvall;3;dagruve;1;6;235;0;78;74;44;-1;morreu@235s
c_durvall_m0;durvall;4;dagruve;1;8;671;0;15;1;183;-1;morreu@671s
c_durvall_m0;durvall;5;dagruve;1;4;136;0;67;57;44;-1;morreu@136s
c_durvall_m0;durvall;6;dagruve;1;10;1093;0;10;7;401;-1;morreu@1093s
c_durvall_m0;durvall;7;dagruve;1;10;1551;17;224;7;395;1250;passou
c_durvall_m0;durvall;8;dagruve;1;5;245;0;163;114;46;-1;morreu@245s
c_kayron_m0;kayron;1;dagruve;1;5;175;0;128;71;38;-1;morreu@175s
c_kayron_m0;kayron;2;dagruve;1;4;308;0;146;20;44;-1;morreu@308s
c_kayron_m0;kayron;3;dagruve;1;12;779;60;0;0;146;478;passou
c_kayron_m0;kayron;4;dagruve;1;3;185;0;140;32;38;-1;morreu@185s
c_kayron_m0;kayron;5;dagruve;1;2;100;0;47;10;38;-1;morreu@100s
c_kayron_m0;kayron;6;dagruve;1;2;46;0;2;1;38;-1;morreu@46s
c_kayron_m0;kayron;7;dagruve;1;5;127;0;44;3;55;-1;morreu@127s
c_kayron_m0;kayron;8;dagruve;1;12;366;15;57;8;135;65;passou
c_korrak_m0;korrak;1;dagruve;1;12;840;88;0;0;96;539;passou
c_korrak_m0;korrak;2;dagruve;1;10;500;77;0;0;117;199;passou
c_korrak_m0;korrak;3;dagruve;1;12;730;56;0;0;175;429;passou
c_korrak_m0;korrak;4;dagruve;1;12;751;82;0;0;143;450;passou
c_korrak_m0;korrak;5;dagruve;1;13;772;66;0;0;153;471;passou
c_korrak_m0;korrak;6;dagruve;1;13;627;84;0;0;103;326;passou
c_korrak_m0;korrak;7;dagruve;1;12;945;75;0;0;202;644;passou
c_korrak_m0;korrak;8;dagruve;1;13;357;55;0;0;153;56;passou
c_leoric_m0;leoric;1;dagruve;1;8;111;0;52;37;46;-1;morreu@111s
c_leoric_m0;leoric;2;dagruve;1;6;125;0;42;28;44;-1;morreu@125s
c_leoric_m0;leoric;3;dagruve;1;6;193;0;41;4;36;-1;morreu@193s
c_leoric_m0;leoric;4;dagruve;1;12;938;22;46;10;167;637;passou
c_leoric_m0;leoric;5;dagruve;1;4;132;0;45;35;38;-1;morreu@132s
c_leoric_m0;leoric;6;dagruve;1;14;326;65;0;0;104;25;passou
c_leoric_m0;leoric;7;dagruve;1;5;140;0;66;60;38;-1;morreu@140s
c_leoric_m0;leoric;8;dagruve;1;10;453;55;0;0;119;152;passou
c_maelor_m0;maelor;1;dagruve;1;10;357;83;0;0;56;56;passou
c_maelor_m0;maelor;2;dagruve;1;3;61;0;3;2;47;-1;morreu@61s
c_maelor_m0;maelor;3;dagruve;1;10;455;67;0;0;77;154;passou
c_maelor_m0;maelor;4;dagruve;1;13;1280;60;0;0;353;980;passou
c_maelor_m0;maelor;5;dagruve;1;12;328;62;0;0;114;27;passou
c_maelor_m0;maelor;6;dagruve;1;11;454;77;0;0;45;153;passou
c_maelor_m0;maelor;7;dagruve;1;12;725;73;0;0;94;425;?
c_maelor_m0;maelor;8;dagruve;1;10;486;68;0;0;118;185;passou
c_nyrelia_m0;nyrelia;1;dagruve;1;13;2126;0;1;1;565;-1;morreu@2126s
c_nyrelia_m0;nyrelia;2;dagruve;1;5;343;0;133;76;67;-1;morreu@343s
c_nyrelia_m0;nyrelia;3;dagruve;1;14;1861;36;52;0;491;1560;passou
c_nyrelia_m0;nyrelia;4;dagruve;1;13;1591;30;7;0;438;1290;passou
c_nyrelia_m0;nyrelia;5;dagruve;1;12;1314;22;34;1;358;1013;passou
c_nyrelia_m0;nyrelia;6;dagruve;1;5;330;0;77;73;48;-1;morreu@330s
c_nyrelia_m0;nyrelia;7;dagruve;1;4;201;0;91;1;38;-1;morreu@201s
c_nyrelia_m0;nyrelia;8;dagruve;1;8;437;2;164;47;61;136;passou
c_sylas_m0;sylas;1;dagruve;1;4;58;0;7;3;41;-1;morreu@58s
c_sylas_m0;sylas;2;dagruve;1;8;159;0;4;2;39;-1;morreu@159s
c_sylas_m0;sylas;3;dagruve;1;11;321;51;0;0;106;20;passou
c_sylas_m0;sylas;4;dagruve;1;14;323;35;131;0;38;22;passou
c_sylas_m0;sylas;5;dagruve;1;12;323;78;0;0;46;22;passou
c_sylas_m0;sylas;6;dagruve;1;13;363;68;0;0;65;62;passou
c_sylas_m0;sylas;7;dagruve;1;13;385;78;0;0;72;85;passou
c_sylas_m0;sylas;8;dagruve;1;14;318;24;128;0;31;17;passou
c_zynara_m0;zynara;1;dagruve;1;4;70;0;6;4;37;-1;morreu@70s
c_zynara_m0;zynara;2;dagruve;1;11;701;39;16;0;98;401;passou
c_zynara_m0;zynara;3;dagruve;1;4;65;0;7;5;37;-1;morreu@65s
c_zynara_m0;zynara;4;dagruve;1;4;65;0;7;6;37;-1;morreu@65s
c_zynara_m0;zynara;5;dagruve;1;5;219;0;50;5;37;-1;morreu@219s
c_zynara_m0;zynara;6;dagruve;1;13;1242;58;0;0;333;942;passou
c_zynara_m0;zynara;7;dagruve;1;13;1574;78;0;0;60;1274;passou
c_zynara_m0;zynara;8;dagruve;1;3;86;0;1;1;39;-1;morreu@86s
