CSV;m0;C;none;korrak;1;dagruve;1;12;337;42;177;passou
CSV;m0;C;none;korrak;1;docas;12;13;70;0;97;morreu
CSV;m0;C;none;korrak;2;dagruve;1;13;1432;28;269;passou
CSV;m0;C;none;korrak;2;docas;13;16;487;44;242;passou
CSV;m0;C;none;korrak;2;shedaklah;16;21;994;0;443;morreu
CSV;m0;C;none;korrak;3;dagruve;1;14;1848;39;541;passou
CSV;m0;C;none;korrak;3;docas;14;17;365;0;152;morreu
CSV;m0;C;none;korrak;4;dagruve;1;13;758;26;214;passou
CSV;m0;C;none;korrak;4;docas;13;17;338;0;163;morreu
CSV;m0;C;none;korrak;5;dagruve;1;5;101;0;63;morreu
CSV;m0;C;none;korrak;6;dagruve;1;12;636;51;149;passou
CSV;m0;C;none;korrak;6;docas;12;15;513;21;256;passou
CSV;m0;C;none;korrak;6;shedaklah;15;16;113;0;132;morreu
CSV;m0;C;none;korrak;7;dagruve;1;12;565;52;119;passou
CSV;m0;C;none;korrak;7;docas;12;15;536;19;236;passou
CSV;m0;C;none;korrak;7;shedaklah;15;16;76;0;77;morreu
CSV;m0;C;none;korrak;8;dagruve;1;11;647;26;278;passou
CSV;m0;C;none;korrak;8;docas;11;15;501;21;231;passou
CSV;m0;C;none;korrak;8;shedaklah;15;17;809;0;347;morreu
CSV;m0;C;none;korrak;9;dagruve;1;12;363;36;140;passou
CSV;m0;C;none;korrak;9;docas;12;13;70;0;60;morreu
CSV;m0;C;none;korrak;10;dagruve;1;12;404;12;208;passou
CSV;m0;C;none;korrak;10;docas;12;13;90;0;117;morreu
