CSV;m0;A;none;korrak;1;dagruve;1;12;337;55;177;passou
CSV;m0;A;none;korrak;1;docas;12;18;404;44;377;passou
CSV;m0;A;none;korrak;1;shedaklah;18;21;436;0;323;morreu
CSV;m0;A;none;korrak;2;dagruve;1;13;1432;59;265;passou
CSV;m0;A;none;korrak;2;docas;13;16;487;58;243;passou
CSV;m0;A;none;korrak;2;shedaklah;16;24;1889;11;1287;passou
CSV;m0;A;none;korrak;2;molor;24;31;2277;6;2047;passou
CSV;m0;A;none;korrak;3;dagruve;1;14;1848;55;520;passou
CSV;m0;A;none;korrak;3;docas;14;17;387;7;164;passou
CSV;m0;A;none;korrak;3;shedaklah;17;17;73;0;181;morreu
CSV;m0;A;none;korrak;4;dagruve;1;13;758;53;212;passou
CSV;m0;A;none;korrak;4;docas;13;17;338;67;170;passou
CSV;m0;A;none;korrak;4;shedaklah;17;22;1265;0;1172;morreu
CSV;m0;A;none;korrak;5;dagruve;1;11;644;44;188;passou
CSV;m0;A;none;korrak;5;docas;11;14;466;19;256;passou
CSV;m0;A;none;korrak;5;shedaklah;14;17;1220;0;596;morreu
CSV;m0;A;none;korrak;6;dagruve;1;12;636;68;149;passou
CSV;m0;A;none;korrak;6;docas;12;15;513;36;256;passou
CSV;m0;A;none;korrak;6;shedaklah;15;16;114;0;143;morreu
CSV;m0;A;none;korrak;7;dagruve;1;12;565;58;113;passou
CSV;m0;A;none;korrak;7;docas;12;15;536;29;232;passou
CSV;m0;A;none;korrak;7;shedaklah;15;18;694;0;417;morreu
CSV;m0;A;none;korrak;8;dagruve;1;11;647;54;273;passou
CSV;m0;A;none;korrak;8;docas;11;15;501;68;232;passou
CSV;m0;A;none;korrak;8;shedaklah;15;21;3093;0;2795;morreu
CSV;m0;A;none;korrak;9;dagruve;1;12;363;41;135;passou
CSV;m0;A;none;korrak;9;docas;12;16;410;39;391;passou
CSV;m0;A;none;korrak;9;shedaklah;16;17;211;0;227;morreu
CSV;m0;A;none;korrak;10;dagruve;1;12;404;66;205;passou
CSV;m0;A;none;korrak;10;docas;12;15;320;0;538;morreu
