CSV;m1;B;none;korrak;1;dagruve;1;12;354;55;203;passou
CSV;m1;B;none;korrak;1;docas;12;17;397;43;248;passou
CSV;m1;B;none;korrak;1;shedaklah;17;20;457;0;365;morreu
CSV;m1;B;none;korrak;2;dagruve;1;11;467;76;117;passou
CSV;m1;B;none;korrak;2;docas;11;16;385;52;301;passou
CSV;m1;B;none;korrak;2;shedaklah;16;24;2907;0;3085;morreu
CSV;m1;B;none;korrak;3;dagruve;1;10;514;66;141;passou
CSV;m1;B;none;korrak;3;docas;10;14;447;35;305;passou
CSV;m1;B;none;korrak;3;shedaklah;14;16;825;0;806;morreu
CSV;m1;B;none;korrak;4;dagruve;1;10;417;74;129;passou
CSV;m1;B;none;korrak;4;docas;10;13;517;22;418;passou
CSV;m1;B;none;korrak;4;shedaklah;13;13;68;0;191;morreu
CSV;m1;B;none;korrak;5;dagruve;1;9;353;75;48;passou
CSV;m1;B;none;korrak;5;docas;9;15;418;21;213;passou
CSV;m1;B;none;korrak;5;shedaklah;15;21;963;43;580;passou
CSV;m1;B;none;korrak;5;molor;21;25;762;0;932;morreu
CSV;m1;B;none;korrak;6;dagruve;1;11;718;76;181;passou
CSV;m1;B;none;korrak;6;docas;11;14;594;54;199;passou
CSV;m1;B;none;korrak;6;shedaklah;14;19;1449;0;788;morreu
CSV;m1;B;none;korrak;7;dagruve;1;10;567;79;78;passou
CSV;m1;B;none;korrak;7;docas;10;14;388;48;212;passou
CSV;m1;B;none;korrak;7;shedaklah;14;18;1627;0;613;morreu
CSV;m1;B;none;korrak;8;dagruve;1;11;354;48;216;passou
CSV;m1;B;none;korrak;8;docas;11;16;436;59;320;passou
CSV;m1;B;none;korrak;8;shedaklah;16;20;1037;40;865;passou
CSV;m1;B;none;korrak;8;molor;20;21;83;0;143;morreu
CSV;m1;B;none;korrak;9;dagruve;1;11;804;64;176;passou
CSV;m1;B;none;korrak;9;docas;11;14;382;16;281;passou
CSV;m1;B;none;korrak;9;shedaklah;14;16;339;0;267;morreu
CSV;m1;B;none;korrak;10;dagruve;1;12;712;78;171;passou
CSV;m1;B;none;korrak;10;docas;12;15;352;47;142;passou
CSV;m1;B;none;korrak;10;shedaklah;15;19;2604;0;1008;morreu
