heroi;seed;fase;nv_entrada;nv_saida;dur_s;pv_min_pct;s_abaixo_50;s_abaixo_25;dano_recebido;chefe_s;resultado;meta
bromnor;1;dagruve;1;12;2320;69;0;0;299;2019;passou;0
bromnor;1;docas;12;14;551;89;0;0;72;250;passou;0
bromnor;1;shedaklah;14;20;6129;66;0;0;1115;-1;cap_tempo;0
bromnor;2;dagruve;1;12;796;81;0;0;74;496;passou;0
bromnor;2;docas;12;15;432;85;0;0;40;131;passou;0
bromnor;2;shedaklah;15;20;1361;78;0;0;141;821;passou;0
bromnor;2;molor;20;26;901;56;0;0;257;330;passou;0
bromnor;2;durao;26;31;635;52;0;0;172;34;passou;0
bromnor;2;feng_tu;31;33;636;60;0;0;167;35;passou;0
bromnor;2;shendilavri;33;36;829;49;0;0;143;198;passou;0
bromnor;2;goranthis;36;39;771;37;0;0;333;110;passou;0
bromnor;2;pilares;39;53;2639;32;1;0;1372;0;cap_tempo;0
bromnor;3;dagruve;1;13;1883;50;0;0;211;1582;passou;0
bromnor;3;docas;13;15;493;86;0;0;58;192;passou;0
bromnor;3;shedaklah;15;24;6624;74;0;0;1066;-1;cap_tempo;0
bromnor;4;dagruve;1;10;970;0;570;238;60;-1;morreu@970s;0
brook;1;dagruve;1;12;2147;17;95;69;438;1847;passou;0
brook;1;docas;12;14;482;59;0;0;112;181;passou;0
brook;1;shedaklah;14;21;6371;52;0;0;2274;-1;cap_tempo;0
brook;2;dagruve;1;11;1005;77;0;0;84;704;passou;0
brook;2;docas;11;14;840;91;0;0;50;539;passou;0
brook;2;shedaklah;14;23;2793;74;0;0;352;2252;passou;0
brook;2;molor;23;40;2982;57;0;0;1174;2412;passou;0
brook;2;durao;40;42;670;72;0;0;266;69;passou;0
brook;2;feng_tu;42;43;682;83;0;0;310;82;passou;0
brook;2;shendilavri;43;43;28;100;0;0;0;-1;cap_tempo;0
brook;3;dagruve;1;14;3077;48;4;0;364;2776;passou;0
brook;3;docas;14;17;395;90;0;0;53;94;passou;0
brook;3;shedaklah;17;24;1479;65;0;0;172;938;passou;0
brook;3;molor;24;30;1578;26;8;0;609;1008;?;0
brook;4;dagruve;1;3;273;0;227;158;40;-1;morreu@273s;0
durvall;1;dagruve;1;5;162;0;48;48;38;-1;morreu@162s;0
durvall;2;dagruve;1;7;411;0;93;55;42;-1;morreu@411s;0
durvall;3;dagruve;1;3;157;0;58;30;38;-1;morreu@157s;0
durvall;4;dagruve;1;12;2108;0;308;68;713;-1;morreu@2108s;0
kayron;1;dagruve;1;5;109;0;22;2;40;-1;morreu@109s;0
kayron;2;dagruve;1;3;57;0;7;5;42;-1;morreu@57s;0
kayron;3;dagruve;1;12;341;42;47;0;60;40;passou;0
kayron;3;docas;12;18;321;88;0;0;23;20;passou;0
kayron;3;shedaklah;18;26;551;82;0;0;35;10;passou;0
kayron;3;molor;26;34;583;61;0;0;184;13;passou;0
kayron;3;durao;34;39;614;67;0;0;105;14;passou;0
kayron;3;feng_tu;39;42;639;77;0;0;131;39;passou;0
kayron;3;shendilavri;42;46;709;63;0;0;465;78;passou;0
kayron;3;goranthis;46;49;692;37;12;0;740;31;passou;0
kayron;3;pilares;49;51;391;0;13;0;315;-1;morreu@391s;0
kayron;4;dagruve;1;11;568;8;84;23;155;267;passou;0
kayron;4;docas;11;15;530;77;0;0;115;229;passou;0
kayron;4;shedaklah;15;16;97;0;31;4;90;-1;morreu@97s;0
korrak;1;dagruve;1;13;1577;78;0;0;411;1276;passou;0
korrak;1;docas;13;28;7423;64;0;0;2114;-1;cap_tempo;0
korrak;2;dagruve;1;11;803;79;0;0;116;502;passou;0
korrak;2;docas;11;15;471;88;0;0;54;171;passou;0
korrak;2;shedaklah;15;24;6331;70;0;0;1458;5790;passou;0
korrak;2;molor;24;27;1121;74;0;0;333;550;passou;0
korrak;2;durao;27;28;274;50;0;0;265;-1;cap_tempo;0
korrak;3;dagruve;1;9;555;77;0;0;108;254;passou;0
korrak;3;docas;9;14;453;81;0;0;97;152;passou;0
korrak;3;shedaklah;14;22;2432;61;0;0;762;1891;passou;0
korrak;3;molor;22;30;1818;71;0;0;711;1247;passou;0
korrak;3;durao;30;40;1444;33;1;0;1692;843;passou;0
korrak;3;feng_tu;40;42;851;64;0;0;523;251;passou;0
korrak;3;shendilavri;42;44;1448;36;8;0;2097;-1;cap_tempo;0
korrak;4;dagruve;1;13;727;73;0;0;264;426;passou;0
korrak;4;docas;13;17;395;73;0;0;92;95;passou;0
korrak;4;shedaklah;17;24;2235;65;0;0;814;1694;passou;0
korrak;4;molor;24;31;5643;59;0;0;2891;-1;cap_tempo;0
leoric;1;dagruve;1;7;207;0;131;47;40;-1;morreu@207s;0
leoric;2;dagruve;1;8;419;0;88;4;87;-1;morreu@419s;0
leoric;3;dagruve;1;6;349;0;257;42;32;-1;morreu@349s;0
leoric;4;dagruve;1;5;98;0;14;7;32;-1;morreu@98s;0
maelor;1;dagruve;1;10;635;70;0;0;126;334;passou;0
maelor;1;docas;10;16;333;82;0;0;64;32;passou;0
maelor;1;shedaklah;16;24;570;60;0;0;213;30;passou;0
maelor;1;molor;24;32;600;37;9;0;389;29;passou;0
maelor;1;durao;32;37;622;36;9;0;313;21;passou;0
maelor;1;feng_tu;37;40;648;43;11;0;508;47;passou;0
maelor;1;shendilavri;40;44;658;53;0;0;340;27;passou;0
maelor;1;goranthis;44;48;708;52;0;0;701;48;passou;0
maelor;1;pilares;48;63;4226;14;59;3;10797;0;cap_tempo;0
maelor;2;dagruve;1;10;465;61;0;0;123;164;passou;0
maelor;2;docas;10;16;431;78;0;0;157;130;passou;0
maelor;2;shedaklah;16;26;2279;51;0;0;1444;1739;passou;0
maelor;2;molor;26;43;5050;38;1;0;7030;4479;passou;0
maelor;2;durao;43;45;641;33;1;0;991;40;passou;0
maelor;2;feng_tu;45;45;133;79;0;0;19;-1;cap_tempo;0
maelor;3;dagruve;1;14;1299;47;4;0;379;998;passou;0
maelor;3;docas;14;18;556;70;0;0;172;255;passou;0
maelor;3;shedaklah;18;21;903;0;38;15;436;-1;morreu@903s;0
maelor;4;dagruve;1;14;1784;43;2;0;94;1483;passou;0
maelor;4;docas;14;16;587;52;0;0;48;286;passou;0
maelor;4;shedaklah;16;19;879;0;3;2;118;-1;morreu@879s;0
nyrelia;1;dagruve;1;5;270;0;186;26;45;-1;morreu@270s;0
nyrelia;2;dagruve;1;5;167;0;65;62;40;-1;morreu@167s;0
nyrelia;3;dagruve;1;11;376;56;0;0;51;75;passou;0
nyrelia;3;docas;11;17;345;85;0;0;37;44;passou;0
nyrelia;3;shedaklah;17;24;563;44;1;0;78;23;passou;0
nyrelia;3;molor;24;30;1169;0;3;1;363;-1;morreu@1169s;0
nyrelia;4;dagruve;1;2;141;0;55;2;32;-1;morreu@141s;0
sylas;1;dagruve;1;6;94;0;21;2;38;-1;morreu@94s;0
sylas;2;dagruve;1;11;429;70;0;0;63;129;passou;0
sylas;2;docas;11;16;405;75;0;0;92;104;passou;0
sylas;2;shedaklah;16;23;637;79;0;0;82;97;passou;0
sylas;2;molor;23;28;627;57;0;0;251;56;passou;0
sylas;2;durao;28;31;515;0;41;2;503;-1;morreu@515s;0
sylas;3;dagruve;1;10;265;0;82;57;49;-1;morreu@265s;0
sylas;4;dagruve;1;8;96;0;11;5;40;-1;morreu@96s;0
zynara;1;dagruve;1;5;325;0;198;21;36;-1;morreu@325s;0
zynara;2;dagruve;1;7;353;0;214;183;48;-1;morreu@353s;0
zynara;3;dagruve;1;10;534;34;108;0;78;233;passou;0
zynara;3;docas;10;16;374;95;0;0;5;73;passou;0
zynara;3;shedaklah;16;24;577;93;0;0;10;37;passou;0
zynara;3;molor;24;29;640;94;0;0;14;70;passou;0
zynara;3;durao;29;32;700;30;3;0;332;99;passou;0
zynara;3;feng_tu;32;35;1120;68;0;0;157;519;passou;0
zynara;3;shendilavri;35;37;875;74;0;0;255;245;passou;0
zynara;3;goranthis;37;39;812;47;0;0;326;151;passou;0
zynara;3;pilares;39;41;492;0;1;0;364;-1;morreu@492s;0
zynara;4;dagruve;1;4;123;0;64;20;36;-1;morreu@123s;0
bromnor;1;dagruve;1;13;1521;57;0;0;127;1221;passou;1
bromnor;1;docas;13;16;443;75;0;0;43;142;passou;1
bromnor;1;shedaklah;16;23;2241;0;10;3;593;-1;morreu@2241s;1
bromnor;2;dagruve;1;12;1187;79;0;0;100;887;passou;1
bromnor;2;docas;12;17;354;95;0;0;17;53;passou;1
bromnor;2;shedaklah;17;26;1763;52;0;0;169;1223;passou;1
bromnor;2;molor;26;30;1327;71;0;0;182;756;passou;1
bromnor;2;durao;30;34;680;86;0;0;25;79;passou;1
bromnor;2;feng_tu;34;37;3689;74;0;0;539;-1;cap_tempo;1
bromnor;3;dagruve;1;13;2062;82;0;0;180;1761;passou;1
bromnor;3;docas;13;17;493;86;0;0;49;192;passou;1
bromnor;3;shedaklah;17;21;801;0;13;7;190;-1;morreu@801s;1
bromnor;4;dagruve;1;10;588;45;6;0;69;287;passou;1
bromnor;4;docas;10;14;419;82;0;0;62;118;passou;1
bromnor;4;shedaklah;14;18;1061;0;152;37;278;-1;morreu@1061s;1
brook;1;dagruve;1;12;3361;84;0;0;69;3060;passou;1
brook;1;docas;12;13;640;100;0;0;0;339;passou;1
brook;1;shedaklah;13;22;3580;53;0;0;370;3039;passou;1
brook;1;molor;22;25;1419;72;0;0;79;-1;cap_tempo;1
brook;2;dagruve;1;5;529;0;203;108;66;-1;morreu@529s;1
brook;3;dagruve;1;10;1357;49;1;0;167;1056;passou;1
brook;3;docas;10;12;688;88;0;0;46;387;passou;1
brook;3;shedaklah;12;24;4275;60;0;0;466;3735;passou;1
brook;3;molor;24;30;707;79;0;0;79;136;passou;1
brook;3;durao;30;34;665;64;0;0;127;64;passou;1
brook;3;feng_tu;34;37;1308;56;0;0;351;-1;cap_tempo;1
brook;4;dagruve;1;8;993;0;300;34;88;-1;morreu@993s;1
durvall;1;dagruve;1;4;63;0;8;2;46;-1;morreu@63s;1
durvall;2;dagruve;1;5;284;0;151;121;46;-1;morreu@284s;1
durvall;3;dagruve;1;10;907;34;63;0;200;606;passou;1
durvall;3;docas;10;13;711;71;0;0;148;410;passou;1
durvall;3;shedaklah;13;23;2256;2;18;3;893;1715;passou;1
durvall;3;molor;23;29;1274;0;10;1;662;-1;morreu@1273s;1
durvall;4;dagruve;1;12;2346;0;325;38;709;-1;morreu@2346s;1
kayron;1;dagruve;1;6;127;0;75;45;52;-1;morreu@127s;1
kayron;2;dagruve;1;11;729;79;0;0;33;428;passou;1
kayron;2;docas;11;16;367;100;0;0;0;66;passou;1
kayron;2;shedaklah;16;27;1238;59;0;0;58;697;passou;1
kayron;2;molor;27;32;757;74;0;0;20;186;passou;1
kayron;2;durao;32;36;624;84;0;0;24;23;passou;1
kayron;2;feng_tu;36;38;615;62;0;0;74;14;passou;1
kayron;2;shendilavri;38;41;684;84;0;0;69;53;passou;1
kayron;2;goranthis;41;44;691;55;0;0;132;30;passou;1
kayron;2;pilares;44;53;1261;0;0;0;634;0;morreu@458s;1
kayron;3;dagruve;1;7;362;0;315;246;54;-1;morreu@362s;1
kayron;4;dagruve;1;12;327;28;74;0;96;26;passou;1
kayron;4;docas;12;17;313;83;0;0;68;12;passou;1
kayron;4;shedaklah;17;25;556;79;0;0;81;15;passou;1
kayron;4;molor;25;30;595;55;0;0;373;24;passou;1
kayron;4;durao;30;34;608;42;1;0;117;7;passou;1
kayron;4;feng_tu;34;36;631;86;0;0;27;31;passou;1
kayron;4;shendilavri;36;39;671;54;0;0;195;41;passou;1
kayron;4;goranthis;39;44;714;60;0;0;342;53;passou;1
kayron;4;pilares;44;46;260;0;63;16;438;-1;morreu@260s;1
korrak;1;dagruve;1;10;379;79;0;0;44;78;passou;1
korrak;1;docas;10;13;473;94;0;0;7;172;passou;1
korrak;1;shedaklah;13;19;993;69;0;0;85;453;passou;1
korrak;1;molor;19;30;7155;74;0;0;978;-1;cap_tempo;1
korrak;2;dagruve;1;12;622;74;0;0;122;321;passou;1
korrak;2;docas;12;17;356;88;0;0;54;55;passou;1
korrak;2;shedaklah;17;26;2149;85;0;0;87;1608;passou;1
korrak;2;molor;26;28;615;72;0;0;72;44;passou;1
korrak;2;durao;28;32;618;49;0;0;116;17;passou;1
korrak;2;feng_tu;32;34;1741;74;0;0;220;1140;passou;1
korrak;2;shendilavri;34;38;2900;13;14;1;2216;-1;cap_tempo;1
korrak;3;dagruve;1;13;774;76;0;0;209;473;passou;1
korrak;3;docas;13;16;435;90;0;0;28;135;passou;1
korrak;3;shedaklah;16;23;1135;77;0;0;230;594;passou;1
korrak;3;molor;23;28;1188;53;0;0;1073;617;passou;1
korrak;3;durao;28;32;761;33;4;0;1101;161;passou;1
korrak;3;feng_tu;32;38;4707;31;3;0;5722;-1;cap_tempo;1
korrak;4;dagruve;1;11;775;79;0;0;135;474;passou;1
korrak;4;docas;11;15;392;89;0;0;73;91;passou;1
korrak;4;shedaklah;15;23;1645;77;0;0;331;1104;passou;1
korrak;4;molor;23;28;1119;81;0;0;201;548;passou;1
korrak;4;durao;28;31;819;89;0;0;58;219;passou;1
korrak;4;feng_tu;31;33;667;83;0;0;65;66;passou;1
korrak;4;shendilavri;33;36;2200;63;0;0;733;1569;passou;1
korrak;4;goranthis;36;40;1382;53;0;0;882;-1;cap_tempo;1
leoric;1;dagruve;1;3;77;0;38;1;40;-1;morreu@77s;1
leoric;2;dagruve;1;6;208;0;58;17;67;-1;morreu@208s;1
leoric;3;dagruve;1;8;371;0;44;2;61;-1;morreu@371s;1
leoric;4;dagruve;1;6;183;0;36;1;50;-1;morreu@183s;1
maelor;1;dagruve;1;2;50;0;3;1;49;-1;morreu@50s;1
maelor;2;dagruve;1;12;337;73;0;0;62;36;passou;1
maelor;2;docas;12;17;322;67;0;0;75;21;passou;1
maelor;2;shedaklah;17;25;606;56;0;0;291;65;passou;1
maelor;2;molor;25;27;243;0;67;41;234;-1;morreu@243s;1
maelor;3;dagruve;1;12;326;35;7;0;96;25;passou;1
maelor;3;docas;12;18;312;77;0;0;38;11;passou;1
maelor;3;shedaklah;18;24;591;81;0;0;67;50;passou;1
maelor;3;molor;24;27;375;0;1;1;172;-1;morreu@375s;1
maelor;4;dagruve;1;12;368;60;0;0;92;68;passou;1
maelor;4;docas;12;16;374;88;0;0;22;73;passou;1
maelor;4;shedaklah;16;21;606;75;0;0;46;65;passou;1
maelor;4;molor;21;27;631;93;0;0;10;60;passou;1
maelor;4;durao;27;33;644;71;0;0;148;43;passou;1
maelor;4;feng_tu;33;36;673;74;0;0;170;72;passou;1
maelor;4;shendilavri;36;40;1005;49;0;0;526;374;passou;1
maelor;4;goranthis;40;42;794;0;9;5;528;-1;morreu@794s;1
nyrelia;1;dagruve;1;4;217;0;112;44;40;-1;morreu@217s;1
nyrelia;2;dagruve;1;1;82;0;32;30;40;-1;morreu@82s;1
nyrelia;3;dagruve;1;13;2946;35;71;0;689;2645;passou;1
nyrelia;3;docas;13;15;764;79;0;0;126;463;passou;1
nyrelia;3;shedaklah;15;16;67;0;19;8;92;-1;morreu@67s;1
nyrelia;4;dagruve;1;10;559;0;311;27;87;-1;morreu@559s;1
sylas;1;dagruve;1;11;349;0;229;122;46;-1;morreu@349s;1
sylas;2;dagruve;1;13;338;20;56;3;50;37;passou;1
sylas;2;docas;13;18;360;82;0;0;48;59;passou;1
sylas;2;shedaklah;18;25;1002;70;0;0;259;461;passou;1
sylas;2;molor;25;32;1868;0;30;12;1273;-1;morreu@1868s;1
sylas;3;dagruve;1;11;241;0;115;29;52;-1;morreu@241s;1
sylas;4;dagruve;1;13;339;62;0;0;110;38;passou;1
sylas;4;docas;13;17;397;67;0;0;96;96;passou;1
sylas;4;shedaklah;17;18;198;0;6;3;152;-1;morreu@198s;1
zynara;1;dagruve;1;5;141;0;97;26;42;-1;morreu@141s;1
zynara;2;dagruve;1;11;597;33;21;0;121;296;passou;1
zynara;2;docas;11;15;663;53;0;0;118;362;passou;1
zynara;2;shedaklah;15;22;2235;0;178;44;899;-1;morreu@2235s;1
zynara;3;dagruve;1;10;612;34;166;0;120;312;passou;1
zynara;3;docas;10;16;341;66;0;0;101;40;passou;1
zynara;3;shedaklah;16;25;968;69;0;0;305;427;passou;1
zynara;3;molor;25;31;764;66;0;0;263;194;passou;1
zynara;3;durao;31;36;637;86;0;0;19;36;passou;1
zynara;3;feng_tu;36;38;633;29;0;0;80;32;passou;1
zynara;3;shendilavri;38;39;722;29;0;0;374;92;passou;1
zynara;3;goranthis;39;43;1072;6;3;1;1091;411;passou;1
zynara;3;pilares;43;44;537;0;0;0;235;-1;morreu@537s;1
zynara;4;dagruve;1;10;473;47;1;0;80;172;passou;1
zynara;4;docas;10;15;404;67;0;0;87;103;passou;1
zynara;4;shedaklah;15;22;767;51;0;0;188;226;passou;1
zynara;4;molor;22;27;874;28;16;0;603;303;passou;1
zynara;4;durao;27;30;696;42;0;0;324;95;passou;1
zynara;4;feng_tu;30;34;1002;34;1;0;819;401;passou;1
zynara;4;shendilavri;34;37;1648;1;11;2;1906;1017;passou;1
zynara;4;goranthis;37;38;423;0;1;0;575;-1;morreu@423s;1
