CSV;m0;tou_um_caminho;bromnor;1;dagruve;1;11;1936;81;165;passou
CSV;m0;tou_um_caminho;bromnor;1;docas;11;14;868;0;135;passou
CSV;m0;tou_um_caminho;bromnor;1;shedaklah;14;14;169;0;90;morreu
KIND;m0;tou_um_caminho;bromnor;1;0;0;22
CSV;m0;tou_um_caminho;bromnor;2;dagruve;1;13;2865;61;370;passou
CSV;m0;tou_um_caminho;bromnor;2;docas;13;16;490;0;96;morreu
KIND;m0;tou_um_caminho;bromnor;2;0;0;27
CSV;m0;tou_um_caminho;bromnor;3;dagruve;1;12;1200;82;97;passou
CSV;m0;tou_um_caminho;bromnor;3;docas;12;16;643;77;94;passou
CSV;m0;tou_um_caminho;bromnor;3;shedaklah;16;20;794;0;151;morreu
KIND;m0;tou_um_caminho;bromnor;3;0;0;21
CSV;m0;tou_um_caminho;bromnor;4;dagruve;1;12;809;68;64;passou
CSV;m0;tou_um_caminho;bromnor;4;docas;12;16;503;60;81;passou
CSV;m0;tou_um_caminho;bromnor;4;shedaklah;16;23;842;22;277;passou
CSV;m0;tou_um_caminho;bromnor;4;molor;23;27;1057;0;538;morreu
KIND;m0;tou_um_caminho;bromnor;4;0;0;25
CSV;m0;tou_um_caminho;bromnor;5;dagruve;1;14;2128;61;268;passou
CSV;m0;tou_um_caminho;bromnor;5;docas;14;16;740;71;97;passou
CSV;m0;tou_um_caminho;bromnor;5;shedaklah;16;19;1014;0;230;morreu
KIND;m0;tou_um_caminho;bromnor;5;0;0;31
CSV;m0;tou_um_caminho;bromnor;6;dagruve;1;14;2885;57;423;passou
CSV;m0;tou_um_caminho;bromnor;6;docas;14;16;1270;28;209;passou
CSV;m0;tou_um_caminho;bromnor;6;shedaklah;16;19;2456;0;411;morreu
KIND;m0;tou_um_caminho;bromnor;6;0;0;53
CSV;m1;tou_um_caminho;bromnor;1;dagruve;1;11;665;82;54;passou
CSV;m1;tou_um_caminho;bromnor;1;docas;11;15;600;60;75;passou
CSV;m1;tou_um_caminho;bromnor;1;shedaklah;15;22;636;58;140;passou
CSV;m1;tou_um_caminho;bromnor;1;molor;22;22;47;0;89;morreu
KIND;m1;tou_um_caminho;bromnor;1;0;0;15
CSV;m1;tou_um_caminho;bromnor;2;dagruve;1;12;1095;82;99;passou
CSV;m1;tou_um_caminho;bromnor;2;docas;12;17;435;84;32;passou
CSV;m1;tou_um_caminho;bromnor;2;shedaklah;17;23;1081;0;475;morreu
KIND;m1;tou_um_caminho;bromnor;2;0;0;21
CSV;m1;tou_um_caminho;bromnor;3;dagruve;1;13;491;88;33;passou
CSV;m1;tou_um_caminho;bromnor;3;docas;13;17;1415;0;350;morreu
KIND;m1;tou_um_caminho;bromnor;3;0;0;16
CSV;m1;tou_um_caminho;bromnor;4;dagruve;1;15;2416;72;316;passou
CSV;m1;tou_um_caminho;bromnor;4;docas;15;17;1086;68;68;passou
CSV;m1;tou_um_caminho;bromnor;4;shedaklah;17;19;749;0;135;morreu
KIND;m1;tou_um_caminho;bromnor;4;0;0;35
CSV;m1;tou_um_caminho;bromnor;5;dagruve;1;14;1858;66;230;passou
CSV;m1;tou_um_caminho;bromnor;5;docas;14;17;892;44;245;passou
CSV;m1;tou_um_caminho;bromnor;5;shedaklah;17;17;81;0;83;morreu
KIND;m1;tou_um_caminho;bromnor;5;0;0;22
CSV;m1;tou_um_caminho;bromnor;6;dagruve;1;13;2068;49;331;passou
CSV;m1;tou_um_caminho;bromnor;6;docas;13;15;510;0;177;morreu
KIND;m1;tou_um_caminho;bromnor;6;0;0;20
CSV;m0;tou_um_caminho;brook;1;dagruve;1;10;899;62;143;passou
CSV;m0;tou_um_caminho;brook;1;docas;10;15;1153;7;283;passou
CSV;m0;tou_um_caminho;brook;1;shedaklah;15;19;1907;0;705;morreu
KIND;m0;tou_um_caminho;brook;1;0;0;30
CSV;m0;tou_um_caminho;brook;2;dagruve;1;12;720;69;107;passou
CSV;m0;tou_um_caminho;brook;2;docas;12;15;399;75;65;passou
CSV;m0;tou_um_caminho;brook;2;shedaklah;15;15;40;0;58;morreu
KIND;m0;tou_um_caminho;brook;2;0;0;9
CSV;m0;tou_um_caminho;brook;3;dagruve;1;9;441;68;94;passou
CSV;m0;tou_um_caminho;brook;3;docas;9;17;935;1;352;passou
CSV;m0;tou_um_caminho;brook;3;shedaklah;17;21;985;0;492;morreu
KIND;m0;tou_um_caminho;brook;3;0;0;19
CSV;m0;tou_um_caminho;brook;4;dagruve;1;13;1824;21;408;passou
CSV;m0;tou_um_caminho;brook;4;docas;13;14;635;0;237;morreu
KIND;m0;tou_um_caminho;brook;4;0;0;20
CSV;m0;tou_um_caminho;brook;5;dagruve;1;13;2123;61;316;passou
CSV;m0;tou_um_caminho;brook;5;docas;13;14;117;0;87;morreu
KIND;m0;tou_um_caminho;brook;5;0;0;17
CSV;m0;tou_um_caminho;brook;6;dagruve;1;13;4236;4;1065;passou
CSV;m0;tou_um_caminho;brook;6;docas;13;14;1020;0;155;morreu
KIND;m0;tou_um_caminho;brook;6;0;0;43
CSV;m1;tou_um_caminho;brook;1;dagruve;1;13;1142;43;262;passou
CSV;m1;tou_um_caminho;brook;1;docas;13;13;123;0;87;morreu
KIND;m1;tou_um_caminho;brook;1;0;0;10
CSV;m1;tou_um_caminho;brook;2;dagruve;1;12;762;91;50;passou
CSV;m1;tou_um_caminho;brook;2;docas;12;15;126;0;78;morreu
KIND;m1;tou_um_caminho;brook;2;0;0;7
CSV;m1;tou_um_caminho;brook;3;dagruve;1;10;540;67;49;passou
CSV;m1;tou_um_caminho;brook;3;docas;10;11;75;0;54;morreu
KIND;m1;tou_um_caminho;brook;3;0;0;4
CSV;m1;tou_um_caminho;brook;4;dagruve;1;13;3281;12;840;passou
CSV;m1;tou_um_caminho;brook;4;docas;13;19;787;27;269;passou
CSV;m1;tou_um_caminho;brook;4;shedaklah;19;22;593;0;344;morreu
KIND;m1;tou_um_caminho;brook;4;0;0;36
CSV;m1;tou_um_caminho;brook;5;dagruve;1;14;1565;71;256;passou
CSV;m1;tou_um_caminho;brook;5;docas;14;15;216;0;90;morreu
KIND;m1;tou_um_caminho;brook;5;0;0;14
CSV;m1;tou_um_caminho;brook;6;dagruve;1;12;1361;57;252;passou
CSV;m1;tou_um_caminho;brook;6;docas;12;15;1108;54;239;passou
CSV;m1;tou_um_caminho;brook;6;shedaklah;15;18;988;0;324;morreu
KIND;m1;tou_um_caminho;brook;6;0;0;28
CSV;m0;tou_um_caminho;durvall;1;dagruve;1;9;1286;0;296;morreu
KIND;m0;tou_um_caminho;durvall;1;0;0;11
CSV;m0;tou_um_caminho;durvall;2;dagruve;1;5;174;0;81;morreu
KIND;m0;tou_um_caminho;durvall;2;0;0;1
CSV;m0;tou_um_caminho;durvall;3;dagruve;1;7;570;0;142;morreu
KIND;m0;tou_um_caminho;durvall;3;0;0;5
CSV;m0;tou_um_caminho;durvall;4;dagruve;1;10;1898;0;619;morreu
KIND;m0;tou_um_caminho;durvall;4;0;0;15
CSV;m0;tou_um_caminho;durvall;5;dagruve;1;10;368;74;40;passou
CSV;m0;tou_um_caminho;durvall;5;docas;10;12;112;0;150;morreu
KIND;m0;tou_um_caminho;durvall;5;0;0;3
CSV;m0;tou_um_caminho;durvall;6;dagruve;1;10;199;0;81;morreu
KIND;m0;tou_um_caminho;durvall;6;0;0;1
CSV;m1;tou_um_caminho;durvall;1;dagruve;1;3;57;0;51;morreu
KIND;m1;tou_um_caminho;durvall;1;0;0;0
CSV;m1;tou_um_caminho;durvall;2;dagruve;1;12;1690;0;431;morreu
KIND;m1;tou_um_caminho;durvall;2;0;0;13
CSV;m1;tou_um_caminho;durvall;3;dagruve;1;3;63;0;52;morreu
KIND;m1;tou_um_caminho;durvall;3;0;0;0
CSV;m1;tou_um_caminho;durvall;4;dagruve;1;9;1001;0;243;morreu
KIND;m1;tou_um_caminho;durvall;4;0;0;7
CSV;m1;tou_um_caminho;durvall;5;dagruve;1;13;1954;0;460;morreu
KIND;m1;tou_um_caminho;durvall;5;0;0;15
CSV;m1;tou_um_caminho;durvall;6;dagruve;1;12;2087;39;507;passou
CSV;m1;tou_um_caminho;durvall;6;docas;12;14;895;0;247;morreu
KIND;m1;tou_um_caminho;durvall;6;0;0;23
CSV;m0;tou_um_caminho;kayron;1;dagruve;1;9;447;54;96;passou
CSV;m0;tou_um_caminho;kayron;1;docas;9;15;417;0;214;morreu
KIND;m0;tou_um_caminho;kayron;1;0;0;7
CSV;m0;tou_um_caminho;kayron;2;dagruve;1;12;431;47;93;passou
CSV;m0;tou_um_caminho;kayron;2;docas;12;16;385;64;76;passou
CSV;m0;tou_um_caminho;kayron;2;shedaklah;16;16;45;0;51;morreu
KIND;m0;tou_um_caminho;kayron;2;0;0;6
CSV;m0;tou_um_caminho;kayron;3;dagruve;1;14;391;80;92;passou
CSV;m0;tou_um_caminho;kayron;3;docas;14;17;473;0;278;morreu
KIND;m0;tou_um_caminho;kayron;3;0;0;7
CSV;m0;tou_um_caminho;kayron;4;dagruve;1;14;1412;43;226;passou
CSV;m0;tou_um_caminho;kayron;4;docas;14;17;739;68;193;passou
CSV;m0;tou_um_caminho;kayron;4;shedaklah;17;22;1964;0;916;morreu
KIND;m0;tou_um_caminho;kayron;4;0;0;30
CSV;m0;tou_um_caminho;kayron;5;dagruve;1;11;416;49;85;passou
CSV;m0;tou_um_caminho;kayron;5;docas;11;16;420;34;152;passou
CSV;m0;tou_um_caminho;kayron;5;shedaklah;16;21;623;57;372;passou
CSV;m0;tou_um_caminho;kayron;5;molor;21;27;1242;0;834;morreu
KIND;m0;tou_um_caminho;kayron;5;0;0;19
CSV;m0;tou_um_caminho;kayron;6;dagruve;1;11;617;77;111;passou
CSV;m0;tou_um_caminho;kayron;6;docas;11;15;504;37;164;passou
CSV;m0;tou_um_caminho;kayron;6;shedaklah;15;18;676;0;221;morreu
KIND;m0;tou_um_caminho;kayron;6;0;0;14
CSV;m1;tou_um_caminho;kayron;1;dagruve;1;12;661;80;111;passou
CSV;m1;tou_um_caminho;kayron;1;docas;12;17;381;33;208;passou
CSV;m1;tou_um_caminho;kayron;1;shedaklah;17;23;1233;18;610;passou
CSV;m1;tou_um_caminho;kayron;1;molor;23;23;66;0;110;morreu
KIND;m1;tou_um_caminho;kayron;1;0;0;17
CSV;m1;tou_um_caminho;kayron;2;dagruve;1;12;590;46;82;passou
CSV;m1;tou_um_caminho;kayron;2;docas;12;13;119;0;65;morreu
KIND;m1;tou_um_caminho;kayron;2;0;0;4
CSV;m1;tou_um_caminho;kayron;3;dagruve;1;11;441;10;91;passou
CSV;m1;tou_um_caminho;kayron;3;docas;11;15;570;58;151;passou
CSV;m1;tou_um_caminho;kayron;3;shedaklah;15;22;1428;0;481;morreu
KIND;m1;tou_um_caminho;kayron;3;0;0;18
CSV;m1;tou_um_caminho;kayron;4;dagruve;1;12;669;61;150;passou
CSV;m1;tou_um_caminho;kayron;4;docas;12;16;605;3;365;passou
CSV;m1;tou_um_caminho;kayron;4;shedaklah;16;19;596;0;231;morreu
KIND;m1;tou_um_caminho;kayron;4;0;0;14
CSV;m1;tou_um_caminho;kayron;5;dagruve;1;9;317;25;75;passou
CSV;m1;tou_um_caminho;kayron;5;docas;9;15;384;0;161;morreu
KIND;m1;tou_um_caminho;kayron;5;0;0;5
CSV;m1;tou_um_caminho;kayron;6;dagruve;1;12;881;36;225;passou
CSV;m1;tou_um_caminho;kayron;6;docas;12;17;1123;41;246;passou
CSV;m1;tou_um_caminho;kayron;6;shedaklah;17;21;706;0;371;morreu
KIND;m1;tou_um_caminho;kayron;6;0;0;21
CSV;m0;tou_um_caminho;korrak;1;dagruve;1;11;642;77;112;passou
CSV;m0;tou_um_caminho;korrak;1;docas;11;15;743;71;179;passou
CSV;m0;tou_um_caminho;korrak;1;shedaklah;15;24;1785;15;1414;passou
CSV;m0;tou_um_caminho;korrak;1;molor;24;28;718;0;685;morreu
KIND;m0;tou_um_caminho;korrak;1;0;0;29
CSV;m0;tou_um_caminho;korrak;2;dagruve;1;13;936;60;291;passou
CSV;m0;tou_um_caminho;korrak;2;docas;13;16;762;51;266;passou
CSV;m0;tou_um_caminho;korrak;2;shedaklah;16;21;2347;0;956;morreu
KIND;m0;tou_um_caminho;korrak;2;0;0;31
CSV;m0;tou_um_caminho;korrak;3;dagruve;1;11;446;76;108;passou
CSV;m0;tou_um_caminho;korrak;3;docas;11;16;558;59;129;passou
CSV;m0;tou_um_caminho;korrak;3;shedaklah;16;19;812;0;461;morreu
KIND;m0;tou_um_caminho;korrak;3;0;0;13
CSV;m0;tou_um_caminho;korrak;4;dagruve;1;12;858;72;123;passou
CSV;m0;tou_um_caminho;korrak;4;docas;12;15;658;64;211;passou
CSV;m0;tou_um_caminho;korrak;4;shedaklah;15;20;1584;0;632;morreu
KIND;m0;tou_um_caminho;korrak;4;0;0;23
CSV;m0;tou_um_caminho;korrak;5;dagruve;1;12;397;66;163;passou
CSV;m0;tou_um_caminho;korrak;5;docas;12;13;128;0;78;morreu
KIND;m0;tou_um_caminho;korrak;5;0;0;4
CSV;m0;tou_um_caminho;korrak;6;dagruve;1;14;1859;4;815;passou
CSV;m0;tou_um_caminho;korrak;6;docas;14;17;802;29;315;passou
CSV;m0;tou_um_caminho;korrak;6;shedaklah;17;23;1809;0;2668;morreu
KIND;m0;tou_um_caminho;korrak;6;0;0;33
CSV;m1;tou_um_caminho;korrak;1;dagruve;1;11;863;58;191;passou
CSV;m1;tou_um_caminho;korrak;1;docas;11;15;670;61;167;passou
CSV;m1;tou_um_caminho;korrak;1;shedaklah;15;22;1402;0;623;morreu
KIND;m1;tou_um_caminho;korrak;1;0;0;21
CSV;m1;tou_um_caminho;korrak;2;dagruve;1;12;370;75;96;passou
CSV;m1;tou_um_caminho;korrak;2;docas;12;15;424;55;108;passou
CSV;m1;tou_um_caminho;korrak;2;shedaklah;15;19;527;0;359;morreu
KIND;m1;tou_um_caminho;korrak;2;0;0;11
CSV;m1;tou_um_caminho;korrak;3;dagruve;1;13;1313;72;365;passou
CSV;m1;tou_um_caminho;korrak;3;docas;13;15;418;57;159;passou
CSV;m1;tou_um_caminho;korrak;3;shedaklah;15;25;5310;2;3853;passou
CSV;m1;tou_um_caminho;korrak;3;molor;25;27;1389;0;833;morreu
KIND;m1;tou_um_caminho;korrak;3;0;0;60
CSV;m1;tou_um_caminho;korrak;4;dagruve;1;12;580;73;126;passou
CSV;m1;tou_um_caminho;korrak;4;docas;12;16;711;78;113;passou
CSV;m1;tou_um_caminho;korrak;4;shedaklah;16;22;1606;0;879;morreu
KIND;m1;tou_um_caminho;korrak;4;0;0;21
CSV;m1;tou_um_caminho;korrak;5;dagruve;1;11;442;31;170;passou
CSV;m1;tou_um_caminho;korrak;5;docas;11;15;415;48;301;passou
CSV;m1;tou_um_caminho;korrak;5;shedaklah;15;22;812;54;637;passou
CSV;m1;tou_um_caminho;korrak;5;molor;22;23;116;0;332;morreu
KIND;m1;tou_um_caminho;korrak;5;0;0;13
CSV;m1;tou_um_caminho;korrak;6;dagruve;1;9;380;60;107;passou
CSV;m1;tou_um_caminho;korrak;6;docas;9;15;426;59;178;passou
CSV;m1;tou_um_caminho;korrak;6;shedaklah;15;24;1617;44;871;passou
CSV;m1;tou_um_caminho;korrak;6;molor;24;29;1180;0;795;morreu
KIND;m1;tou_um_caminho;korrak;6;0;0;26
CSV;m0;tou_um_caminho;leoric;1;dagruve;1;15;492;30;181;passou
CSV;m0;tou_um_caminho;leoric;1;docas;15;19;688;34;242;passou
CSV;m0;tou_um_caminho;leoric;1;shedaklah;19;22;808;0;379;morreu
KIND;m0;tou_um_caminho;leoric;1;0;0;15
CSV;m0;tou_um_caminho;leoric;2;dagruve;1;12;646;81;78;passou
CSV;m0;tou_um_caminho;leoric;2;docas;12;16;753;37;274;passou
CSV;m0;tou_um_caminho;leoric;2;shedaklah;16;18;999;0;397;morreu
KIND;m0;tou_um_caminho;leoric;2;0;0;19
CSV;m0;tou_um_caminho;leoric;3;dagruve;1;15;1294;53;277;passou
CSV;m0;tou_um_caminho;leoric;3;docas;15;18;854;0;348;morreu
KIND;m0;tou_um_caminho;leoric;3;0;0;16
CSV;m0;tou_um_caminho;leoric;4;dagruve;1;11;502;59;93;passou
CSV;m0;tou_um_caminho;leoric;4;docas;11;15;570;38;297;passou
CSV;m0;tou_um_caminho;leoric;4;shedaklah;15;17;211;0;164;morreu
KIND;m0;tou_um_caminho;leoric;4;0;0;10
CSV;m0;tou_um_caminho;leoric;5;dagruve;1;10;358;67;52;passou
CSV;m0;tou_um_caminho;leoric;5;docas;10;15;445;14;191;passou
CSV;m0;tou_um_caminho;leoric;5;shedaklah;15;18;368;0;213;morreu
KIND;m0;tou_um_caminho;leoric;5;0;0;8
CSV;m0;tou_um_caminho;leoric;6;dagruve;1;12;933;46;259;passou
CSV;m0;tou_um_caminho;leoric;6;docas;12;13;152;0;90;morreu
KIND;m0;tou_um_caminho;leoric;6;0;0;9
CSV;m1;tou_um_caminho;leoric;1;dagruve;1;13;1017;42;260;passou
CSV;m1;tou_um_caminho;leoric;1;docas;13;16;688;0;203;morreu
KIND;m1;tou_um_caminho;leoric;1;0;0;13
CSV;m1;tou_um_caminho;leoric;2;dagruve;1;12;552;56;98;passou
CSV;m1;tou_um_caminho;leoric;2;docas;12;14;250;0;129;morreu
KIND;m1;tou_um_caminho;leoric;2;0;0;6
CSV;m1;tou_um_caminho;leoric;3;dagruve;1;12;491;67;71;passou
CSV;m1;tou_um_caminho;leoric;3;docas;12;14;208;0;80;morreu
KIND;m1;tou_um_caminho;leoric;3;0;0;5
CSV;m1;tou_um_caminho;leoric;4;dagruve;1;12;526;76;78;passou
CSV;m1;tou_um_caminho;leoric;4;docas;12;13;163;0;101;morreu
KIND;m1;tou_um_caminho;leoric;4;0;0;5
CSV;m1;tou_um_caminho;leoric;5;dagruve;1;12;473;11;179;passou
CSV;m1;tou_um_caminho;leoric;5;docas;12;17;487;7;136;passou
CSV;m1;tou_um_caminho;leoric;5;shedaklah;17;22;619;0;432;morreu
KIND;m1;tou_um_caminho;leoric;5;0;0;11
CSV;m1;tou_um_caminho;leoric;6;dagruve;1;10;528;72;113;passou
CSV;m1;tou_um_caminho;leoric;6;docas;10;17;1374;38;464;passou
CSV;m1;tou_um_caminho;leoric;6;shedaklah;17;19;903;0;316;morreu
KIND;m1;tou_um_caminho;leoric;6;0;0;22
CSV;m0;tou_um_caminho;maelor;1;dagruve;1;9;368;52;42;passou
CSV;m0;tou_um_caminho;maelor;1;docas;9;16;321;53;117;passou
CSV;m0;tou_um_caminho;maelor;1;shedaklah;16;23;895;39;316;passou
CSV;m0;tou_um_caminho;maelor;1;molor;23;26;665;0;410;morreu
KIND;m0;tou_um_caminho;maelor;1;0;0;17
CSV;m0;tou_um_caminho;maelor;2;dagruve;1;13;1826;65;422;passou
CSV;m0;tou_um_caminho;maelor;2;docas;13;16;889;0;342;morreu
KIND;m0;tou_um_caminho;maelor;2;0;0;21
CSV;m0;tou_um_caminho;maelor;3;dagruve;1;13;396;13;143;passou
CSV;m0;tou_um_caminho;maelor;3;docas;13;14;94;0;78;morreu
KIND;m0;tou_um_caminho;maelor;3;0;0;3
CSV;m0;tou_um_caminho;maelor;4;dagruve;1;2;46;0;39;morreu
KIND;m0;tou_um_caminho;maelor;4;0;0;0
CSV;m0;tou_um_caminho;maelor;5;dagruve;1;9;359;70;84;passou
CSV;m0;tou_um_caminho;maelor;5;docas;9;12;156;0;70;morreu
KIND;m0;tou_um_caminho;maelor;5;0;0;4
CSV;m0;tou_um_caminho;maelor;6;dagruve;1;14;1638;23;552;passou
CSV;m0;tou_um_caminho;maelor;6;docas;14;17;847;41;354;passou
CSV;m0;tou_um_caminho;maelor;6;shedaklah;17;18;495;0;371;morreu
KIND;m0;tou_um_caminho;maelor;6;0;0;22
CSV;m1;tou_um_caminho;maelor;1;dagruve;1;10;359;73;58;passou
CSV;m1;tou_um_caminho;maelor;1;docas;10;15;386;37;188;passou
CSV;m1;tou_um_caminho;maelor;1;shedaklah;15;19;206;0;192;morreu
KIND;m1;tou_um_caminho;maelor;1;0;0;7
CSV;m1;tou_um_caminho;maelor;2;dagruve;1;11;528;81;86;passou
CSV;m1;tou_um_caminho;maelor;2;docas;11;15;547;56;231;passou
CSV;m1;tou_um_caminho;maelor;2;shedaklah;15;21;811;0;450;morreu
KIND;m1;tou_um_caminho;maelor;2;0;0;15
CSV;m1;tou_um_caminho;maelor;3;dagruve;1;11;511;65;202;passou
CSV;m1;tou_um_caminho;maelor;3;docas;11;14;479;26;282;passou
CSV;m1;tou_um_caminho;maelor;3;shedaklah;14;16;447;0;360;morreu
KIND;m1;tou_um_caminho;maelor;3;0;0;11
CSV;m1;tou_um_caminho;maelor;4;dagruve;1;4;130;0;67;morreu
KIND;m1;tou_um_caminho;maelor;4;0;0;1
CSV;m1;tou_um_caminho;maelor;5;dagruve;1;12;364;57;165;passou
CSV;m1;tou_um_caminho;maelor;5;docas;12;16;464;29;145;passou
CSV;m1;tou_um_caminho;maelor;5;shedaklah;16;20;504;0;266;morreu
KIND;m1;tou_um_caminho;maelor;5;0;0;10
CSV;m1;tou_um_caminho;maelor;6;dagruve;1;11;378;82;59;passou
CSV;m1;tou_um_caminho;maelor;6;docas;11;16;761;36;229;passou
CSV;m1;tou_um_caminho;maelor;6;shedaklah;16;21;595;0;233;morreu
KIND;m1;tou_um_caminho;maelor;6;0;0;14
CSV;m0;tou_um_caminho;nyrelia;1;dagruve;1;9;463;0;115;morreu
KIND;m0;tou_um_caminho;nyrelia;1;0;0;4
CSV;m0;tou_um_caminho;nyrelia;2;dagruve;1;9;1217;0;295;morreu
KIND;m0;tou_um_caminho;nyrelia;2;0;0;9
CSV;m0;tou_um_caminho;nyrelia;3;dagruve;1;10;397;38;64;passou
CSV;m0;tou_um_caminho;nyrelia;3;docas;10;12;89;0;54;morreu
KIND;m0;tou_um_caminho;nyrelia;3;0;0;4
CSV;m0;tou_um_caminho;nyrelia;4;dagruve;1;1;42;0;33;morreu
KIND;m0;tou_um_caminho;nyrelia;4;0;0;0
CSV;m0;tou_um_caminho;nyrelia;5;dagruve;1;11;972;0;238;morreu
KIND;m0;tou_um_caminho;nyrelia;5;0;0;8
CSV;m0;tou_um_caminho;nyrelia;6;dagruve;1;2;136;0;48;morreu
KIND;m0;tou_um_caminho;nyrelia;6;0;0;1
CSV;m1;tou_um_caminho;nyrelia;1;dagruve;1;1;48;0;43;morreu
KIND;m1;tou_um_caminho;nyrelia;1;0;0;0
CSV;m1;tou_um_caminho;nyrelia;2;dagruve;1;12;1534;0;316;morreu
KIND;m1;tou_um_caminho;nyrelia;2;0;0;11
CSV;m1;tou_um_caminho;nyrelia;3;dagruve;1;11;1816;46;362;passou
CSV;m1;tou_um_caminho;nyrelia;3;docas;11;13;760;0;208;morreu
KIND;m1;tou_um_caminho;nyrelia;3;0;0;21
CSV;m1;tou_um_caminho;nyrelia;4;dagruve;1;13;1442;60;217;passou
CSV;m1;tou_um_caminho;nyrelia;4;docas;13;18;2219;0;641;morreu
KIND;m1;tou_um_caminho;nyrelia;4;0;0;27
CSV;m1;tou_um_caminho;nyrelia;5;dagruve;1;11;1174;32;256;passou
CSV;m1;tou_um_caminho;nyrelia;5;docas;11;12;58;0;58;morreu
KIND;m1;tou_um_caminho;nyrelia;5;0;0;9
CSV;m1;tou_um_caminho;nyrelia;6;dagruve;1;13;1793;8;416;passou
CSV;m1;tou_um_caminho;nyrelia;6;docas;13;17;468;50;166;passou
CSV;m1;tou_um_caminho;nyrelia;6;shedaklah;17;17;63;0;128;morreu
KIND;m1;tou_um_caminho;nyrelia;6;0;0;20
CSV;m0;tou_um_caminho;sylas;1;dagruve;1;11;455;58;59;passou
CSV;m0;tou_um_caminho;sylas;1;docas;11;16;620;23;236;passou
CSV;m0;tou_um_caminho;sylas;1;shedaklah;16;19;826;0;391;morreu
KIND;m0;tou_um_caminho;sylas;1;0;0;15
CSV;m0;tou_um_caminho;sylas;2;dagruve;1;11;420;48;112;passou
CSV;m0;tou_um_caminho;sylas;2;docas;11;14;354;0;169;morreu
KIND;m0;tou_um_caminho;sylas;2;0;0;6
CSV;m0;tou_um_caminho;sylas;3;dagruve;1;12;356;64;53;passou
CSV;m0;tou_um_caminho;sylas;3;docas;12;13;185;0;68;morreu
KIND;m0;tou_um_caminho;sylas;3;0;0;3
CSV;m0;tou_um_caminho;sylas;4;dagruve;1;13;439;41;69;passou
CSV;m0;tou_um_caminho;sylas;4;docas;13;17;494;53;108;passou
CSV;m0;tou_um_caminho;sylas;4;shedaklah;17;20;660;0;181;morreu
KIND;m0;tou_um_caminho;sylas;4;0;0;12
CSV;m0;tou_um_caminho;sylas;5;dagruve;1;11;371;54;76;passou
CSV;m0;tou_um_caminho;sylas;5;docas;11;11;67;0;52;morreu
KIND;m0;tou_um_caminho;sylas;5;0;0;3
CSV;m0;tou_um_caminho;sylas;6;dagruve;1;14;590;71;100;passou
CSV;m0;tou_um_caminho;sylas;6;docas;14;17;396;15;127;passou
CSV;m0;tou_um_caminho;sylas;6;shedaklah;17;21;740;0;332;morreu
KIND;m0;tou_um_caminho;sylas;6;0;0;14
CSV;m1;tou_um_caminho;sylas;1;dagruve;1;14;327;22;101;passou
CSV;m1;tou_um_caminho;sylas;1;docas;14;18;346;50;207;passou
CSV;m1;tou_um_caminho;sylas;1;shedaklah;18;18;44;0;69;morreu
KIND;m1;tou_um_caminho;sylas;1;0;0;5
CSV;m1;tou_um_caminho;sylas;2;dagruve;1;11;383;54;97;passou
CSV;m1;tou_um_caminho;sylas;2;docas;11;15;427;58;127;passou
CSV;m1;tou_um_caminho;sylas;2;shedaklah;15;15;89;0;70;morreu
KIND;m1;tou_um_caminho;sylas;2;0;0;7
CSV;m1;tou_um_caminho;sylas;3;dagruve;1;13;329;19;62;passou
CSV;m1;tou_um_caminho;sylas;3;docas;13;17;405;43;126;passou
CSV;m1;tou_um_caminho;sylas;3;shedaklah;17;23;633;42;241;passou
CSV;m1;tou_um_caminho;sylas;3;molor;23;28;853;21;488;passou
KIND;m1;tou_um_caminho;sylas;3;0;0;15
CSV;m1;tou_um_caminho;sylas;4;dagruve;1;14;358;7;89;passou
CSV;m1;tou_um_caminho;sylas;4;docas;14;18;326;48;89;passou
CSV;m1;tou_um_caminho;sylas;4;shedaklah;18;25;587;1;370;passou
CSV;m1;tou_um_caminho;sylas;4;molor;25;26;61;0;78;morreu
KIND;m1;tou_um_caminho;sylas;4;0;0;10
CSV;m1;tou_um_caminho;sylas;5;dagruve;1;12;419;77;72;passou
CSV;m1;tou_um_caminho;sylas;5;docas;12;16;577;47;188;passou
CSV;m1;tou_um_caminho;sylas;5;shedaklah;16;24;1809;0;927;morreu
KIND;m1;tou_um_caminho;sylas;5;0;0;21
CSV;m1;tou_um_caminho;sylas;6;dagruve;1;12;401;19;198;passou
CSV;m1;tou_um_caminho;sylas;6;docas;12;13;204;0;85;morreu
KIND;m1;tou_um_caminho;sylas;6;0;0;5
CSV;m0;tou_um_caminho;zynara;1;dagruve;1;2;55;0;42;morreu
KIND;m0;tou_um_caminho;zynara;1;0;0;0
CSV;m0;tou_um_caminho;zynara;2;dagruve;1;11;346;27;80;passou
CSV;m0;tou_um_caminho;zynara;2;docas;11;16;409;0;174;morreu
KIND;m0;tou_um_caminho;zynara;2;0;0;5
CSV;m0;tou_um_caminho;zynara;3;dagruve;1;13;1040;51;159;passou
CSV;m0;tou_um_caminho;zynara;3;docas;13;17;819;45;194;passou
CSV;m0;tou_um_caminho;zynara;3;shedaklah;17;20;734;0;376;morreu
KIND;m0;tou_um_caminho;zynara;3;0;0;19
CSV;m0;tou_um_caminho;zynara;4;dagruve;1;13;1390;43;322;passou
CSV;m0;tou_um_caminho;zynara;4;docas;13;16;785;33;271;passou
CSV;m0;tou_um_caminho;zynara;4;shedaklah;16;22;685;55;283;passou
CSV;m0;tou_um_caminho;zynara;4;molor;22;28;1320;0;787;morreu
KIND;m0;tou_um_caminho;zynara;4;0;0;31
CSV;m0;tou_um_caminho;zynara;5;dagruve;1;13;1701;22;270;passou
CSV;m0;tou_um_caminho;zynara;5;docas;13;15;404;0;67;morreu
KIND;m0;tou_um_caminho;zynara;5;0;0;15
CSV;m0;tou_um_caminho;zynara;6;dagruve;1;13;1250;60;194;passou
CSV;m0;tou_um_caminho;zynara;6;docas;13;16;823;12;296;passou
CSV;m0;tou_um_caminho;zynara;6;shedaklah;16;17;721;0;121;morreu
KIND;m0;tou_um_caminho;zynara;6;0;0;22
CSV;m1;tou_um_caminho;zynara;1;dagruve;1;10;495;64;78;passou
CSV;m1;tou_um_caminho;zynara;1;docas;10;16;569;55;213;passou
CSV;m1;tou_um_caminho;zynara;1;shedaklah;16;21;823;0;225;morreu
KIND;m1;tou_um_caminho;zynara;1;0;0;15
CSV;m1;tou_um_caminho;zynara;2;dagruve;1;14;1556;8;259;passou
CSV;m1;tou_um_caminho;zynara;2;docas;14;17;992;46;180;passou
CSV;m1;tou_um_caminho;zynara;2;shedaklah;17;18;809;0;178;morreu
KIND;m1;tou_um_caminho;zynara;2;0;0;26
CSV;m1;tou_um_caminho;zynara;3;dagruve;1;12;558;23;128;passou
CSV;m1;tou_um_caminho;zynara;3;docas;12;15;409;0;164;morreu
KIND;m1;tou_um_caminho;zynara;3;0;0;7
CSV;m1;tou_um_caminho;zynara;4;dagruve;1;7;157;0;97;morreu
KIND;m1;tou_um_caminho;zynara;4;0;0;1
CSV;m1;tou_um_caminho;zynara;5;dagruve;1;12;433;55;60;passou
CSV;m1;tou_um_caminho;zynara;5;docas;12;15;617;26;113;passou
CSV;m1;tou_um_caminho;zynara;5;shedaklah;15;18;652;0;222;morreu
KIND;m1;tou_um_caminho;zynara;5;0;0;13
CSV;m1;tou_um_caminho;zynara;6;dagruve;1;4;59;0;46;morreu
KIND;m1;tou_um_caminho;zynara;6;0;0;0
