CSV;m0;tou_um_caminho;bromnor;1;dagruve;1;12;2048;75;201;passou
CSV;m0;tou_um_caminho;bromnor;1;docas;12;16;1015;61;87;passou
CSV;m0;tou_um_caminho;bromnor;1;shedaklah;16;17;823;0;225;morreu
KIND;m0;tou_um_caminho;bromnor;1;0;0;29
CSV;m0;tou_um_caminho;bromnor;2;dagruve;1;13;2865;59;372;passou
CSV;m0;tou_um_caminho;bromnor;2;docas;13;16;490;0;96;morreu
KIND;m0;tou_um_caminho;bromnor;2;0;0;27
CSV;m0;tou_um_caminho;bromnor;3;dagruve;1;12;1200;81;98;passou
CSV;m0;tou_um_caminho;bromnor;3;docas;12;16;643;77;94;passou
CSV;m0;tou_um_caminho;bromnor;3;shedaklah;16;20;794;0;151;morreu
KIND;m0;tou_um_caminho;bromnor;3;0;0;21
CSV;m0;tou_um_caminho;bromnor;4;dagruve;1;12;809;33;64;passou
CSV;m0;tou_um_caminho;bromnor;4;docas;12;16;503;55;81;passou
CSV;m0;tou_um_caminho;bromnor;4;shedaklah;16;23;842;14;277;passou
CSV;m0;tou_um_caminho;bromnor;4;molor;23;27;1057;0;535;morreu
KIND;m0;tou_um_caminho;bromnor;4;0;0;25
CSV;m0;tou_um_caminho;bromnor;5;dagruve;1;14;2128;61;270;passou
CSV;m0;tou_um_caminho;bromnor;5;docas;14;16;740;67;98;passou
CSV;m0;tou_um_caminho;bromnor;5;shedaklah;16;19;1014;0;228;morreu
KIND;m0;tou_um_caminho;bromnor;5;0;0;31
CSV;m0;tou_um_caminho;bromnor;6;dagruve;1;14;2885;56;427;passou
CSV;m0;tou_um_caminho;bromnor;6;docas;14;16;1270;25;210;passou
CSV;m0;tou_um_caminho;bromnor;6;shedaklah;16;19;2456;0;411;morreu
KIND;m0;tou_um_caminho;bromnor;6;0;0;53
CSV;m0;tou_um_caminho;brook;1;dagruve;1;5;506;0;54;morreu
KIND;m0;tou_um_caminho;brook;1;0;0;4
CSV;m0;tou_um_caminho;brook;2;dagruve;1;12;720;66;107;passou
CSV;m0;tou_um_caminho;brook;2;docas;12;15;424;56;119;passou
CSV;m0;tou_um_caminho;brook;2;shedaklah;15;21;1021;22;334;passou
CSV;m0;tou_um_caminho;brook;2;molor;21;21;108;0;107;morreu
KIND;m0;tou_um_caminho;brook;2;0;0;17
CSV;m0;tou_um_caminho;brook;3;dagruve;1;10;506;30;75;passou
CSV;m0;tou_um_caminho;brook;3;docas;10;17;680;55;197;passou
CSV;m0;tou_um_caminho;brook;3;shedaklah;17;21;683;0;359;morreu
KIND;m0;tou_um_caminho;brook;3;0;0;14
CSV;m0;tou_um_caminho;brook;4;dagruve;1;3;127;0;43;morreu
KIND;m0;tou_um_caminho;brook;4;0;0;1
CSV;m0;tou_um_caminho;brook;5;dagruve;1;13;2123;56;314;passou
CSV;m0;tou_um_caminho;brook;5;docas;13;13;94;0;60;morreu
KIND;m0;tou_um_caminho;brook;5;0;0;16
CSV;m0;tou_um_caminho;brook;6;dagruve;1;2;213;0;48;morreu
KIND;m0;tou_um_caminho;brook;6;0;0;2
CSV;m0;tou_um_caminho;durvall;1;dagruve;1;12;3218;10;616;passou
CSV;m0;tou_um_caminho;durvall;1;docas;12;12;83;0;49;morreu
KIND;m0;tou_um_caminho;durvall;1;0;0;25
CSV;m0;tou_um_caminho;durvall;2;dagruve;1;5;142;0;38;morreu
KIND;m0;tou_um_caminho;durvall;2;0;0;1
CSV;m0;tou_um_caminho;durvall;3;dagruve;1;6;412;0;60;morreu
KIND;m0;tou_um_caminho;durvall;3;0;0;3
CSV;m0;tou_um_caminho;durvall;4;dagruve;1;4;194;0;38;morreu
KIND;m0;tou_um_caminho;durvall;4;0;0;2
CSV;m0;tou_um_caminho;durvall;5;dagruve;1;11;752;68;157;passou
CSV;m0;tou_um_caminho;durvall;5;docas;11;15;709;58;209;passou
CSV;m0;tou_um_caminho;durvall;5;shedaklah;15;21;990;0;696;morreu
KIND;m0;tou_um_caminho;durvall;5;0;0;19
CSV;m0;tou_um_caminho;durvall;6;dagruve;1;5;174;0;51;morreu
KIND;m0;tou_um_caminho;durvall;6;0;0;1
CSV;m0;tou_um_caminho;kayron;1;dagruve;1;9;447;18;96;passou
CSV;m0;tou_um_caminho;kayron;1;docas;9;11;113;0;71;morreu
KIND;m0;tou_um_caminho;kayron;1;0;0;5
CSV;m0;tou_um_caminho;kayron;2;dagruve;1;6;149;0;40;morreu
KIND;m0;tou_um_caminho;kayron;2;0;0;1
CSV;m0;tou_um_caminho;kayron;3;dagruve;1;13;326;66;129;passou
CSV;m0;tou_um_caminho;kayron;3;docas;13;17;457;44;174;passou
CSV;m0;tou_um_caminho;kayron;3;shedaklah;17;17;58;0;91;morreu
KIND;m0;tou_um_caminho;kayron;3;0;0;5
CSV;m0;tou_um_caminho;kayron;4;dagruve;1;5;165;0;38;morreu
KIND;m0;tou_um_caminho;kayron;4;0;0;1
CSV;m0;tou_um_caminho;kayron;5;dagruve;1;11;416;36;85;passou
CSV;m0;tou_um_caminho;kayron;5;docas;11;16;420;34;152;passou
CSV;m0;tou_um_caminho;kayron;5;shedaklah;16;21;623;57;373;passou
CSV;m0;tou_um_caminho;kayron;5;molor;21;27;1242;0;833;morreu
KIND;m0;tou_um_caminho;kayron;5;0;0;19
CSV;m0;tou_um_caminho;kayron;6;dagruve;1;11;617;35;110;passou
CSV;m0;tou_um_caminho;kayron;6;docas;11;15;504;35;164;passou
CSV;m0;tou_um_caminho;kayron;6;shedaklah;15;15;97;0;54;morreu
KIND;m0;tou_um_caminho;kayron;6;0;0;9
CSV;m0;tou_um_caminho;korrak;1;dagruve;1;11;642;77;111;passou
CSV;m0;tou_um_caminho;korrak;1;docas;11;15;743;71;179;passou
CSV;m0;tou_um_caminho;korrak;1;shedaklah;15;24;1785;15;1414;passou
CSV;m0;tou_um_caminho;korrak;1;molor;24;28;718;0;685;morreu
KIND;m0;tou_um_caminho;korrak;1;0;0;29
CSV;m0;tou_um_caminho;korrak;2;dagruve;1;13;936;60;291;passou
CSV;m0;tou_um_caminho;korrak;2;docas;13;16;762;51;267;passou
CSV;m0;tou_um_caminho;korrak;2;shedaklah;16;21;2347;0;956;morreu
KIND;m0;tou_um_caminho;korrak;2;0;0;31
CSV;m0;tou_um_caminho;korrak;3;dagruve;1;11;446;76;108;passou
CSV;m0;tou_um_caminho;korrak;3;docas;11;16;558;59;129;passou
CSV;m0;tou_um_caminho;korrak;3;shedaklah;16;19;812;0;461;morreu
KIND;m0;tou_um_caminho;korrak;3;0;0;13
CSV;m0;tou_um_caminho;korrak;4;dagruve;1;13;1157;71;222;passou
CSV;m0;tou_um_caminho;korrak;4;docas;13;18;890;37;465;passou
CSV;m0;tou_um_caminho;korrak;4;shedaklah;18;22;1797;0;987;morreu
KIND;m0;tou_um_caminho;korrak;4;0;0;28
CSV;m0;tou_um_caminho;korrak;5;dagruve;1;12;397;65;164;passou
CSV;m0;tou_um_caminho;korrak;5;docas;12;13;128;0;77;morreu
KIND;m0;tou_um_caminho;korrak;5;0;0;4
CSV;m0;tou_um_caminho;korrak;6;dagruve;1;15;2065;21;814;passou
CSV;m0;tou_um_caminho;korrak;6;docas;15;17;549;69;165;passou
CSV;m0;tou_um_caminho;korrak;6;shedaklah;17;23;1902;0;1256;morreu
KIND;m0;tou_um_caminho;korrak;6;0;0;32
CSV;m0;tou_um_caminho;leoric;1;dagruve;1;9;119;0;40;morreu
KIND;m0;tou_um_caminho;leoric;1;0;0;1
CSV;m0;tou_um_caminho;leoric;2;dagruve;1;12;646;81;78;passou
CSV;m0;tou_um_caminho;leoric;2;docas;12;16;753;37;274;passou
CSV;m0;tou_um_caminho;leoric;2;shedaklah;16;18;999;0;397;morreu
KIND;m0;tou_um_caminho;leoric;2;0;0;19
CSV;m0;tou_um_caminho;leoric;3;dagruve;1;15;2330;41;461;passou
CSV;m0;tou_um_caminho;leoric;3;docas;15;19;1250;0;333;morreu
KIND;m0;tou_um_caminho;leoric;3;0;0;28
CSV;m0;tou_um_caminho;leoric;4;dagruve;1;6;197;0;34;morreu
KIND;m0;tou_um_caminho;leoric;4;0;0;1
CSV;m0;tou_um_caminho;leoric;5;dagruve;1;6;235;0;32;morreu
KIND;m0;tou_um_caminho;leoric;5;0;0;2
CSV;m0;tou_um_caminho;leoric;6;dagruve;1;12;933;34;260;passou
CSV;m0;tou_um_caminho;leoric;6;docas;12;13;152;0;90;morreu
KIND;m0;tou_um_caminho;leoric;6;0;0;9
CSV;m0;tou_um_caminho;maelor;1;dagruve;1;9;368;51;43;passou
CSV;m0;tou_um_caminho;maelor;1;docas;9;16;321;52;117;passou
CSV;m0;tou_um_caminho;maelor;1;shedaklah;16;23;895;37;314;passou
CSV;m0;tou_um_caminho;maelor;1;molor;23;26;665;0;410;morreu
KIND;m0;tou_um_caminho;maelor;1;0;0;17
CSV;m0;tou_um_caminho;maelor;2;dagruve;1;13;1826;65;425;passou
CSV;m0;tou_um_caminho;maelor;2;docas;13;16;889;0;342;morreu
KIND;m0;tou_um_caminho;maelor;2;0;0;21
CSV;m0;tou_um_caminho;maelor;3;dagruve;1;6;91;0;87;morreu
KIND;m0;tou_um_caminho;maelor;3;0;0;0
CSV;m0;tou_um_caminho;maelor;4;dagruve;1;2;46;0;39;morreu
KIND;m0;tou_um_caminho;maelor;4;0;0;0
CSV;m0;tou_um_caminho;maelor;5;dagruve;1;9;359;68;84;passou
CSV;m0;tou_um_caminho;maelor;5;docas;9;12;156;0;68;morreu
KIND;m0;tou_um_caminho;maelor;5;0;0;4
CSV;m0;tou_um_caminho;maelor;6;dagruve;1;11;516;74;105;passou
CSV;m0;tou_um_caminho;maelor;6;docas;11;16;855;5;375;passou
CSV;m0;tou_um_caminho;maelor;6;shedaklah;16;20;1259;0;653;morreu
KIND;m0;tou_um_caminho;maelor;6;0;0;19
CSV;m0;tou_um_caminho;nyrelia;1;dagruve;1;1;133;0;32;morreu
KIND;m0;tou_um_caminho;nyrelia;1;0;0;1
CSV;m0;tou_um_caminho;nyrelia;2;dagruve;1;3;219;0;32;morreu
KIND;m0;tou_um_caminho;nyrelia;2;0;0;2
CSV;m0;tou_um_caminho;nyrelia;3;dagruve;1;5;199;0;35;morreu
KIND;m0;tou_um_caminho;nyrelia;3;0;0;2
CSV;m0;tou_um_caminho;nyrelia;4;dagruve;1;1;42;0;32;morreu
KIND;m0;tou_um_caminho;nyrelia;4;0;0;0
CSV;m0;tou_um_caminho;nyrelia;5;dagruve;1;5;250;0;32;morreu
KIND;m0;tou_um_caminho;nyrelia;5;0;0;2
CSV;m0;tou_um_caminho;nyrelia;6;dagruve;1;2;133;0;36;morreu
KIND;m0;tou_um_caminho;nyrelia;6;0;0;1
CSV;m0;tou_um_caminho;sylas;1;dagruve;1;11;455;23;59;passou
CSV;m0;tou_um_caminho;sylas;1;docas;11;16;620;23;237;passou
CSV;m0;tou_um_caminho;sylas;1;shedaklah;16;19;826;0;392;morreu
KIND;m0;tou_um_caminho;sylas;1;0;0;15
CSV;m0;tou_um_caminho;sylas;2;dagruve;1;11;335;55;59;passou
CSV;m0;tou_um_caminho;sylas;2;docas;11;15;411;55;141;passou
CSV;m0;tou_um_caminho;sylas;2;shedaklah;15;20;820;0;419;morreu
KIND;m0;tou_um_caminho;sylas;2;0;0;13
CSV;m0;tou_um_caminho;sylas;3;dagruve;1;12;356;61;53;passou
CSV;m0;tou_um_caminho;sylas;3;docas;12;13;185;0;68;morreu
KIND;m0;tou_um_caminho;sylas;3;0;0;3
CSV;m0;tou_um_caminho;sylas;4;dagruve;1;7;180;0;42;morreu
KIND;m0;tou_um_caminho;sylas;4;0;0;1
CSV;m0;tou_um_caminho;sylas;5;dagruve;1;6;159;0;38;morreu
KIND;m0;tou_um_caminho;sylas;5;0;0;1
CSV;m0;tou_um_caminho;sylas;6;dagruve;1;6;182;0;38;morreu
KIND;m0;tou_um_caminho;sylas;6;0;0;1
CSV;m0;tou_um_caminho;zynara;1;dagruve;1;2;55;0;34;morreu
KIND;m0;tou_um_caminho;zynara;1;0;0;0
CSV;m0;tou_um_caminho;zynara;2;dagruve;1;3;74;0;36;morreu
KIND;m0;tou_um_caminho;zynara;2;0;0;0
CSV;m0;tou_um_caminho;zynara;3;dagruve;1;6;312;0;40;morreu
KIND;m0;tou_um_caminho;zynara;3;0;0;2
CSV;m0;tou_um_caminho;zynara;4;dagruve;1;13;1390;43;323;passou
CSV;m0;tou_um_caminho;zynara;4;docas;13;16;785;29;271;passou
CSV;m0;tou_um_caminho;zynara;4;shedaklah;16;22;685;54;284;passou
CSV;m0;tou_um_caminho;zynara;4;molor;22;28;1320;0;786;morreu
KIND;m0;tou_um_caminho;zynara;4;0;0;31
CSV;m0;tou_um_caminho;zynara;5;dagruve;1;6;292;0;36;morreu
KIND;m0;tou_um_caminho;zynara;5;0;0;2
CSV;m0;tou_um_caminho;zynara;6;dagruve;1;13;1250;15;194;passou
CSV;m0;tou_um_caminho;zynara;6;docas;13;16;823;9;297;passou
CSV;m0;tou_um_caminho;zynara;6;shedaklah;16;17;721;0;121;morreu
KIND;m0;tou_um_caminho;zynara;6;0;0;22
