CSV;0;4000;26.2;47.5;21.1;5.2;1.20;2.75;5.62;2.68
CSV;1;4000;22.5;47.0;23.8;6.7;1.18;3.20;6.82;2.97
CSV;2;4000;19.1;45.3;25.6;10.0;1.21;3.66;7.95;3.18
CSV;3;4000;16.9;43.8;28.7;10.7;1.23;4.15;9.36;3.23
CSV;4;4000;14.1;42.7;29.2;14.0;1.19;4.42;10.49;3.36
CSV;5;4000;10.3;43.0;31.0;15.7;1.18;4.88;11.39;3.37
CSV;6;4000;7.5;43.6;31.8;17.1;1.19;5.31;12.63;3.33
CSV;7;4000;6.0;40.6;33.5;19.9;1.21;5.83;13.90;3.31
CSV;8;4000;2.9;38.5;37.5;21.2;1.18;5.92;15.18;3.38
UNI;machado_de_xargath;arma;3;4.00
UNI;martelo_da_gloria;arma;2;2.00
UNI;lamina_da_digestao;arma;1;1.00
UNI;chicote_avarento;arma;1;4.00
UNI;cajado_dos_desejos;arma;4;3.00
UNI;colar_dos_tentaculos;amuleto;0;2.20
UNI;sopro_de_estrela;amuleto;4;2.00
UNI;ampulheta;amuleto;1;1.00
UNI;anel_resistencia_abissal;anel;2;4.00
UNI;anel_passagem_sombria;anel;3;4.00
UNI;aneis_de_grazzt;anel;5;5.00
UNI;manto_do_pantano;armadura;1;5.00
UNI;broche_celestial;amuleto;2;4.00
UNI;amuleto_da_luz;amuleto;2;3.40
UNI;luneta_de_korrak;anel;2;3.60
UNI;olho_de_ghaunadaur;amuleto;6;3.80
UNI;lasca_de_ailalore;anel;4;4.60
UNI;colar_runico_de_thalion;amuleto;3;4.00
